case_id,L,x1_0,x2_0,q0,rho,Q1,Q2,mean_distribution,mass_balance_error,diagonal_decomposition_error,tail_mass,classification,t1,t2,tv,R_peak,R_valley,peak_separation,score,candidate_peaks,dominant_early_positions,dominant_late_positions
p00_rho0p1,7,0,6,3.4999999999999998e-01,1.0000000000000001e-01,6.3636363636363630e-02,6.3636363636363624e-01,4.9245220683688139e+01,3.3089850304257595e-16,0.0000000000000000e+00,9.8964310885680561e-15,unimodal,19,,,0.0000000000000000e+00,1.0000000000000000e+00,0,0.0000000000000000e+00,19,0:5.896917e-02;1:4.491704e-02;2:1.731773e-02,
p00_rho0p2,7,0,6,3.4999999999999998e-01,2.0000000000000001e-01,1.1666666666666665e-01,5.8333333333333337e-01,4.6249557292257464e+01,2.8449465006019636e-16,0.0000000000000000e+00,9.7968258853320783e-15,unimodal,19,,,0.0000000000000000e+00,1.0000000000000000e+00,0,0.0000000000000000e+00,19,1:4.684699e-02;0:3.914410e-02;2:3.073922e-02,
p00_rho0p5,7,0,6,3.4999999999999998e-01,5.0000000000000000e-01,2.3333333333333331e-01,4.6666666666666662e-01,4.3659427741598066e+01,2.4980018054066022e-16,0.0000000000000000e+00,9.9975533705017553e-15,unimodal,19,,,0.0000000000000000e+00,1.0000000000000000e+00,0,0.0000000000000000e+00,19,2:3.773280e-02;1:3.363028e-02;3:3.024969e-02,
p00_rho1p0,7,0,6,3.4999999999999998e-01,1.0000000000000000e+00,3.4999999999999998e-01,3.4999999999999998e-01,4.3097594297317201e+01,3.5735303605122226e-16,0.0000000000000000e+00,9.8775804910120152e-15,unimodal,19,,,0.0000000000000000e+00,1.0000000000000000e+00,0,0.0000000000000000e+00,19,3:3.552071e-02;4:3.059757e-02;2:3.059757e-02,
p00_rho2p0,7,0,6,3.4999999999999998e-01,2.0000000000000000e+00,4.6666666666666662e-01,2.3333333333333331e-01,4.3659427741598044e+01,2.2551405187698492e-16,0.0000000000000000e+00,9.9975533705017521e-15,unimodal,19,,,0.0000000000000000e+00,1.0000000000000000e+00,0,0.0000000000000000e+00,19,4:3.773280e-02;5:3.363028e-02;3:3.024969e-02,
p00_rho5p0,7,0,6,3.4999999999999998e-01,5.0000000000000000e+00,5.8333333333333337e-01,1.1666666666666665e-01,4.6249557292257485e+01,1.7401444868392346e-16,0.0000000000000000e+00,9.7968258853320752e-15,unimodal,19,,,0.0000000000000000e+00,1.0000000000000000e+00,0,0.0000000000000000e+00,19,5:4.684699e-02;6:3.914410e-02;4:3.073922e-02,
p00_rho10p0,7,0,6,3.4999999999999998e-01,1.0000000000000000e+01,6.3636363636363635e-01,6.3636363636363630e-02,4.9245220683688281e+01,2.2204460492503131e-16,0.0000000000000000e+00,9.8964310885683701e-15,unimodal,19,,,0.0000000000000000e+00,1.0000000000000000e+00,0,0.0000000000000000e+00,19,6:5.896917e-02;5:4.491704e-02;4:1.731773e-02,
p01_rho0p1,7,6,0,3.4999999999999998e-01,1.0000000000000001e-01,6.3636363636363630e-02,6.3636363636363624e-01,4.9245220683688139e+01,2.3939183968479938e-16,0.0000000000000000e+00,9.8964310885680466e-15,unimodal,19,,,0.0000000000000000e+00,1.0000000000000000e+00,0,0.0000000000000000e+00,19,6:5.896917e-02;5:4.491704e-02;4:1.731773e-02,
p01_rho0p2,7,6,0,3.4999999999999998e-01,2.0000000000000001e-01,1.1666666666666665e-01,5.8333333333333337e-01,4.6249557292257485e+01,2.2204460492503131e-16,0.0000000000000000e+00,9.7968258853320752e-15,unimodal,19,,,0.0000000000000000e+00,1.0000000000000000e+00,0,0.0000000000000000e+00,19,5:4.684699e-02;6:3.914410e-02;4:3.073922e-02,
p01_rho0p5,7,6,0,3.4999999999999998e-01,5.0000000000000000e-01,2.3333333333333331e-01,4.6666666666666662e-01,4.3659427741598044e+01,2.2204460492503131e-16,0.0000000000000000e+00,9.9975533705017521e-15,unimodal,19,,,0.0000000000000000e+00,1.0000000000000000e+00,0,0.0000000000000000e+00,19,4:3.773280e-02;5:3.363028e-02;3:3.024969e-02,
p01_rho1p0,7,6,0,3.4999999999999998e-01,1.0000000000000000e+00,3.4999999999999998e-01,3.4999999999999998e-01,4.3097594297317201e+01,2.6714741530042829e-16,0.0000000000000000e+00,9.8775804910120152e-15,unimodal,19,,,0.0000000000000000e+00,1.0000000000000000e+00,0,0.0000000000000000e+00,19,3:3.552071e-02;4:3.059757e-02;2:3.059757e-02,
p01_rho2p0,7,6,0,3.4999999999999998e-01,2.0000000000000000e+00,4.6666666666666662e-01,2.3333333333333331e-01,4.3659427741598066e+01,2.2204460492503131e-16,0.0000000000000000e+00,9.9975533705017553e-15,unimodal,19,,,0.0000000000000000e+00,1.0000000000000000e+00,0,0.0000000000000000e+00,19,2:3.773280e-02;1:3.363028e-02;3:3.024969e-02,
p01_rho5p0,7,6,0,3.4999999999999998e-01,5.0000000000000000e+00,5.8333333333333337e-01,1.1666666666666665e-01,4.6249557292257464e+01,2.8275992658421956e-16,0.0000000000000000e+00,9.7968258853320783e-15,unimodal,19,,,0.0000000000000000e+00,1.0000000000000000e+00,0,0.0000000000000000e+00,19,1:4.684699e-02;0:3.914410e-02;2:3.073922e-02,
p01_rho10p0,7,6,0,3.4999999999999998e-01,1.0000000000000000e+01,6.3636363636363635e-01,6.3636363636363630e-02,4.9245220683688295e+01,3.3306690738754696e-16,0.0000000000000000e+00,9.8964310885683716e-15,unimodal,19,,,0.0000000000000000e+00,1.0000000000000000e+00,0,0.0000000000000000e+00,19,0:5.896917e-02;1:4.491704e-02;2:1.731773e-02,
p02_rho0p1,7,1,5,3.4999999999999998e-01,1.0000000000000001e-01,6.3636363636363630e-02,6.3636363636363624e-01,3.9600525382596921e+01,1.9775847626135601e-16,0.0000000000000000e+00,9.7975211755403260e-15,unimodal,9,,,0.0000000000000000e+00,1.0000000000000000e+00,0,0.0000000000000000e+00,9,1:8.427934e-02;2:4.508414e-02;0:1.208561e-02,
p02_rho0p2,7,1,5,3.4999999999999998e-01,2.0000000000000001e-01,1.1666666666666665e-01,5.8333333333333337e-01,3.8521407701968890e+01,1.9775847626135601e-16,0.0000000000000000e+00,9.7185295989687236e-15,unimodal,10,,,0.0000000000000000e+00,1.0000000000000000e+00,0,0.0000000000000000e+00,10,1:5.477275e-02;2:5.315267e-02;3:2.357223e-02,
p02_rho0p5,7,1,5,3.4999999999999998e-01,5.0000000000000000e-01,2.3333333333333331e-01,4.6666666666666662e-01,3.7420025246351194e+01,1.7867651802561113e-16,0.0000000000000000e+00,9.7660853752242141e-15,unimodal,11,,,0.0000000000000000e+00,1.0000000000000000e+00,0,0.0000000000000000e+00,11,2:4.445679e-02;3:3.935007e-02;1:3.056369e-02,
p02_rho1p0,7,1,5,3.4999999999999998e-01,1.0000000000000000e+00,3.4999999999999998e-01,3.4999999999999998e-01,3.7184915874678637e+01,2.5673907444456745e-16,0.0000000000000000e+00,9.8057291167241765e-15,unimodal,11,,,0.0000000000000000e+00,1.0000000000000000e+00,0,0.0000000000000000e+00,11,3:4.236602e-02;4:3.408813e-02;2:3.408813e-02,
p02_rho2p0,7,1,5,3.4999999999999998e-01,2.0000000000000000e+00,4.6666666666666662e-01,2.3333333333333331e-01,3.7420025246351209e+01,2.1857515797307769e-16,0.0000000000000000e+00,9.7660853752242141e-15,unimodal,11,,,0.0000000000000000e+00,1.0000000000000000e+00,0,0.0000000000000000e+00,11,4:4.445679e-02;3:3.935007e-02;5:3.056369e-02,
p02_rho5p0,7,1,5,3.4999999999999998e-01,5.0000000000000000e+00,5.8333333333333337e-01,1.1666666666666665e-01,3.8521407701968890e+01,1.9775847626135601e-16,0.0000000000000000e+00,9.7185295989687109e-15,unimodal,10,,,0.0000000000000000e+00,1.0000000000000000e+00,0,0.0000000000000000e+00,10,5:5.477275e-02;4:5.315267e-02;3:2.357223e-02,
p02_rho10p0,7,1,5,3.4999999999999998e-01,1.0000000000000000e+01,6.3636363636363635e-01,6.3636363636363630e-02,3.9600525382597020e+01,2.9490299091605721e-16,0.0000000000000000e+00,9.7975211755406353e-15,unimodal,9,,,0.0000000000000000e+00,1.0000000000000000e+00,0,0.0000000000000000e+00,9,5:8.427934e-02;4:4.508414e-02;6:1.208561e-02,
p03_rho0p1,7,5,1,3.4999999999999998e-01,1.0000000000000001e-01,6.3636363636363630e-02,6.3636363636363624e-01,3.9600525382596921e+01,1.6306400674181987e-16,0.0000000000000000e+00,9.7975211755403118e-15,unimodal,9,,,0.0000000000000000e+00,1.0000000000000000e+00,0,0.0000000000000000e+00,9,5:8.427934e-02;4:4.508414e-02;6:1.208561e-02,
p03_rho0p2,7,5,1,3.4999999999999998e-01,2.0000000000000001e-01,1.1666666666666665e-01,5.8333333333333337e-01,3.8521407701968890e+01,1.6653345369377348e-16,0.0000000000000000e+00,9.7185295989687109e-15,unimodal,10,,,0.0000000000000000e+00,1.0000000000000000e+00,0,0.0000000000000000e+00,10,5:5.477275e-02;4:5.315267e-02;3:2.357223e-02,
p03_rho0p5,7,5,1,3.4999999999999998e-01,5.0000000000000000e-01,2.3333333333333331e-01,4.6666666666666662e-01,3.7420025246351209e+01,1.7867651802561113e-16,0.0000000000000000e+00,9.7660853752242141e-15,unimodal,11,,,0.0000000000000000e+00,1.0000000000000000e+00,0,0.0000000000000000e+00,11,4:4.445679e-02;3:3.935007e-02;5:3.056369e-02,
p03_rho1p0,7,5,1,3.4999999999999998e-01,1.0000000000000000e+00,3.4999999999999998e-01,3.4999999999999998e-01,3.7184915874678637e+01,2.0816681711721685e-16,0.0000000000000000e+00,9.8057291167241765e-15,unimodal,11,,,0.0000000000000000e+00,1.0000000000000000e+00,0,0.0000000000000000e+00,11,3:4.236602e-02;4:3.408813e-02;2:3.408813e-02,
p03_rho2p0,7,5,1,3.4999999999999998e-01,2.0000000000000000e+00,4.6666666666666662e-01,2.3333333333333331e-01,3.7420025246351194e+01,2.0469737016526324e-16,0.0000000000000000e+00,9.7660853752242141e-15,unimodal,11,,,0.0000000000000000e+00,1.0000000000000000e+00,0,0.0000000000000000e+00,11,2:4.445679e-02;3:3.935007e-02;1:3.056369e-02,
p03_rho5p0,7,5,1,3.4999999999999998e-01,5.0000000000000000e+00,5.8333333333333337e-01,1.1666666666666665e-01,3.8521407701968890e+01,1.9775847626135601e-16,0.0000000000000000e+00,9.7185295989687251e-15,unimodal,10,,,0.0000000000000000e+00,1.0000000000000000e+00,0,0.0000000000000000e+00,10,1:5.477275e-02;2:5.315267e-02;3:2.357223e-02,
p03_rho10p0,7,5,1,3.4999999999999998e-01,1.0000000000000000e+01,6.3636363636363635e-01,6.3636363636363630e-02,3.9600525382597020e+01,1.7347234759768071e-16,0.0000000000000000e+00,9.7975211755406479e-15,unimodal,9,,,0.0000000000000000e+00,1.0000000000000000e+00,0,0.0000000000000000e+00,9,1:8.427934e-02;2:4.508414e-02;0:1.208561e-02,
