scan_name,case_id,corridor_halfwidth,bx,delta_core,delta_open,kappa_c2o,kappa_o2c,phase,t_peak1,t_valley,t_peak2,sep_peaks,left_edge_count,mem_edge_count,total_none,total_left_only,total_mem_only,total_both,late_window_name,late_none,late_left_only,late_mem_only,late_both,late_tau_left_prob,late_tau_left_mean_event_time,late_tau_left_mean_hit_time,late_tau_left_ratio,late_tau_left_early_mass,late_tau_left_late_mass,late_tau_left_no_exit_mass,late_tau_mem_prob,late_tau_mem_mean_event_time,late_tau_mem_mean_hit_time,late_tau_mem_ratio,late_tau_mem_early_mass,late_tau_mem_late_mass,late_tau_mem_no_exit_mass,survival_tail
width_bx,width_h0_bx_m0p16,0,-0.16,1.0,0.55,0.002,0.002,0,,,,0.0,10,100,0.5203561603554591,0.4008540914674919,0.005404617906933942,0.07338513027011523,late,0.9707672518486955,0.026490453907909873,0.00247547252107617,0.00026682172231839795,0.02675727563022868,21.196199471944567,321.43576319310876,0.06594225627348921,0.02675583126076619,1.444369462488132e-06,0.9732427243697713,0.0027422942433946093,201.07228347838526,321.43576319310876,0.6255442191029229,0.0009551139898434729,0.0017871802535511364,0.9972577057566054,0.9785578738986095
width_bx,width_h0_bx_m0p12,0,-0.12,1.0,0.55,0.002,0.002,1,457,1345,2060,0.617964533538936,10,100,0.39453955226109805,0.4538830579145471,0.0053994713381081486,0.1461779184862468,peak2,0.007106337594054512,0.7728799506001622,0.0013313606175729153,0.21868235118821025,0.9915623017884588,324.11992973062837,2060.0000051357015,0.15733977132163993,0.8788420265030276,0.11272027528543127,0.008437698211541167,0.2200137118058023,432.8961755564746,2060.0000051357015,0.21014377401807713,0.19482708658288386,0.025186625222918424,0.7799862881941977,0.8841269123456167
width_bx,width_h0_bx_m0p08,0,-0.08,1.0,0.55,0.002,0.002,1,364,1023,1823,0.5735062893081762,10,100,0.35630812353686014,0.44036984243597627,0.007136748965811728,0.196185285061352,peak2,0.023820468717742675,0.7249486724241389,0.003575319592007684,0.24765553926611075,0.9726042116903171,500.85755782820644,1823.0000652733827,0.2747435764644892,0.6680503889849722,0.3045538227053449,0.027395788309682922,0.25123085885813573,358.0559553068715,1823.0000652733827,0.19641028112260453,0.22381796171197704,0.027412897146158688,0.7487691411418642,0.6662708986738
width_bx,width_h0_bx_m0p04,0,-0.04,1.0,0.55,0.002,0.002,1,302,1203,2149,0.730328192961645,10,100,0.44369387635641494,0.36326165826231893,0.015817731946548255,0.1772267334347179,peak2,0.05770156000312129,0.6481334949462072,0.012049953555638926,0.2821149914950325,0.9302484864413244,799.4767880043353,2148.999964680874,0.37202270876866084,0.5155630272635765,0.4146854591777479,0.06975151355867559,0.2941649450506995,379.7427642002666,2148.999964680874,0.17670673356975056,0.258572862617052,0.03559208243364753,0.7058350549493004,0.39338021584828675
width_bx,width_h0_bx_p0p00,0,0.0,1.0,0.55,0.002,0.002,0,,,,0.0,10,100,0.7018213899246347,0.15151130724965675,0.083939629656126,0.06272767316958247,late,0.9360017854396743,0.04466755302585124,0.017879455043538453,0.0014512064909360729,0.04611875951678802,22.055155087677978,304.7008234253453,0.0723829848562313,0.04610060664257188,1.8152874216137427e-05,0.953881240483212,0.019330661534474814,180.38256472458923,304.7008234253453,0.5919989407865344,0.005417673845808713,0.013912987688666101,0.9806693384655252,0.12501721499232132
width_bx,width_h0_bx_p0p04,0,0.04,1.0,0.55,0.002,0.002,0,,,,0.0,10,100,0.7607900120329193,0.09740778124813615,0.13099814369113214,0.010804063027812382,late,0.9208966950138736,0.036475078533125004,0.0409358934373429,0.0016923330156584505,0.03816741154878396,20.804402800850507,302.98677148423695,0.06866439316454734,0.03814500728830057,2.2404260483388505e-05,0.961832588451216,0.042628226453001905,156.0828031688297,302.98677148423695,0.5151472534732429,0.01880742339687996,0.023820803056121945,0.9573717735469981,2.4911140045050954e-05
width_bx,width_h0_bx_p0p08,0,0.08,1.0,0.55,0.002,0.002,0,,,,0.0,10,100,0.8178548707760818,0.05630721916031938,0.12253156068337762,0.0033063493802211845,late,0.8844728290681536,0.022637215547734246,0.09127406914204073,0.0016158862420712814,0.0242531017898058,18.52116545461364,304.15306468264714,0.06089422598433653,0.02424098694138585,1.2114848419949448e-05,0.9757468982101942,0.09288995538411304,122.91000719541769,304.15306468264714,0.4041057660348148,0.06668275443648378,0.026207200947629267,0.907110044615887,1.8683224323216207e-11
width_bx,width_h1_bx_m0p16,1,-0.16,1.0,0.55,0.002,0.002,0,,,,0.0,10,100,0.2869258991052791,0.5885725908761495,0.0024787877237856743,0.12202272229478552,late,0.9703890441268259,0.028631625807463357,0.0008551491015280009,0.00012418096418254478,0.02875580677164641,23.967747844442837,322.8159504398261,0.07424585994523371,0.02875399592978925,1.8108418571582963e-06,0.9712441932283535,0.0009793300657105631,172.34628620087108,322.8159504398261,0.5338840474457812,0.0004411674599366747,0.0005381626057738884,0.9990206699342894,0.7897426686045934
width_bx,width_h1_bx_m0p12,1,-0.12,1.0,0.55,0.002,0.002,1,500,1284,1908,0.5378151260504201,10,100,0.2921653029384467,0.5537909762675202,0.003342600565506888,0.1507011202285262,peak2,0.035514410978895794,0.8064850569867186,0.002978886543696862,0.1550216454906889,0.9615067024774716,532.1827620892063,1908.0000988504585,0.27892176861512663,0.673590281072446,0.2879164214050256,0.03849329752252839,0.1580005320343961,492.9949628384177,1908.0000988504585,0.2583830908265884,0.13667415434329266,0.021326377691103432,0.8419994679656039,0.45960731132988597
width_bx,width_h1_bx_m0p08,1,-0.08,1.0,0.55,0.002,0.002,1,381,1059,1711,0.7044491525423728,10,100,0.37225198864099085,0.49036862224184985,0.005631795252325492,0.1317475938648339,peak2,0.08623887613350267,0.7782845170644714,0.0055423589861223095,0.12993424781590365,0.9082187648804472,751.8068550442443,1711.0000798442793,0.4393961542729252,0.36587536645578106,0.5423433984246662,0.09178123511955283,0.1354766068020371,399.3201974439208,1711.0000798442793,0.23338409047898087,0.11862658517952465,0.01685002162251245,0.8645233931979629,0.215181723833139
width_bx,width_h1_bx_m0p04,1,-0.04,1.0,0.55,0.002,0.002,0,,,,0.0,10,100,0.54828639839994,0.3555170359940932,0.011599953479283399,0.08459661212668348,late,0.9542716447874171,0.0423718003916315,0.0029493084609460837,0.0004072463600051556,0.04277904675163738,23.402257070412073,310.04392402944836,0.0754804569825703,0.04277373040198149,5.316349655885844e-06,0.9572209532483626,0.0033565548209513007,175.3635257818353,310.04392402944836,0.5656086515186121,0.0011613334551798917,0.002195221365771409,0.9966434451790487,0.10682320621241922
width_bx,width_h1_bx_p0p00,1,0.0,1.0,0.55,0.002,0.002,0,,,,0.0,10,100,0.8376967068161507,0.10423103344597325,0.03558878195999557,0.022483477777880397,late,0.9516351376906949,0.041875698452028494,0.005950216114673953,0.0005389477426026727,0.04241464619463181,22.40641092113855,304.23957236831455,0.07364726010728544,0.0424049608699157,9.6853247161105e-06,0.9575853538053682,0.0064891638572767375,170.98369150739313,304.23957236831455,0.5620034572636037,0.0020899367051183454,0.004399227152158392,0.9935108361427233,0.04177335842099303
width_bx,width_h1_bx_p0p04,1,0.04,1.0,0.55,0.002,0.002,0,,,,0.0,10,100,0.8993489532268598,0.049132307636046604,0.04865784845463615,0.0028608906824574066,late,0.9521240085133692,0.033047332095305075,0.014246738791422967,0.0005819205999026857,0.03362925269520809,20.88025109840035,301.77530902414145,0.06919138337036702,0.033617166067490524,1.2086627717566856e-05,0.9663707473047919,0.014828659391325825,153.60571981726292,301.77530902414145,0.5090069174777144,0.006559742465883329,0.008268916925442496,0.9851713406086742,5.973095812149822e-06
width_bx,width_h1_bx_p0p08,1,0.08,1.0,0.55,0.002,0.002,0,,,,0.0,10,100,0.928736336937612,0.026849886219082263,0.0436164341988761,0.0007973426444295846,late,0.947802083369058,0.01863587391211245,0.033077609922015555,0.00048443279681389533,0.01912030670892654,18.65720801391435,303.12955033448134,0.061548628278989895,0.019114177587340075,6.1291215864636706e-06,0.9808796932910735,0.03356204271882982,123.41986775715682,303.12955033448134,0.4071522146916129,0.023772229307066385,0.009789813411763437,0.9664379572811702,5.556335287446052e-12
width_bx,width_h2_bx_m0p16,2,-0.16,1.0,0.55,0.002,0.002,0,,,,0.0,10,100,0.2533731911883581,0.62971574616426,0.0021686848478762355,0.11474237779950573,late,0.9759291784042085,0.023523239527416882,0.000480789376006517,6.679269236814573e-05,0.02359003221978532,27.616001413462012,323.5380214737989,0.0853562783368212,0.023588394999577773,1.63722020754542e-06,0.9764099677802147,0.0005475820683746698,163.6126271176924,323.5380214737989,0.5056982989893887,0.00026319462963843277,0.000284387438736237,0.9994524179316253,0.6098318003667373
width_bx,width_h2_bx_m0p12,2,-0.12,1.0,0.55,0.002,0.002,1,529,1317,1881,0.5954635542831975,10,100,0.3133711205995638,0.5662950168093001,0.003448093090571709,0.11688576950056431,peak2,0.06340821144836532,0.8165521069210224,0.003841565279558554,0.11619811635105376,0.9327502232721457,625.8925424359596,1880.9999549940856,0.3327445812926283,0.5691191695005038,0.36363105377164195,0.06724977672785426,0.12003968163062143,532.2086754256919,1880.9999549940856,0.2829392281550402,0.10214234334908544,0.017897338281535988,0.8799603183693786,0.26028718912975013
width_bx,width_h2_bx_m0p08,2,-0.08,1.0,0.55,0.002,0.002,2,395,1080,1686,1.6331435800126501,10,100,0.4353321973866437,0.4714318877367877,0.005876108541719526,0.08735980633484922,peak2,0.13732449803041236,0.7749744947054753,0.0062051358845040434,0.08149587137960831,0.8564703660851519,835.054872627449,1685.9997736596652,0.49528765405161473,0.2576898655374571,0.5987805005476948,0.14352963391484808,0.08770100726411954,431.218130579691,1685.9997736596652,0.2557640501004814,0.0755086109647014,0.012192396299418137,0.9122989927358804,0.10223192971799522
width_bx,width_h2_bx_m0p04,2,-0.04,1.0,0.55,0.002,0.002,0,,,,0.0,10,100,0.6275801640577787,0.31145908271804,0.01048311158183296,0.05047764164234831,late,0.9645205339269135,0.033587911650789795,0.0016853869387380973,0.00020616748355863933,0.03379407913434894,26.7386969502387,310.87871426590607,0.08601006026861042,0.033790342907320615,3.736227028323935e-06,0.966205920865651,0.0018915544222967667,170.63535396555517,310.87871426590607,0.5488807889870659,0.0006865810087458286,0.001204973413550938,0.9981084455777033,0.053331165699083014
width_bx,width_h2_bx_p0p00,2,0.0,1.0,0.55,0.002,0.002,0,,,,0.0,10,100,0.8842013785014249,0.07961670763586289,0.02371777982987917,0.012464134032833123,late,0.9638247064391134,0.032505507863497464,0.0034061077342101603,0.0002636779631790801,0.03276918582667698,25.556055980659945,304.85374962942393,0.0838305450128973,0.032763377612597115,5.808214079867924e-06,0.967230814173323,0.0036697856973892896,168.7982312403462,304.85374962942393,0.5537023292169936,0.0012122851601799945,0.002457500537209295,0.9963302143026107,0.024815676004419834
width_bx,width_h2_bx_p0p04,2,0.04,1.0,0.55,0.002,0.002,0,,,,0.0,10,100,0.9357702997547725,0.03305876022748114,0.029766029896808373,0.0014049101209379963,late,0.9666397567697318,0.024972830331711913,0.008118300863285315,0.0002691120352709809,0.02524194236698316,23.774739139428004,301.944147220447,0.07873886398622676,0.02523540239985094,6.539967132217911e-06,0.9747580576330168,0.008387412898556375,153.71132051406872,301.944147220447,0.509072031794825,0.0036822774243744413,0.004705135474181934,0.9916125871014436,2.7601877281924304e-06
width_bx,width_h2_bx_p0p08,2,0.08,1.0,0.55,0.002,0.002,0,,,,0.0,10,100,0.956360921976359,0.017034446574607027,0.02624991457252142,0.00035471687651261323,late,0.9677574848820044,0.013423111522730504,0.01861693842050081,0.00020246517476439055,0.013625576697495043,21.25881788037719,303.01820712375036,0.07015689942253288,0.013622489371385186,3.0873261098567084e-06,0.9863744233025049,0.01881940359526539,125.12789710844253,303.01820712375036,0.41293854351577375,0.013138720114479956,0.005680683480785435,0.9811805964047347,2.952841176451155e-12
width_bx,width_h3_bx_m0p16,3,-0.16,1.0,0.55,0.002,0.002,0,,,,0.0,10,100,0.2569418306295807,0.6393424062576025,0.002256622001655777,0.10145914111116089,late,0.982027342586111,0.017619830877348634,0.0003131427348246354,3.9683801715715516e-05,0.01765951467906458,31.724521314189065,324.04487505831537,0.09790162954584576,0.017658036669849626,1.47800921495439e-06,0.9823404853209354,0.00035282653654035586,160.6506445305753,324.04487505831537,0.49576665732381814,0.00017364081662790866,0.0001791857199124472,0.9996471734634597,0.49154601040229373
width_bx,width_h3_bx_m0p12,3,-0.12,1.0,0.55,0.002,0.002,1,555,1342,1878,0.6765533111736128,10,100,0.3500456350157194,0.5545237977551992,0.003768670105130193,0.09166189712395115,peak2,0.09240089458935384,0.8117425001447347,0.004592719475618448,0.09126388579029285,0.9030063859351011,695.0839867037098,1877.9999749862336,0.37011927367507286,0.49591037044007447,0.4070960154950266,0.09699361406489893,0.09585660526591902,563.3813390990074,1877.9999749862336,0.29999006741367884,0.08030727084968996,0.015549334416229063,0.904143394734081,0.17118064863130658
width_bx,width_h3_bx_m0p08,3,-0.08,1.0,0.55,0.002,0.002,2,408,1091,1673,1.9491525423728813,10,100,0.49450839065289426,0.4366952174346784,0.0060851903719728335,0.06271120154045459,peak2,0.1812678281265903,0.7547239997027974,0.006633547775716642,0.05737462439489568,0.8120986240977623,877.9838268189736,1673.000804092701,0.5247958187892925,0.20079797684218104,0.6113006472555813,0.18790137590223766,0.06400817217061767,454.5755493727666,1673.000804092701,0.2717126903111629,0.05426210292025428,0.009746069250363393,0.9359918278293823,0.06048424485036506
width_bx,width_h3_bx_m0p04,3,-0.04,1.0,0.55,0.002,0.002,0,,,,0.0,10,100,0.6889003663454386,0.26729307509454153,0.009626546267034327,0.03418001229298545,late,0.9742604178494682,0.024470207942937767,0.0011506097795300865,0.00011876442806403938,0.024588972371002243,30.50412700660053,311.7190399972754,0.0978577600099986,0.024585861715449277,3.11065555296669e-06,0.9754110276289978,0.0012693742075941487,170.45553037615764,311.7190399972754,0.5468242503815215,0.00045760259258517027,0.0008117716150089784,0.9987306257924059,0.03195699414792191
width_bx,width_h3_bx_p0p00,3,0.0,1.0,0.55,0.002,0.002,0,,,,0.0,10,100,0.9136427424765696,0.060188377678061,0.018090773668206668,0.008078106177162748,late,0.9743645775623878,0.023156622614341735,0.0023323489256014433,0.00014645089766917983,0.02330307351201124,29.1332173825196,305.74257255379115,0.0952867542755892,0.023299018084517727,4.055427493512148e-06,0.9766969264879888,0.0024787998232706555,169.14385710573993,305.74257255379115,0.5532231108442754,0.0008128050652560471,0.0016659947580146084,0.9975212001767293,0.015979710691444663
width_bx,width_h3_bx_p0p04,3,0.04,1.0,0.55,0.002,0.002,0,,,,0.0,10,100,0.9557110337340164,0.02225604071445278,0.021218080913919,0.0008148446376117428,late,0.9771580352893234,0.01724797306959864,0.0054538787333287,0.00014011290774915093,0.017388085977347947,27.098012584971524,302.5956337611638,0.08955189553845234,0.01738439903449113,3.6869428568162e-06,0.982611914022652,0.00559399164107791,154.43998328057262,302.5956337611638,0.5103840440819803,0.0024725883294933267,0.0031214033115845832,0.9944060083589221,1.3424980297201423e-06
width_bx,width_h3_bx_p0p08,3,0.08,1.0,0.55,0.002,0.002,0,,,,0.0,10,100,0.9706120710356095,0.010755158466669933,0.018447749119177986,0.00018502137854252754,late,0.9788398314204048,0.008912641130080829,0.012152606263680525,9.492118583393274e-05,0.009007562315914847,24.29319840728512,303.22784469339206,0.08011532856373767,0.009005902813070095,1.65950284475129e-06,0.9909924376840852,0.012247527449514576,126.80489425626148,303.22784469339206,0.41818354242658645,0.008442997435520832,0.003804530013993744,0.9877524725504854,1.4969978726761037e-12
width_bx,width_h4_bx_m0p16,4,-0.16,1.0,0.55,0.002,0.002,0,,,,0.0,10,100,0.2739904581604625,0.6343328389159312,0.002543815992397184,0.08913288693120906,late,0.9868983644945445,0.01284642925742612,0.0002285168655535818,2.6689382475835676e-05,0.012873118639902151,36.07683506948445,324.43706468359994,0.11119825382672471,0.01287157211440826,1.546525493891296e-06,0.9871268813600979,0.0002552062480294209,159.46592769603157,324.43706468359994,0.491515751603619,0.00012675471938527916,0.00012845152864414175,0.9997447937519706,0.4114496939276495
width_bx,width_h4_bx_m0p12,4,-0.12,1.0,0.55,0.002,0.002,1,579,1366,1878,0.7212659633536924,10,100,0.3929949893944499,0.5290059920532227,0.004220299695201389,0.07377871885712592,peak2,0.12519924638500254,0.794466746981787,0.005516841991123124,0.07481716464208725,0.8692839116239424,746.0503377927539,1878.000062837768,0.39725788755588654,0.4405934070464456,0.42869050457749674,0.13071608837605764,0.0803340066332168,587.7744217614407,1878.000062837768,0.31297891485332496,0.0663884132697739,0.013945593363442893,0.9196659933667832,0.12034926859967299
width_bx,width_h4_bx_m0p08,4,-0.08,1.0,0.55,0.002,0.002,2,423,1105,1666,2.0145867098865478,10,100,0.5537216170499915,0.39272994091086927,0.0063514500058998065,0.04719699203323964,peak2,0.22148628337179757,0.7264694976245328,0.007267209031624684,0.04477700997204491,0.7712465075966402,905.7120568413445,1665.9998044909464,0.5436447557796016,0.16487340384701205,0.606373103749628,0.22875349240335985,0.05204421900367374,474.45369220656653,1665.9998044909464,0.28478616319618233,0.043409153516838224,0.008635065486835514,0.9479557809963263,0.03727271385481863
width_bx,width_h4_bx_m0p04,4,-0.04,1.0,0.55,0.002,0.002,0,,,,0.0,10,100,0.7452453884736864,0.22118750945790755,0.009079151994749146,0.024487950073656766,late,0.9816224647770037,0.01741222619690959,0.000887965089673273,7.734393641336312e-05,0.017489570133323237,34.501538708225056,312.536827932289,0.11039191424730209,0.017486954991069233,2.6151422540046654e-06,0.9825104298666768,0.0009653090260866533,171.80038258276682,312.536827932289,0.5496964428780449,0.00034254298163976035,0.0006227660444468929,0.9990346909739134,0.018447685695702636
width_bx,width_h4_bx_p0p00,4,0.0,1.0,0.55,0.002,0.002,0,,,,0.0,10,100,0.9355694930834906,0.04404780595724925,0.014802630129721913,0.005580070829538377,late,0.9820567146155247,0.01606222695152221,0.0017898658931972693,9.119253975598302e-05,0.016153419491278388,32.95925947025971,306.72005861452215,0.10745713736212491,0.016150476918746316,2.942572532072668e-06,0.9838465805087216,0.0018810584329532747,170.11689517775307,306.72005861452215,0.5546324421890894,0.0006184319374922353,0.0012626264954610394,0.9981189415670467,0.009401445232656874
width_bx,width_h4_bx_p0p04,4,0.04,1.0,0.55,0.002,0.002,0,,,,0.0,10,100,0.9685549686641116,0.014690803469068672,0.01624338388692553,0.0005108439798941581,late,0.9843163809364098,0.011550690345181937,0.004051754159772187,8.117455863599501e-05,0.011631864903818035,30.693130802093915,303.42679847897483,0.10115497693662254,0.011629463983360018,2.4009204580167226e-06,0.9883681350961819,0.004132928718408222,155.1571401127317,303.42679847897483,0.51134949480569,0.001816636000474476,0.0023162927179337456,0.9958670712815918,5.824346246397237e-07
width_bx,width_h4_bx_p0p08,4,0.08,1.0,0.55,0.002,0.002,0,,,,0.0,10,100,0.9793641039299662,0.0066187571857494005,0.013911746068721332,0.00010539281556312227,late,0.9855254360393455,0.005747328958931485,0.008677784336917143,4.945066480592723e-05,0.005796779623737459,27.61707440476551,303.57198142271426,0.09097372647941979,0.005795830853566033,9.487701714263816e-07,0.9942032203762625,0.00872723500172314,128.3502915800092,303.57198142271426,0.42280019051325274,0.005953044909829034,0.002774190091894106,0.9912727649982769,9.98030109356711e-13
width_bx,width_h5_bx_m0p16,5,-0.16,1.0,0.55,0.002,0.002,0,,,,0.0,10,100,0.30167940007899813,0.6164469510711492,0.0031351599429681252,0.07873848890688456,late,0.990075007388483,0.009708398043683118,0.00019529257442834228,2.1301993405592987e-05,0.00972970003708884,40.57226171171495,324.76719885409716,0.12492721510937496,0.009728037658325646,1.6623787631939169e-06,0.9902702999629112,0.0002165945678339385,159.74828527679108,324.76719885409716,0.4918855285892298,0.00010749909750984969,0.00010909547032408881,0.999783405432166,0.3422169902891248
width_bx,width_h5_bx_m0p12,5,-0.12,1.0,0.55,0.002,0.002,1,607,1408,1876,0.7688579218418661,10,100,0.44876844530004484,0.4861895638991632,0.005034481475745995,0.06000750932504611,peak2,0.1686435963885486,0.7588716640108831,0.0071865866115025665,0.06529815298906574,0.8241698170000133,779.622233127073,1875.9997333905599,0.41557694239009,0.3927818851771603,0.43138793182285307,0.17583018299998665,0.07248473960057411,605.3539724208115,1875.9997333905599,0.3226834000273199,0.059278035468798715,0.013206704131775396,0.9275152603994259,0.07909474553557475
width_bx,width_h5_bx_m0p08,5,-0.08,1.0,0.55,0.002,0.002,2,440,1133,1661,1.9396346306592533,10,100,0.6261094284066377,0.33129960983697476,0.0069999030431705835,0.03559105871321688,peak2,0.267815301277256,0.6839570125326555,0.008924459300237431,0.039303226889851016,0.723260239422574,923.8436617757158,1661.0004734991965,0.5561971092214518,0.14092921316667492,0.582331026255899,0.276739760577426,0.04822768619009274,489.009838275191,1661.0004734991965,0.29440680245262285,0.03984606453203958,0.00838162165805316,0.9517723138099072,0.019100727547357046
width_bx,width_h5_bx_m0p04,5,-0.04,1.0,0.55,0.002,0.002,0,,,,0.0,10,100,0.8081766668505439,0.1654150999831692,0.009032622846328092,0.0173756103199589,late,0.9864694126012501,0.012694559486334292,0.0007784164701262356,5.761144228937427e-05,0.012752170928623897,38.70169631596905,313.33731132900584,0.12351448396559472,0.012749627665520234,2.5432631036628045e-06,0.9872478290713761,0.0008360279124156239,173.41188878629106,313.33731132900584,0.5534351719901229,0.0002924483905837383,0.0005435795218318856,0.9991639720875843,0.007879704730029715
width_bx,width_h5_bx_p0p00,5,0.0,1.0,0.55,0.002,0.002,0,,,,0.0,10,100,0.9533162215606714,0.030131336797554448,0.012718399358576531,0.0038340422831975693,late,0.987084266133086,0.011325043971494109,0.0015265349918843873,6.415490353551557e-05,0.011389198875029745,37.014631294559734,307.71237612811905,0.12028970612201939,0.011386676614094315,2.5222609354291076e-06,0.9886108011249702,0.0015906898954199194,170.70515264017175,307.71237612811905,0.5547555635821972,0.0005264740141209775,0.001064215881298942,0.9984093101045801,0.004123686650041154
width_bx,width_h5_bx_p0p04,5,0.04,1.0,0.55,0.002,0.002,0,,,,0.0,10,100,0.9772028572819065,0.009542609397355146,0.012922485127339251,0.00033204819339907723,late,0.9888501964360618,0.00781895856948324,0.003277906183198477,5.293881125652552e-05,0.007871897380739826,34.52877392128992,304.2908771614083,0.11347291855540727,0.007870274781711385,1.6225990284411684e-06,0.9921281026192602,0.003330844994455027,155.44431153207972,304.2908771614083,0.5108411825623866,0.001494506063538533,0.001836338930916494,0.996669155005545,1.917391062225435e-07
width_bx,width_h5_bx_p0p08,5,0.08,1.0,0.55,0.002,0.002,0,,,,0.0,10,100,0.9850634628017801,0.003992254814282751,0.010880120706079017,6.416167785808193e-05,late,0.9895726575584461,0.003752335213768983,0.006645717978208491,2.928924957651001e-05,0.003781624463345522,31.162224716989968,303.9492142401285,0.10252444571997124,0.00378103116049454,5.933028509818271e-07,0.9962183755366545,0.006675007227785074,129.71032515014312,303.9492142401285,0.42674999333167635,0.004513709240111892,0.0021612979876731823,0.993324992772215,9.97220788708778e-13
delta,delta_core_p0p40_open_p0p00,2,-0.08,0.4,0.0,0.002,0.002,0,,,,0.0,10,100,0.3092192279316176,0.6300840041041496,0.0035360018546981664,0.05716076610953465,late,0.9879261623038739,0.010752385909233622,0.0012946805688660594,2.6771218026533488e-05,0.01077915712726028,26.513302512636866,328.18797547941983,0.08078694069734274,0.010779002092118793,1.5503514148688946e-07,0.9892208428727397,0.0013214517868926105,248.33427299172473,328.18797547941983,0.7566830339501497,0.00017260063634939085,0.0011488511505432196,0.9986785482131074,0.958116332382441
delta,delta_core_p0p40_open_p0p20,2,-0.08,0.4,0.2,0.002,0.002,0,,,,0.0,10,100,0.23662340065570048,0.6764365690725098,0.0030045047037788493,0.08393552556801095,late,0.9837365145234314,0.015039739439784362,0.0011857594711619573,3.798656562227904e-05,0.015077726005406855,27.21925862243745,328.12313639607277,0.08295440218388463,0.015077474818110228,2.5118729662758355e-07,0.9849222739945931,0.0012237460367842542,241.27386321414508,328.12313639607277,0.7353149974859037,0.00019583633704830443,0.0010279096997359498,0.9987762539632158,0.9213430705618253
delta,delta_core_p0p40_open_p0p40,2,-0.08,0.4,0.4,0.002,0.002,0,,,,0.0,10,100,0.20222341325980364,0.6852856653753922,0.0029547899492155627,0.10953613141558875,late,0.9795796046709871,0.019246179813452127,0.0011238711171993837,5.034439836125024e-05,0.019296524211813628,27.71466964434203,328.0690641586542,0.08447815619378003,0.01929615209728046,3.721145331696263e-07,0.9807034757881864,0.0011742155155606523,234.2095767903277,328.0690641586542,0.7139032672616273,0.00022230383783718632,0.0009519116777234659,0.9988257844844394,0.8792806636289285
delta,delta_core_p0p40_open_p0p55,2,-0.08,0.4,0.55,0.002,0.002,0,,,,0.0,10,100,0.18984041582928513,0.6808369196436856,0.003113884564889154,0.12620877996214,late,0.9767240030392309,0.022121748314632074,0.0010944422243830475,5.980642175402616e-05,0.02218155473638645,27.984457685087275,328.0320871013111,0.08531012295892997,0.02218107907876111,4.7565762533938183e-07,0.9778184452636135,0.0011542486461370916,228.9815431129007,328.0320871013111,0.6980461732762774,0.0002434576869614329,0.0009107909591756587,0.9988457513538629,0.8485536911153335
delta,delta_core_p0p40_open_p0p80,2,-0.08,0.4,0.8,0.002,0.002,0,,,,0.0,10,100,0.18248801295143227,0.6656540945141171,0.003633450752616114,0.14822444178183458,late,0.9727348376416098,0.026125568236972027,0.0010645931945669472,7.500092685120244e-05,0.026200569163823562,28.30399064531311,327.97469626270544,0.08629931201351525,0.02619983182105283,7.373427707325908e-07,0.9737994308361765,0.0011395941214181638,220.60906812525587,327.97469626270544,0.6726405135490988,0.00027873268409734134,0.0008608614373208224,0.9988604058785818,0.8035329042032201
delta,delta_core_p0p60_open_p0p00,2,-0.08,0.6,0.0,0.002,0.002,0,,,,0.0,10,100,0.3416508783406442,0.5668131244002687,0.004127758631775149,0.08740823862731212,late,0.9872530822928536,0.01166125353389059,0.0010554877994652153,3.0176373790648316e-05,0.011691429907681362,26.42275793727055,326.16898387260665,0.08100941304581741,0.011691167873270273,2.620344110894346e-07,0.9883085700923187,0.0010856641732558765,238.46798846107458,326.16898387260665,0.7311179181715639,0.00018185855099507662,0.0009038056222607999,0.9989143358267442,0.703362891428901
delta,delta_core_p0p60_open_p0p20,2,-0.08,0.6,0.2,0.002,0.002,0,,,,0.0,10,100,0.30411518543328364,0.5767365206315253,0.004375787277030865,0.11477250665816022,late,0.9827340747344459,0.01624055312499935,0.0009817699039023763,4.3602236652305574e-05,0.016284155361651828,27.082512782122546,326.05991838051864,0.08305992627562611,0.01628373719299119,4.1816866063956737e-07,0.9837158446383482,0.0010253721405546951,228.800799662437,326.05991838051864,0.7017139696251219,0.00021231638539296964,0.0008130557551617255,0.9989746278594454,0.538645067883238
delta,delta_core_p0p60_open_p0p40,2,-0.08,0.6,0.4,0.002,0.002,0,,,,0.0,10,100,0.2985840273924421,0.5620852950862334,0.005200348910406392,0.13413032861091817,late,0.9783658023649983,0.020633252355215362,0.0009425814321378616,5.8363847648443654e-05,0.020691616202864062,27.51730380050821,325.9645201162705,0.08441809492239485,0.020690943883315584,6.723195484781286e-07,0.9793083837971359,0.0010009452797863185,219.25897161923297,325.9645201162705,0.672646739409013,0.00024545416298960834,0.0007554911167967102,0.9989990547202137,0.40506067389513234
delta,delta_core_p0p60_open_p0p55,2,-0.08,0.6,0.55,0.002,0.002,0,,,,0.0,10,100,0.30474034292692476,0.5456292813250088,0.00610611001629527,0.14352426573177116,late,0.975445991253005,0.023558429460375337,0.0009259692439729558,6.961004264672313e-05,0.02362803950302229,27.737539647241555,325.89877087241746,0.0851109059816007,0.023627193900146084,8.456028762066081e-07,0.9763719604969777,0.0009955792866196901,212.3478069181823,325.89877087241746,0.6515759674384044,0.00027221559500367206,0.000723363691616018,0.9990044207133804,0.3307305658084633
delta,delta_core_p0p60_open_p0p80,2,-0.08,0.6,0.8,0.002,0.002,0,,,,0.0,10,100,0.32372104500997784,0.5160286246768117,0.008034315545912961,0.15221601476729743,late,0.9715165929276193,0.027482962597413375,0.0009129324616042381,8.751201336309645e-05,0.02757047461077686,27.974160203173636,325.7980345458784,0.08586350203789936,0.02756932741759791,1.1471931789519552e-06,0.9724295253892231,0.001000444474967349,201.6118351690316,325.7980345458784,0.6188245900563925,0.0003173016128731541,0.0006831428620941948,0.9989995555250326,0.24565723221787505
delta,delta_core_p0p80_open_p0p00,2,-0.08,0.8,0.0,0.002,0.002,1,554,1490,2327,0.674914350970689,10,100,0.36219950461888956,0.5525748834275694,0.0034691815707009353,0.08175643038283996,peak2,0.04197689719424746,0.8543023919144744,0.002329016937844675,0.10139169395343356,0.9556940858679701,726.4948042504446,2327.000083612895,0.3122023111930836,0.6175561792570581,0.33813790661091203,0.04430591413202989,0.10372071089128494,593.9983418365043,2327.000083612895,0.25526356703617464,0.08855584634011111,0.015164864551173829,0.896279289108715,0.5389771573077957
delta,delta_core_p0p80_open_p0p20,2,-0.08,0.8,0.2,0.002,0.002,1,551,1468,2204,0.6285171102661598,10,100,0.3494722689102325,0.5467325135225423,0.004069485480996692,0.09972573208622842,peak2,0.05761187688023697,0.823239914883312,0.003453259622741393,0.11569494861370963,0.9389348634970934,764.113250509155,2203.9998723896642,0.34669387239150473,0.5378793560355625,0.40105550746153096,0.06106513650290657,0.11914820823645986,591.2298593396597,2203.9998723896642,0.26825312775477833,0.1015180760578192,0.01763013217864065,0.8808517917635401,0.34786753152608346
delta,delta_core_p0p80_open_p0p40,2,-0.08,0.8,0.4,0.002,0.002,1,547,1449,2122,0.707388277565686,10,100,0.3647816525315255,0.5209520301304036,0.005185846371172961,0.10908047096689796,peak2,0.07682360111241142,0.7928095716669625,0.005100919185598705,0.12526590803502735,0.9180754797020543,801.4662007153146,2122.0001827661436,0.3776937472599835,0.46990406910553606,0.4481714105965182,0.08192452029794572,0.1303668272206353,589.1166295934934,2122.0001827661436,0.2776232699591701,0.11106533699197191,0.019301490228663398,0.8696331727793647,0.22109654542035162
delta,delta_core_p0p80_open_p0p55,2,-0.08,0.8,0.55,0.002,0.002,1,545,1432,2076,0.7693467336683417,10,100,0.38414010163186646,0.4976481192178304,0.006283079509604193,0.11192869964069899,peak2,0.09298051294033298,0.7710708735028686,0.006682504183659319,0.12926610937313898,0.9003369828760768,823.0747352671209,2076.00022152541,0.3964714101342145,0.4276789150012756,0.4726580678748012,0.09966301712392323,0.13594861355680907,586.3660476158988,2076.00022152541,0.28244989645764434,0.11587282290337764,0.02007579065343143,0.8640513864431909,0.1609127410132229
delta,delta_core_p0p80_open_p0p80,2,-0.08,0.8,0.8,0.002,0.002,1,540,1404,2017,0.8954228554107305,10,100,0.42085040609157215,0.4585045451730546,0.008460729004390558,0.1121843197309827,peak2,0.12179526968958743,0.7361105558497616,0.009917941071363333,0.13217623338928775,0.8682867892391087,847.3629017992092,2017.0000399942946,0.4201105032212127,0.3728263037856483,0.49546048545346044,0.13171321076089126,0.14209417446066094,579.6470604401835,2017.0000399942946,0.2873807877771897,0.12134814208744354,0.0207460323732174,0.857905825539339,0.10122769629855081
delta,delta_core_p0p95_open_p0p00,2,-0.08,0.95,0.0,0.002,0.002,1,437,1189,1966,0.5952890792291221,10,100,0.37439698592901893,0.5490673363865706,0.0030874272453378106,0.07344825043907281,peak2,0.05969752131507406,0.8588663051020632,0.002408205094280969,0.07902796848858175,0.9378942735907212,762.3500300072958,1966.0002040479774,0.3877670146918722,0.47545624829164124,0.46243802529907996,0.062105726409278805,0.0814361735828694,458.6207229194757,1966.0002040479774,0.23327603017292656,0.07053884700882451,0.010897326574044894,0.9185638264171306,0.46828052560745137
delta,delta_core_p0p95_open_p0p20,2,-0.08,0.95,0.2,0.002,0.002,1,431,1174,1869,0.6569209684787575,10,100,0.3738114027724278,0.5357826953641028,0.0037685995379228704,0.08663730232554652,peak2,0.08089945842043454,0.8295667279927973,0.003445027267405437,0.08608878631936281,0.9156555143122468,795.1806311799039,1869.0002526890341,0.4254577440724438,0.3924838439756802,0.5231716703365665,0.08434448568775321,0.08953381358677669,461.1243692724705,1869.0002526890341,0.2467224756171249,0.07721721965097661,0.012316593935800077,0.9104661864132233,0.27809562609733024
delta,delta_core_p0p95_open_p0p40,2,-0.08,0.95,0.4,0.002,0.002,1,427,1159,1801,0.7833523375142531,10,100,0.39914657993741004,0.5039435771139703,0.004912575022350443,0.09199726792626908,peak2,0.10638740905472006,0.7992091400842908,0.004930373013693027,0.08947307784729619,0.8886822179316708,823.0092949339265,1801.0003421123827,0.4569734250958685,0.32693407683914805,0.5617481410925227,0.11131778206832921,0.09440345086099795,462.4108243271882,1801.0003421123827,0.256752213486439,0.0812196650037565,0.013183785857241448,0.905596549139002,0.16326132961837914
delta,delta_core_p0p95_open_p0p55,2,-0.08,0.95,0.55,0.002,0.002,2,424,1145,1762,1.464696223316913,10,100,0.42455268005149255,0.47681665817247004,0.005996384030826783,0.09263427774521078,peak2,0.12720548363935283,0.7763160058469544,0.006318351735475321,0.09016015877821731,0.8664761646252525,837.0477131515856,1762.0002031426986,0.4750554010485525,0.2901296157252513,0.5763465489000011,0.13352383537474755,0.09647851051370164,461.6249837003989,1762.0002031426986,0.2619891773434792,0.08296585068377585,0.013512659829925791,0.9035214894862984,0.11256768512526608
delta,delta_core_p0p95_open_p0p80,2,-0.08,0.95,0.8,0.002,0.002,2,419,1123,1712,1.8071278825995807,10,100,0.46877648715692155,0.4326396035387804,0.008081613521390403,0.09050229578290758,peak2,0.16307503166651444,0.738191591065279,0.009069416435300614,0.08966396083290583,0.8278555518982559,850.7131542993988,1712.000394354784,0.4969117747312285,0.24552813035633758,0.5823274215419183,0.17214444810174412,0.09873337726821503,457.7226261502356,1712.000394354784,0.2673612854643888,0.08498881963814982,0.013744557630065213,0.9012666227317849,0.06546909192325129
delta,delta_core_p1p00_open_p0p00,2,-0.08,1.0,0.0,0.002,0.002,1,408,1122,1881,0.5760657019945248,10,100,0.37774725489216604,0.5484940229306191,0.0029776390342976795,0.0707810831429172,peak2,0.06534773783388553,0.8587886273578575,0.0024232060719575435,0.07344042873629948,0.9322290560942273,768.0800251804682,1881.000010911395,0.4083360025119366,0.4371779446881281,0.49505111140609925,0.06777094390577265,0.07586363480826262,427.30339941729954,1881.000010911395,0.22716820677223684,0.06588472662825126,0.009978908180011362,0.9241363651917374,0.4504491713813895
delta,delta_core_p1p00_open_p0p20,2,-0.08,1.0,0.2,0.002,0.002,1,402,1107,1789,0.8644437519476472,10,100,0.38040803163843934,0.5331702033697087,0.003669860195733949,0.0827519047961182,peak2,0.0880687191001616,0.8294743406928545,0.0034325194927475496,0.07902442071423625,0.9084987614071701,798.4211879487922,1788.9997828028836,0.4462947372178436,0.3559913785840677,0.5525073828231024,0.09150123859282988,0.08245694020699076,430.3007792762672,1788.9997828028836,0.24052589799765156,0.07126852953920398,0.01118841066778678,0.9175430597930092,0.26161238787143537
delta,delta_core_p1p00_open_p0p40,2,-0.08,1.0,0.4,0.002,0.002,2,398,1093,1723,1.1526750761200522,10,100,0.4083719589711644,0.49963485346700715,0.0048077221869379325,0.08718546537489062,peak2,0.11545577704509882,0.7983517698147423,0.004877081941533058,0.08131537119862578,0.8796671410134462,822.8909798729499,1723.0005155345366,0.4775918361334091,0.29278838477656666,0.5868787562368796,0.12033285898655377,0.08619245314016656,431.53063221494955,1723.0005155345366,0.2504529907706228,0.07430349321049423,0.01188895992967233,0.9138075468598335,0.1503798091498627
delta,delta_core_p1p00_open_p0p55,2,-0.08,1.0,0.55,0.002,0.002,2,395,1080,1686,1.6331435800126501,10,100,0.4353321973866437,0.4714318877367877,0.005876108541719526,0.08735980633484922,peak2,0.13732449803041236,0.7749744947054753,0.0062051358845040434,0.08149587137960831,0.8564703660851519,835.054872627449,1685.9997736596652,0.49528765405161473,0.2576898655374571,0.5987805005476948,0.14352963391484808,0.08770100726411954,431.218130579691,1685.9997736596652,0.2557640501004814,0.0755086109647014,0.012192396299418137,0.9122989927358804,0.10223192971799522
delta,delta_core_p1p00_open_p0p80,2,-0.08,1.0,0.8,0.002,0.002,2,390,1059,1638,1.92,10,100,0.48142175116187813,0.4258659708708438,0.007914943424873413,0.08479733454240469,peak2,0.17492255454097855,0.7356875696808537,0.008826229867789973,0.08056364591037775,0.8162512155912932,846.1808055964432,1638.0002085710698,0.5165938326312056,0.21704065936879352,0.5992105562224996,0.1837487844087068,0.08938987577817416,427.73269298258646,1638.0002085710698,0.26113103694640216,0.07703334370492618,0.01235653207324798,0.9106101242218259,0.058293719509929606
