scan_name,case_id,corridor_halfwidth,bx,delta_core,delta_open,kappa_c2o,kappa_o2c,window,lo,hi,none,left_only,mem_only,both
width_bx,width_h0_bx_m0p16,0,-0.16,1.0,0.55,0.002,0.002,early,10,60,0.9999746829212575,1.279712290848305e-10,2.5316950771386964e-05,0.0
width_bx,width_h0_bx_m0p16,0,-0.16,1.0,0.55,0.002,0.002,middle,120,200,0.9929912156862937,0.005772218084564207,0.001212671468160939,2.3894760981150468e-05
width_bx,width_h0_bx_m0p16,0,-0.16,1.0,0.55,0.002,0.002,late,260,360,0.9707672518486955,0.026490453907909873,0.00247547252107617,0.00026682172231839795
width_bx,width_h0_bx_m0p12,0,-0.12,1.0,0.55,0.002,0.002,peak1,431,483,0.923705980496968,0.06878239574831878,0.005722948980801956,0.0017886747739114714
width_bx,width_h0_bx_m0p12,0,-0.12,1.0,0.55,0.002,0.002,valley,1319,1371,0.09396795416029055,0.7189496844724932,0.014714884636506477,0.17236747673070965
width_bx,width_h0_bx_m0p12,0,-0.12,1.0,0.55,0.002,0.002,peak2,2034,2086,0.007106337594054512,0.7728799506001622,0.0013313606175729153,0.21868235118821025
width_bx,width_h0_bx_m0p08,0,-0.08,1.0,0.55,0.002,0.002,peak1,338,390,0.936399000363865,0.05554553352949078,0.006754829700840495,0.0013006364058036773
width_bx,width_h0_bx_m0p08,0,-0.08,1.0,0.55,0.002,0.002,valley,997,1049,0.09224942867615749,0.6683510754754405,0.03334504840794385,0.20605444744045825
width_bx,width_h0_bx_m0p08,0,-0.08,1.0,0.55,0.002,0.002,peak2,1797,1849,0.023820468717742675,0.7249486724241389,0.003575319592007684,0.24765553926611075
width_bx,width_h0_bx_m0p04,0,-0.04,1.0,0.55,0.002,0.002,peak1,276,328,0.9506814877332667,0.040156550602441145,0.008322448420873787,0.0008395132434185118
width_bx,width_h0_bx_m0p04,0,-0.04,1.0,0.55,0.002,0.002,valley,1177,1229,0.17405124403439629,0.5235631326686835,0.049770733300235105,0.25261488999668513
width_bx,width_h0_bx_m0p04,0,-0.04,1.0,0.55,0.002,0.002,peak2,2123,2175,0.05770156000312129,0.6481334949462072,0.012049953555638926,0.2821149914950325
width_bx,width_h0_bx_p0p00,0,0.0,1.0,0.55,0.002,0.002,early,10,60,0.9999500168151203,1.033461626428372e-10,4.9983081533490374e-05,0.0
width_bx,width_h0_bx_p0p00,0,0.0,1.0,0.55,0.002,0.002,middle,120,200,0.9890499965584342,0.0069350728954143325,0.003961703772616047,5.322677353537507e-05
width_bx,width_h0_bx_p0p00,0,0.0,1.0,0.55,0.002,0.002,late,260,360,0.9360017854396743,0.04466755302585124,0.017879455043538453,0.0014512064909360729
width_bx,width_h0_bx_p0p04,0,0.04,1.0,0.55,0.002,0.002,early,10,60,0.9999428016410922,9.076455294763051e-11,5.7198268143299594e-05,0.0
width_bx,width_h0_bx_p0p04,0,0.04,1.0,0.55,0.002,0.002,middle,120,200,0.9877533030830157,0.0065748794942453136,0.00561148503528788,6.0332387451076855e-05
width_bx,width_h0_bx_p0p04,0,0.04,1.0,0.55,0.002,0.002,late,260,360,0.9208966950138736,0.036475078533125004,0.0409358934373429,0.0016923330156584505
width_bx,width_h0_bx_p0p08,0,0.08,1.0,0.55,0.002,0.002,early,10,60,0.9999351087023289,7.659794231057482e-11,6.489122107310366e-05,0.0
width_bx,width_h0_bx_p0p08,0,0.08,1.0,0.55,0.002,0.002,middle,120,200,0.9859639953438308,0.0057487040879568765,0.008223124716386377,6.417585182586442e-05
width_bx,width_h0_bx_p0p08,0,0.08,1.0,0.55,0.002,0.002,late,260,360,0.8844728290681536,0.022637215547734246,0.09127406914204073,0.0016158862420712814
width_bx,width_h1_bx_m0p16,1,-0.16,1.0,0.55,0.002,0.002,early,10,60,0.999996890791864,0.0,3.1092081358965545e-06,0.0
width_bx,width_h1_bx_m0p16,1,-0.16,1.0,0.55,0.002,0.002,middle,120,200,0.995178145418278,0.0044714099386021075,0.00034423022222983317,6.214420890161075e-06
width_bx,width_h1_bx_m0p16,1,-0.16,1.0,0.55,0.002,0.002,late,260,360,0.9703890441268259,0.028631625807463357,0.0008551491015280009,0.00012418096418254478
width_bx,width_h1_bx_m0p12,1,-0.12,1.0,0.55,0.002,0.002,peak1,474,526,0.8886327383725314,0.10694582006612907,0.002690280618863751,0.0017311609424757349
width_bx,width_h1_bx_m0p12,1,-0.12,1.0,0.55,0.002,0.002,valley,1258,1310,0.14184130733561373,0.7119223758447525,0.01329694970511204,0.13293936711452167
width_bx,width_h1_bx_m0p12,1,-0.12,1.0,0.55,0.002,0.002,peak2,1882,1934,0.035514410978895794,0.8064850569867186,0.002978886543696862,0.1550216454906889
width_bx,width_h1_bx_m0p08,1,-0.08,1.0,0.55,0.002,0.002,peak1,355,407,0.929307341473104,0.06726645794063779,0.0026448706319425735,0.0007813299543155501
width_bx,width_h1_bx_m0p08,1,-0.08,1.0,0.55,0.002,0.002,valley,1033,1085,0.12400579831381733,0.6525757690363424,0.03236841513320396,0.1910500175166363
width_bx,width_h1_bx_m0p08,1,-0.08,1.0,0.55,0.002,0.002,peak2,1685,1737,0.08623887613350267,0.7782845170644714,0.0055423589861223095,0.12993424781590365
width_bx,width_h1_bx_m0p04,1,-0.04,1.0,0.55,0.002,0.002,early,10,60,0.9999950708888603,0.0,4.929111139679419e-06,0.0
width_bx,width_h1_bx_m0p04,1,-0.04,1.0,0.55,0.002,0.002,middle,120,200,0.9940358648498476,0.005170960451391069,0.0007825141787001032,1.0660520061114075e-05
width_bx,width_h1_bx_m0p04,1,-0.04,1.0,0.55,0.002,0.002,late,260,360,0.9542716447874171,0.0423718003916315,0.0029493084609460837,0.0004072463600051556
width_bx,width_h1_bx_p0p00,1,0.0,1.0,0.55,0.002,0.002,early,10,60,0.999994391830125,0.0,5.6081698749944494e-06,0.0
width_bx,width_h1_bx_p0p00,1,0.0,1.0,0.55,0.002,0.002,middle,120,200,0.993808612687445,0.005106474559164604,0.0010727235320271851,1.2189221363112498e-05
width_bx,width_h1_bx_p0p00,1,0.0,1.0,0.55,0.002,0.002,late,260,360,0.9516351376906949,0.041875698452028494,0.005950216114673953,0.0005389477426026727
width_bx,width_h1_bx_p0p04,1,0.04,1.0,0.55,0.002,0.002,early,10,60,0.9999936705507958,0.0,6.329449204217316e-06,0.0
width_bx,width_h1_bx_p0p04,1,0.04,1.0,0.55,0.002,0.002,middle,120,200,0.9936947444722514,0.0047671827869057515,0.0015247377261230447,1.3335014719826093e-05
width_bx,width_h1_bx_p0p04,1,0.04,1.0,0.55,0.002,0.002,late,260,360,0.9521240085133692,0.033047332095305075,0.014246738791422967,0.0005819205999026857
width_bx,width_h1_bx_p0p08,1,0.08,1.0,0.55,0.002,0.002,early,10,60,0.9999929016576145,0.0,7.0983423854902264e-06,0.0
width_bx,width_h1_bx_p0p08,1,0.08,1.0,0.55,0.002,0.002,middle,120,200,0.9936506277446973,0.004077403650817891,0.0022583887394472682,1.357986503742498e-05
width_bx,width_h1_bx_p0p08,1,0.08,1.0,0.55,0.002,0.002,late,260,360,0.947802083369058,0.01863587391211245,0.033077609922015555,0.00048443279681389533
width_bx,width_h2_bx_m0p16,2,-0.16,1.0,0.55,0.002,0.002,early,10,60,0.9999995072504642,0.0,4.927495358459184e-07,0.0
width_bx,width_h2_bx_m0p16,2,-0.16,1.0,0.55,0.002,0.002,middle,120,200,0.9971002630275032,0.002732730368350934,0.00016465953571779271,2.3470684278895475e-06
width_bx,width_h2_bx_m0p16,2,-0.16,1.0,0.55,0.002,0.002,late,260,360,0.9759291784042085,0.023523239527416882,0.000480789376006517,6.679269236814573e-05
width_bx,width_h2_bx_m0p12,2,-0.12,1.0,0.55,0.002,0.002,peak1,503,555,0.8731648046819039,0.12320288423920131,0.002042501685439196,0.0015898093934555563
width_bx,width_h2_bx_m0p12,2,-0.12,1.0,0.55,0.002,0.002,valley,1291,1343,0.1694987927269939,0.7022605922586319,0.013060988117035358,0.1151796268973388
width_bx,width_h2_bx_m0p12,2,-0.12,1.0,0.55,0.002,0.002,peak2,1855,1907,0.06340821144836532,0.8165521069210224,0.003841565279558554,0.11619811635105376
width_bx,width_h2_bx_m0p08,2,-0.08,1.0,0.55,0.002,0.002,peak1,369,421,0.932121516546027,0.06555664436128365,0.0017643292578967556,0.0005575098347926776
width_bx,width_h2_bx_m0p08,2,-0.08,1.0,0.55,0.002,0.002,valley,1054,1106,0.18473222691861413,0.6019239588523763,0.036964630517544395,0.17637918371146527
width_bx,width_h2_bx_m0p08,2,-0.08,1.0,0.55,0.002,0.002,peak2,1660,1712,0.13732449803041236,0.7749744947054753,0.0062051358845040434,0.08149587137960831
width_bx,width_h2_bx_m0p04,2,-0.04,1.0,0.55,0.002,0.002,early,10,60,0.9999992941168359,0.0,7.058831641971028e-07,0.0
width_bx,width_h2_bx_m0p04,2,-0.04,1.0,0.55,0.002,0.002,middle,120,200,0.996478193992824,0.003146888012198203,0.00037113171935155133,3.7862756262039557e-06
width_bx,width_h2_bx_m0p04,2,-0.04,1.0,0.55,0.002,0.002,late,260,360,0.9645205339269135,0.033587911650789795,0.0016853869387380973,0.00020616748355863933
width_bx,width_h2_bx_p0p00,2,0.0,1.0,0.55,0.002,0.002,early,10,60,0.9999992146939055,0.0,7.85306094401797e-07,0.0
width_bx,width_h2_bx_p0p00,2,0.0,1.0,0.55,0.002,0.002,middle,120,200,0.9963836987500527,0.0031004439671478584,0.0005116238949848675,4.233387814427155e-06
width_bx,width_h2_bx_p0p00,2,0.0,1.0,0.55,0.002,0.002,late,260,360,0.9638247064391134,0.032505507863497464,0.0034061077342101603,0.0002636779631790801
width_bx,width_h2_bx_p0p04,2,0.04,1.0,0.55,0.002,0.002,early,10,60,0.9999991300896143,0.0,8.699103858307781e-07,0.0
width_bx,width_h2_bx_p0p04,2,0.04,1.0,0.55,0.002,0.002,middle,120,200,0.9963781629685551,0.0028824597852711003,0.0007348626582707734,4.514587903042848e-06
width_bx,width_h2_bx_p0p04,2,0.04,1.0,0.55,0.002,0.002,late,260,360,0.9666397567697318,0.024972830331711913,0.008118300863285315,0.0002691120352709809
width_bx,width_h2_bx_p0p08,2,0.08,1.0,0.55,0.002,0.002,early,10,60,0.9999990394984407,0.0,9.605015593175522e-07,0.0
width_bx,width_h2_bx_p0p08,2,0.08,1.0,0.55,0.002,0.002,middle,120,200,0.9964451909807078,0.0024456527064062473,0.0011047004575238852,4.45585536210934e-06
width_bx,width_h2_bx_p0p08,2,0.08,1.0,0.55,0.002,0.002,late,260,360,0.9677574848820044,0.013423111522730504,0.01861693842050081,0.00020246517476439055
width_bx,width_h3_bx_m0p16,3,-0.16,1.0,0.55,0.002,0.002,early,10,60,0.9999999551830485,0.0,4.481695153929714e-08,0.0
width_bx,width_h3_bx_m0p16,3,-0.16,1.0,0.55,0.002,0.002,middle,120,200,0.9983677407970477,0.001539729120167319,9.153874716962762e-05,9.913356152626288e-07
width_bx,width_h3_bx_m0p16,3,-0.16,1.0,0.55,0.002,0.002,late,260,360,0.982027342586111,0.017619830877348634,0.0003131427348246354,3.9683801715715516e-05
width_bx,width_h3_bx_m0p12,3,-0.12,1.0,0.55,0.002,0.002,peak1,529,581,0.8689949726648232,0.1276836981664682,0.0018016718364889876,0.0015196573322196524
width_bx,width_h3_bx_m0p12,3,-0.12,1.0,0.55,0.002,0.002,valley,1316,1368,0.21359092866996923,0.6709187881414619,0.01377750580397748,0.10171277738459146
width_bx,width_h3_bx_m0p12,3,-0.12,1.0,0.55,0.002,0.002,peak2,1852,1904,0.09240089458935384,0.8117425001447347,0.004592719475618448,0.09126388579029285
width_bx,width_h3_bx_m0p08,3,-0.08,1.0,0.55,0.002,0.002,peak1,382,434,0.9393532374977691,0.058807577756435525,0.0013949633962527695,0.000444221349542657
width_bx,width_h3_bx_m0p08,3,-0.08,1.0,0.55,0.002,0.002,valley,1065,1117,0.2694771863583189,0.528121848043565,0.04153065970729264,0.16087030589082335
width_bx,width_h3_bx_m0p08,3,-0.08,1.0,0.55,0.002,0.002,peak2,1647,1699,0.1812678281265903,0.7547239997027974,0.006633547775716642,0.05737462439489568
width_bx,width_h3_bx_m0p04,3,-0.04,1.0,0.55,0.002,0.002,early,10,60,0.9999999415255776,0.0,5.8474422404990864e-08,0.0
width_bx,width_h3_bx_m0p04,3,-0.04,1.0,0.55,0.002,0.002,middle,120,200,0.9980209143039729,0.001768875870433005,0.0002086833701098846,1.526455484208376e-06
width_bx,width_h3_bx_m0p04,3,-0.04,1.0,0.55,0.002,0.002,late,260,360,0.9742604178494682,0.024470207942937767,0.0011506097795300865,0.00011876442806403938
width_bx,width_h3_bx_p0p00,3,0.0,1.0,0.55,0.002,0.002,early,10,60,0.9999999362413233,0.0,6.375867667850581e-08,0.0
width_bx,width_h3_bx_p0p00,3,0.0,1.0,0.55,0.002,0.002,middle,120,200,0.997967945195172,0.0017385548317863358,0.00029182593687401636,1.6740361676602363e-06
width_bx,width_h3_bx_p0p00,3,0.0,1.0,0.55,0.002,0.002,late,260,360,0.9743645775623878,0.023156622614341735,0.0023323489256014433,0.00014645089766917983
width_bx,width_h3_bx_p0p04,3,0.04,1.0,0.55,0.002,0.002,early,10,60,0.9999999304804686,0.0,6.951953134534181e-08,0.0
width_bx,width_h3_bx_p0p04,3,0.04,1.0,0.55,0.002,0.002,middle,120,200,0.9979620881575791,0.0016089191484179408,0.0004272491432867149,1.7435507162883991e-06
width_bx,width_h3_bx_p0p04,3,0.04,1.0,0.55,0.002,0.002,late,260,360,0.9771580352893234,0.01724797306959864,0.0054538787333287,0.00014011290774915093
width_bx,width_h3_bx_p0p08,3,0.08,1.0,0.55,0.002,0.002,early,10,60,0.99999992415642,0.0,7.58435800076793e-08,0.0
width_bx,width_h3_bx_p0p08,3,0.08,1.0,0.55,0.002,0.002,middle,120,200,0.9979884385135207,0.0013534592325078498,0.0006564332891003999,1.668964870881423e-06
width_bx,width_h3_bx_p0p08,3,0.08,1.0,0.55,0.002,0.002,late,260,360,0.9788398314204048,0.008912641130080829,0.012152606263680525,9.492118583393274e-05
width_bx,width_h4_bx_m0p16,4,-0.16,1.0,0.55,0.002,0.002,early,10,60,1.0,0.0,0.0,0.0
width_bx,width_h4_bx_m0p16,4,-0.16,1.0,0.55,0.002,0.002,middle,120,200,0.99911893233186,0.0008245460777772739,5.607218137592051e-05,4.49408986721653e-07
width_bx,width_h4_bx_m0p16,4,-0.16,1.0,0.55,0.002,0.002,late,260,360,0.9868983644945445,0.01284642925742612,0.0002285168655535818,2.6689382475835676e-05
width_bx,width_h4_bx_m0p12,4,-0.12,1.0,0.55,0.002,0.002,peak1,553,605,0.871002694042276,0.12575245105113966,0.0017297801571337567,0.0015150747494506415
width_bx,width_h4_bx_m0p12,4,-0.12,1.0,0.55,0.002,0.002,valley,1340,1392,0.2688914459943046,0.6272156515945411,0.014714035932214334,0.08917886647893994
width_bx,width_h4_bx_m0p12,4,-0.12,1.0,0.55,0.002,0.002,peak2,1852,1904,0.12519924638500254,0.794466746981787,0.005516841991123124,0.07481716464208725
width_bx,width_h4_bx_m0p08,4,-0.08,1.0,0.55,0.002,0.002,peak1,397,449,0.9457141500809155,0.0526176575988626,0.001259256267409091,0.0004089360528126531
width_bx,width_h4_bx_m0p08,4,-0.08,1.0,0.55,0.002,0.002,valley,1079,1131,0.37842333877601264,0.4397713397299719,0.04352647929093512,0.13827884220308037
width_bx,width_h4_bx_m0p08,4,-0.08,1.0,0.55,0.002,0.002,peak2,1640,1692,0.22148628337179757,0.7264694976245328,0.007267209031624684,0.04477700997204491
width_bx,width_h4_bx_m0p04,4,-0.04,1.0,0.55,0.002,0.002,early,10,60,1.0,0.0,0.0,0.0
width_bx,width_h4_bx_m0p04,4,-0.04,1.0,0.55,0.002,0.002,middle,120,200,0.9989159873659568,0.0009511840145015781,0.00013215209017658884,6.765293650275878e-07
width_bx,width_h4_bx_m0p04,4,-0.04,1.0,0.55,0.002,0.002,late,260,360,0.9816224647770037,0.01741222619690959,0.000887965089673273,7.734393641336312e-05
width_bx,width_h4_bx_p0p00,4,0.0,1.0,0.55,0.002,0.002,early,10,60,1.0,0.0,0.0,0.0
width_bx,width_h4_bx_p0p00,4,0.0,1.0,0.55,0.002,0.002,middle,120,200,0.9988766113122931,0.0009338773601741644,0.00018877887086160623,7.324566710157925e-07
width_bx,width_h4_bx_p0p00,4,0.0,1.0,0.55,0.002,0.002,late,260,360,0.9820567146155247,0.01606222695152221,0.0017898658931972693,9.119253975598302e-05
width_bx,width_h4_bx_p0p04,4,0.04,1.0,0.55,0.002,0.002,early,10,60,1.0,0.0,0.0,0.0
width_bx,width_h4_bx_p0p04,4,0.04,1.0,0.55,0.002,0.002,middle,120,200,0.9988552987918533,0.0008608980809588988,0.00028305421649853414,7.489106892363331e-07
width_bx,width_h4_bx_p0p04,4,0.04,1.0,0.55,0.002,0.002,late,260,360,0.9843163809364098,0.011550690345181937,0.004051754159772187,8.117455863599501e-05
width_bx,width_h4_bx_p0p08,4,0.08,1.0,0.55,0.002,0.002,early,10,60,1.0,0.0,0.0,0.0
width_bx,width_h4_bx_p0p08,4,0.08,1.0,0.55,0.002,0.002,middle,120,200,0.9988363698844196,0.0007179540315768102,0.00044497865861898374,6.974253846702614e-07
width_bx,width_h4_bx_p0p08,4,0.08,1.0,0.55,0.002,0.002,late,260,360,0.9855254360393455,0.005747328958931485,0.008677784336917143,4.945066480592723e-05
width_bx,width_h5_bx_m0p16,5,-0.16,1.0,0.55,0.002,0.002,early,10,60,1.0,0.0,0.0,0.0
width_bx,width_h5_bx_m0p16,5,-0.16,1.0,0.55,0.002,0.002,middle,120,200,0.9995173702992797,0.0004428798869410781,3.95084813108985e-05,2.4133246830975403e-07
width_bx,width_h5_bx_m0p16,5,-0.16,1.0,0.55,0.002,0.002,late,260,360,0.990075007388483,0.009708398043683118,0.00019529257442834228,2.1301993405592987e-05
width_bx,width_h5_bx_m0p12,5,-0.12,1.0,0.55,0.002,0.002,peak1,581,633,0.8728208777511369,0.12368653496393286,0.0018587508112894717,0.0016338364736406736
width_bx,width_h5_bx_m0p12,5,-0.12,1.0,0.55,0.002,0.002,valley,1382,1434,0.33158134575545867,0.5756558016769783,0.015822984030802942,0.07693986853676024
width_bx,width_h5_bx_m0p12,5,-0.12,1.0,0.55,0.002,0.002,peak2,1850,1902,0.1686435963885486,0.7588716640108831,0.0071865866115025665,0.06529815298906574
width_bx,width_h5_bx_m0p08,5,-0.08,1.0,0.55,0.002,0.002,peak1,414,466,0.9500727632934328,0.048205721111479104,0.0012978106845853996,0.0004237049105028213
width_bx,width_h5_bx_m0p08,5,-0.08,1.0,0.55,0.002,0.002,valley,1107,1159,0.500247009293102,0.3510843481968532,0.04195525993178728,0.10671338257825748
width_bx,width_h5_bx_m0p08,5,-0.08,1.0,0.55,0.002,0.002,peak2,1635,1687,0.267815301277256,0.6839570125326555,0.008924459300237431,0.039303226889851016
width_bx,width_h5_bx_m0p04,5,-0.04,1.0,0.55,0.002,0.002,early,10,60,1.0,0.0,0.0,0.0
width_bx,width_h5_bx_m0p04,5,-0.04,1.0,0.55,0.002,0.002,middle,120,200,0.9993832214711638,0.0005188674023314249,9.754831173472015e-05,3.6281477010404275e-07
width_bx,width_h5_bx_m0p04,5,-0.04,1.0,0.55,0.002,0.002,late,260,360,0.9864694126012501,0.012694559486334292,0.0007784164701262356,5.761144228937427e-05
width_bx,width_h5_bx_p0p00,5,0.0,1.0,0.55,0.002,0.002,early,10,60,1.0,0.0,0.0,0.0
width_bx,width_h5_bx_p0p00,5,0.0,1.0,0.55,0.002,0.002,middle,120,200,0.9993474720668785,0.0005102596837747251,0.00014187849019573693,3.897591509497786e-07
width_bx,width_h5_bx_p0p00,5,0.0,1.0,0.55,0.002,0.002,late,260,360,0.987084266133086,0.011325043971494109,0.0015265349918843873,6.415490353551557e-05
width_bx,width_h5_bx_p0p04,5,0.04,1.0,0.55,0.002,0.002,early,10,60,1.0,0.0,0.0,0.0
width_bx,width_h5_bx_p0p04,5,0.04,1.0,0.55,0.002,0.002,middle,120,200,0.999314091865104,0.000469445362833457,0.000216070096365094,3.9267569746135285e-07
width_bx,width_h5_bx_p0p04,5,0.04,1.0,0.55,0.002,0.002,late,260,360,0.9888501964360618,0.00781895856948324,0.003277906183198477,5.293881125652552e-05
width_bx,width_h5_bx_p0p08,5,0.08,1.0,0.55,0.002,0.002,early,10,60,1.0,0.0,0.0,0.0
width_bx,width_h5_bx_p0p08,5,0.08,1.0,0.55,0.002,0.002,middle,120,200,0.9992680440646322,0.00038842220631188,0.000343177317797637,3.5641125820530015e-07
width_bx,width_h5_bx_p0p08,5,0.08,1.0,0.55,0.002,0.002,late,260,360,0.9895726575584461,0.003752335213768983,0.006645717978208491,2.928924957651001e-05
delta,delta_core_p0p40_open_p0p00,2,-0.08,0.4,0.0,0.002,0.002,early,10,60,0.9999992857155324,0.0,7.142844676245561e-07,0.0
delta,delta_core_p0p40_open_p0p00,2,-0.08,0.4,0.0,0.002,0.002,middle,120,200,0.9985270976910972,0.0009733150712391672,0.000498748840889326,8.383967742595486e-07
delta,delta_core_p0p40_open_p0p00,2,-0.08,0.4,0.0,0.002,0.002,late,260,360,0.9879261623038739,0.010752385909233622,0.0012946805688660594,2.6771218026533488e-05
delta,delta_core_p0p40_open_p0p20,2,-0.08,0.4,0.2,0.002,0.002,early,10,60,0.9999993488019664,0.0,6.511980336384928e-07,0.0
delta,delta_core_p0p40_open_p0p20,2,-0.08,0.4,0.2,0.002,0.002,middle,120,200,0.9982961000066318,0.001255405038202042,0.0004474309063043536,1.064048861724849e-06
delta,delta_core_p0p40_open_p0p20,2,-0.08,0.4,0.2,0.002,0.002,late,260,360,0.9837365145234314,0.015039739439784362,0.0011857594711619573,3.798656562227904e-05
delta,delta_core_p0p40_open_p0p40,2,-0.08,0.4,0.4,0.002,0.002,early,10,60,0.9999993836862582,0.0,6.163137417535785e-07,0.0
delta,delta_core_p0p40_open_p0p40,2,-0.08,0.4,0.4,0.002,0.002,middle,120,200,0.9980526872629554,0.0015292668347819459,0.0004167428353256349,1.303066936885094e-06
delta,delta_core_p0p40_open_p0p40,2,-0.08,0.4,0.4,0.002,0.002,late,260,360,0.9795796046709871,0.019246179813452127,0.0011238711171993837,5.034439836125024e-05
delta,delta_core_p0p40_open_p0p55,2,-0.08,0.4,0.55,0.002,0.002,early,10,60,0.9999994004185273,0.0,5.995814726377554e-07,0.0
delta,delta_core_p0p40_open_p0p55,2,-0.08,0.4,0.55,0.002,0.002,middle,120,200,0.9978743721459667,0.0017233829266217842,0.00040075920998513496,1.4857174264565776e-06
delta,delta_core_p0p40_open_p0p55,2,-0.08,0.4,0.55,0.002,0.002,late,260,360,0.9767240030392309,0.022121748314632074,0.0010944422243830475,5.980642175402616e-05
delta,delta_core_p0p40_open_p0p80,2,-0.08,0.4,0.8,0.002,0.002,early,10,60,0.9999994183374998,0.0,5.816625001885248e-07,0.0
delta,delta_core_p0p40_open_p0p80,2,-0.08,0.4,0.8,0.002,0.002,middle,120,200,0.9975997401979411,0.002016825104404825,0.0003816473852616563,1.7873123925206566e-06
delta,delta_core_p0p40_open_p0p80,2,-0.08,0.4,0.8,0.002,0.002,late,260,360,0.9727348376416098,0.026125568236972027,0.0010645931945669472,7.500092685120244e-05
delta,delta_core_p0p60_open_p0p00,2,-0.08,0.6,0.0,0.002,0.002,early,10,60,0.9999993580715738,0.0,6.419284261875828e-07,0.0
delta,delta_core_p0p60_open_p0p00,2,-0.08,0.6,0.0,0.002,0.002,middle,120,200,0.9984112226840921,0.0011951073667362674,0.0003926606031600269,1.009346011644759e-06
delta,delta_core_p0p60_open_p0p00,2,-0.08,0.6,0.0,0.002,0.002,late,260,360,0.9872530822928536,0.01166125353389059,0.0010554877994652153,3.0176373790648316e-05
delta,delta_core_p0p60_open_p0p20,2,-0.08,0.6,0.2,0.002,0.002,early,10,60,0.9999994114925476,0.0,5.885074525046822e-07,0.0
delta,delta_core_p0p60_open_p0p20,2,-0.08,0.6,0.2,0.002,0.002,middle,120,200,0.9981019294974179,0.0015413115357921295,0.0003554551937934837,1.3037729964405338e-06
delta,delta_core_p0p60_open_p0p20,2,-0.08,0.6,0.2,0.002,0.002,late,260,360,0.9827340747344459,0.01624055312499935,0.0009817699039023763,4.3602236652305574e-05
delta,delta_core_p0p60_open_p0p40,2,-0.08,0.6,0.4,0.002,0.002,early,10,60,0.9999994408317237,0.0,5.59168276307213e-07,0.0
delta,delta_core_p0p60_open_p0p40,2,-0.08,0.6,0.4,0.002,0.002,middle,120,200,0.9977899984038775,0.001875125666852785,0.0003332602683124919,1.6156609574521972e-06
delta,delta_core_p0p60_open_p0p40,2,-0.08,0.6,0.4,0.002,0.002,late,260,360,0.9783658023649983,0.020633252355215362,0.0009425814321378616,5.8363847648443654e-05
delta,delta_core_p0p60_open_p0p55,2,-0.08,0.6,0.55,0.002,0.002,early,10,60,0.999999454781837,0.0,5.452181630580685e-07,0.0
delta,delta_core_p0p60_open_p0p55,2,-0.08,0.6,0.55,0.002,0.002,middle,120,200,0.9975667060698412,0.0021096799044092638,0.0003217599102644558,1.8541154849317648e-06
delta,delta_core_p0p60_open_p0p55,2,-0.08,0.6,0.55,0.002,0.002,late,260,360,0.975445991253005,0.023558429460375337,0.0009259692439729558,6.961004264672313e-05
delta,delta_core_p0p60_open_p0p80,2,-0.08,0.6,0.8,0.002,0.002,early,10,60,0.9999994695180099,0.0,5.304819901920539e-07,0.0
delta,delta_core_p0p60_open_p0p80,2,-0.08,0.6,0.8,0.002,0.002,middle,120,200,0.9972299419046954,0.0024596797472831275,0.0003081305471255101,2.2478008958817014e-06
delta,delta_core_p0p60_open_p0p80,2,-0.08,0.6,0.8,0.002,0.002,late,260,360,0.9715165929276193,0.027482962597413375,0.0009129324616042381,8.751201336309645e-05
delta,delta_core_p0p80_open_p0p00,2,-0.08,0.8,0.0,0.002,0.002,peak1,528,580,0.9287565520030242,0.067840722546857,0.0026885928878829846,0.0007141325622356671
delta,delta_core_p0p80_open_p0p00,2,-0.08,0.8,0.0,0.002,0.002,valley,1464,1516,0.16961877314658133,0.7280996769772925,0.012200372006646488,0.09008117786947976
delta,delta_core_p0p80_open_p0p00,2,-0.08,0.8,0.0,0.002,0.002,peak2,2301,2353,0.04197689719424746,0.8543023919144744,0.002329016937844675,0.10139169395343356
delta,delta_core_p0p80_open_p0p20,2,-0.08,0.8,0.2,0.002,0.002,peak1,525,577,0.9006476412191279,0.09557919593253027,0.002665418959519088,0.0011077438888228318
delta,delta_core_p0p80_open_p0p20,2,-0.08,0.8,0.2,0.002,0.002,valley,1442,1494,0.15200167991226834,0.7152679282356006,0.014448519445752529,0.11828187240637858
delta,delta_core_p0p80_open_p0p20,2,-0.08,0.8,0.2,0.002,0.002,peak2,2178,2230,0.05761187688023697,0.823239914883312,0.003453259622741393,0.11569494861370963
delta,delta_core_p0p80_open_p0p40,2,-0.08,0.8,0.4,0.002,0.002,peak1,521,573,0.8788875441033202,0.11690433024297303,0.0027163787059949103,0.0014917469477120193
delta,delta_core_p0p80_open_p0p40,2,-0.08,0.8,0.4,0.002,0.002,valley,1423,1475,0.1576269050834643,0.6746953734085374,0.019019868107566715,0.14865785340043158
delta,delta_core_p0p80_open_p0p40,2,-0.08,0.8,0.4,0.002,0.002,peak2,2096,2148,0.07682360111241142,0.7928095716669625,0.005100919185598705,0.12526590803502735
delta,delta_core_p0p80_open_p0p55,2,-0.08,0.8,0.55,0.002,0.002,peak1,519,571,0.8670752504551568,0.12835635378544985,0.002802761710751806,0.0017656340486414761
delta,delta_core_p0p80_open_p0p55,2,-0.08,0.8,0.55,0.002,0.002,valley,1406,1458,0.16979849849205084,0.6364238092465585,0.023883491158701406,0.16989420110268935
delta,delta_core_p0p80_open_p0p55,2,-0.08,0.8,0.55,0.002,0.002,peak2,2050,2102,0.09298051294033298,0.7710708735028686,0.006682504183659319,0.12926610937313898
delta,delta_core_p0p80_open_p0p80,2,-0.08,0.8,0.8,0.002,0.002,peak1,514,566,0.8573473128531707,0.1375818677965,0.0029669935353957852,0.002103825814933495
delta,delta_core_p0p80_open_p0p80,2,-0.08,0.8,0.8,0.002,0.002,valley,1378,1430,0.19583207929206223,0.5709881832083797,0.03412260812491569,0.19905712937464234
delta,delta_core_p0p80_open_p0p80,2,-0.08,0.8,0.8,0.002,0.002,peak2,1991,2043,0.12179526968958743,0.7361105558497616,0.009917941071363333,0.13217623338928775
delta,delta_core_p0p95_open_p0p00,2,-0.08,0.95,0.0,0.002,0.002,peak1,411,463,0.9559035800471759,0.041774241382909964,0.001998994977983405,0.00032318359193080445
delta,delta_core_p0p95_open_p0p00,2,-0.08,0.95,0.0,0.002,0.002,valley,1163,1215,0.1926341829195043,0.7034438672846702,0.01619129575947957,0.08773065403634588
delta,delta_core_p0p95_open_p0p00,2,-0.08,0.95,0.0,0.002,0.002,peak2,1940,1992,0.05969752131507406,0.8588663051020632,0.002408205094280969,0.07902796848858175
delta,delta_core_p0p95_open_p0p20,2,-0.08,0.95,0.2,0.002,0.002,peak1,405,457,0.9403600738310294,0.057235591100701644,0.0019336998090348988,0.00047063525923400564
delta,delta_core_p0p95_open_p0p20,2,-0.08,0.95,0.2,0.002,0.002,valley,1148,1200,0.16811409870594496,0.6947929532015614,0.019762768292765586,0.11733017979972815
delta,delta_core_p0p95_open_p0p20,2,-0.08,0.95,0.2,0.002,0.002,peak2,1843,1895,0.08089945842043454,0.8295667279927973,0.003445027267405437,0.08608878631936281
delta,delta_core_p0p95_open_p0p40,2,-0.08,0.95,0.4,0.002,0.002,peak1,401,453,0.9274415824500095,0.06999413747224019,0.00194047861020453,0.0006238014675457232
delta,delta_core_p0p95_open_p0p40,2,-0.08,0.95,0.4,0.002,0.002,valley,1133,1185,0.17073516813629475,0.6521283244346345,0.026660511754741704,0.15047599567432912
delta,delta_core_p0p95_open_p0p40,2,-0.08,0.95,0.4,0.002,0.002,peak2,1775,1827,0.10638740905472006,0.7992091400842908,0.004930373013693027,0.08947307784729619
delta,delta_core_p0p95_open_p0p55,2,-0.08,0.95,0.55,0.002,0.002,peak1,398,450,0.9207384840351287,0.07657178693761363,0.0019654173906720226,0.0007243116365856833
delta,delta_core_p0p95_open_p0p55,2,-0.08,0.95,0.55,0.002,0.002,valley,1119,1171,0.1805593220010148,0.6104626804195097,0.0339746251403945,0.175003372439081
delta,delta_core_p0p95_open_p0p55,2,-0.08,0.95,0.55,0.002,0.002,peak2,1736,1788,0.12720548363935283,0.7763160058469544,0.006318351735475321,0.09016015877821731
delta,delta_core_p0p95_open_p0p80,2,-0.08,0.95,0.8,0.002,0.002,peak1,393,445,0.9149162295604548,0.08220714026757783,0.0020247398212471708,0.0008518903507202052
delta,delta_core_p0p95_open_p0p80,2,-0.08,0.95,0.8,0.002,0.002,valley,1097,1149,0.20209358375164194,0.5371464160166047,0.049434357710451134,0.21132564252130223
delta,delta_core_p0p95_open_p0p80,2,-0.08,0.95,0.8,0.002,0.002,peak2,1686,1738,0.16307503166651444,0.738191591065279,0.009069416435300614,0.08966396083290583
delta,delta_core_p1p00_open_p0p00,2,-0.08,1.0,0.0,0.002,0.002,peak1,382,434,0.9618537739597366,0.036069927787125505,0.0018216711863862124,0.00025462706675164355
delta,delta_core_p1p00_open_p0p00,2,-0.08,1.0,0.0,0.002,0.002,valley,1096,1148,0.2009829661440111,0.6944247129508662,0.017298967775312736,0.08729335312981004
delta,delta_core_p1p00_open_p0p00,2,-0.08,1.0,0.0,0.002,0.002,peak2,1855,1907,0.06534773783388553,0.8587886273578575,0.0024232060719575435,0.07344042873629948
delta,delta_core_p1p00_open_p0p20,2,-0.08,1.0,0.2,0.002,0.002,peak1,376,428,0.9487532194654019,0.0491277604018756,0.0017528653681211802,0.00036615476460123095
delta,delta_core_p1p00_open_p0p20,2,-0.08,1.0,0.2,0.002,0.002,valley,1081,1133,0.17434142307039907,0.6871843198040901,0.02131512236402786,0.11715913476148289
delta,delta_core_p1p00_open_p0p20,2,-0.08,1.0,0.2,0.002,0.002,peak2,1763,1815,0.0880687191001616,0.8294743406928545,0.0034325194927475496,0.07902442071423625
delta,delta_core_p1p00_open_p0p40,2,-0.08,1.0,0.4,0.002,0.002,peak1,372,424,0.9378026859065232,0.059965432898832126,0.001749846929103436,0.0004820342655412962
delta,delta_core_p1p00_open_p0p40,2,-0.08,1.0,0.4,0.002,0.002,valley,1067,1119,0.17575688649066973,0.644303664846587,0.028918813186270275,0.15102063547647313
delta,delta_core_p1p00_open_p0p40,2,-0.08,1.0,0.4,0.002,0.002,peak2,1697,1749,0.11545577704509882,0.7983517698147423,0.004877081941533058,0.08131537119862578
delta,delta_core_p1p00_open_p0p55,2,-0.08,1.0,0.55,0.002,0.002,peak1,369,421,0.932121516546027,0.06555664436128365,0.0017643292578967556,0.0005575098347926776
delta,delta_core_p1p00_open_p0p55,2,-0.08,1.0,0.55,0.002,0.002,valley,1054,1106,0.18473222691861413,0.6019239588523763,0.036964630517544395,0.17637918371146527
delta,delta_core_p1p00_open_p0p55,2,-0.08,1.0,0.55,0.002,0.002,peak2,1660,1712,0.13732449803041236,0.7749744947054753,0.0062051358845040434,0.08149587137960831
delta,delta_core_p1p00_open_p0p80,2,-0.08,1.0,0.8,0.002,0.002,peak1,364,416,0.9272241909466634,0.07032102724128084,0.001802701325744207,0.0006520804863113995
delta,delta_core_p1p00_open_p0p80,2,-0.08,1.0,0.8,0.002,0.002,valley,1033,1085,0.20454573658082797,0.5270778493588313,0.05400623154172243,0.21437018251861836
delta,delta_core_p1p00_open_p0p80,2,-0.08,1.0,0.8,0.002,0.002,peak2,1612,1664,0.17492255454097855,0.7356875696808537,0.008826229867789973,0.08056364591037775
