workload_id,family,geometry_id,geometry_kind,t_max,defect_pairs,local_bias_sites,defect_bin,sparse_seconds,luca_seconds,linear_mfpt_seconds,luca_mode,speedup_sparse_over_luca,winner_fullfpt,sparse_wall_samples,luca_reported_samples,luca_wall_samples,linear_wall_samples,l1_error,linf_error,estimation_components_json
RF_C3_T300,reflecting,RF_C3,canonical,300,1004,141,"[701,+inf)",0.02015391702298075,110.00896475010086,0.20245787489693612,estimate,0.00018320249689434762,sparse,"[0.02015391702298075, 0.019320541061460972, 0.02029391599353403]","[107.08931802038569, 110.00896475010086, 110.58323505357839]","[3.4044312920887023, 3.4968028749572113, 3.51498754194472]","[0.20245787489693612, 0.22116137493867427, 0.20172720798291266]",,,"{""setup_seconds"": 0.05572504200972617, ""eval_seconds_sampled"": 3.4539839170174673, ""eval_nz"": 32, ""m"": 1024, ""fft_seconds"": 2.4667009711265564e-05, ""estimated_total_seconds"": 110.58323505357839, ""defect_pairs"": 1004}"
RF_C3_T1200,reflecting,RF_C3,canonical,1200,1004,141,"[701,+inf)",0.0537893750006333,438.2259018335026,0.20081395795568824,estimate,0.00012274348635163464,sparse,"[0.0537893750006333, 0.05810745805501938, 0.053601999999955297]","[438.2259018335026, 441.0131036262028, 427.21156925254036]","[3.481785707990639, 3.5071388750802726, 3.397764875087887]","[0.20524658309295774, 0.20081395795568824, 0.19973570900037885]",,,"{""setup_seconds"": 0.05609479092527181, ""eval_seconds_sampled"": 3.3371512920130044, ""eval_nz"": 32, ""m"": 4096, ""fft_seconds"": 0.00010908395051956177, ""estimated_total_seconds"": 427.21156925254036, ""defect_pairs"": 1004}"
RF_MB1_T300,reflecting,RF_MB1,canonical,300,752,0,"[701,+inf)",0.02145724999718368,41.93267944129184,0.20117233390919864,estimate,0.0005117071048899955,sparse,"[0.026010667090304196, 0.02017587493173778, 0.02145724999718368]","[42.135716000339016, 41.69732461345848, 41.93267944129184]","[1.3534015830373392, 1.3408824589569122, 1.3441417920403183]","[0.20117233390919864, 0.20409466593991965, 0.19975841708946973]",,,"{""setup_seconds"": 0.032607374945655465, ""eval_seconds_sampled"": 1.3093764591030777, ""eval_nz"": 32, ""m"": 1024, ""fft_seconds"": 2.537504769861698e-05, ""estimated_total_seconds"": 41.93267944129184, ""defect_pairs"": 752}"
RF_MB1_T1200,reflecting,RF_MB1,canonical,1200,752,0,"[701,+inf)",0.05803700000979006,170.25246454705484,0.20115091698244214,estimate,0.0003408878700475413,sparse,"[0.05803700000979006, 0.06284999998752028, 0.053761541028507054]","[170.25246454705484, 170.4625624193577, 169.4169632504927]","[1.3683743750443682, 1.370342707959935, 1.3625257919775322]","[0.20052837510593235, 0.20115091698244214, 0.20363045809790492]",,,"{""setup_seconds"": 0.03705674991942942, ""eval_seconds_sampled"": 1.3232801660196856, ""eval_nz"": 32, ""m"": 4096, ""fft_seconds"": 4.525005351752043e-05, ""estimated_total_seconds"": 169.4169632504927, ""defect_pairs"": 752}"
RF_MB2_T300,reflecting,RF_MB2,canonical,300,672,0,"[301,700]",0.023472584085538983,40.65627613547258,0.20052850001957268,estimate,0.0005773422043702415,sparse,"[0.023472584085538983, 0.02231062506325543, 0.02651904197409749]","[40.52420581388287, 41.24104086228181, 40.65627613547258]","[1.3047003749525174, 1.3279736660188064, 1.308275290997699]","[0.2002277079736814, 0.20106966700404882, 0.20052850001957268]",,,"{""setup_seconds"": 0.03679470799397677, ""eval_seconds_sampled"": 1.2693579170154408, ""eval_nz"": 32, ""m"": 1024, ""fft_seconds"": 2.8082984499633312e-05, ""estimated_total_seconds"": 40.65627613547258, ""defect_pairs"": 672}"
RF_MB2_T1200,reflecting,RF_MB2,canonical,1200,672,0,"[301,700]",0.07808812498115003,164.3482330746483,0.2083082910394296,estimate,0.00047513820818311913,sparse,"[0.07808812498115003, 0.0736731659853831, 0.08370958303567022]","[166.97595912811812, 164.3482330746483, 162.76342400943395]","[1.3446870839688927, 1.3254021659959108, 1.3117461670190096]","[0.20723095803987235, 0.2083082910394296, 0.20914779196027666]",,,"{""setup_seconds"": 0.03767708293162286, ""eval_seconds_sampled"": 1.271290917065926, ""eval_nz"": 32, ""m"": 4096, ""fft_seconds"": 0.0005095420638099313, ""estimated_total_seconds"": 162.76342400943395, ""defect_pairs"": 672}"
RF_MB3_T300,reflecting,RF_MB3,canonical,300,676,0,"[301,700]",0.0247961669228971,41.741532096406445,0.21414529194589704,estimate,0.0005940406515416768,sparse,"[0.031267583020962775, 0.0247961669228971, 0.023808041936717927]","[41.77025033114478, 41.374722237931564, 41.741532096406445]","[1.3438471249537542, 1.3304572079796344, 1.3437883340520784]","[0.21414529194589704, 0.21155929192900658, 0.22374466597102582]",,,"{""setup_seconds"": 0.0378852499416098, ""eval_seconds_sampled"": 1.3032381670782343, ""eval_nz"": 32, ""m"": 1024, ""fft_seconds"": 2.5499961338937283e-05, ""estimated_total_seconds"": 41.741532096406445, ""defect_pairs"": 676}"
RF_MB3_T1200,reflecting,RF_MB3,canonical,1200,676,0,"[301,700]",0.07171975006349385,166.1115010032663,0.21091120899654925,estimate,0.00043175667928064534,sparse,"[0.07171975006349385, 0.07077470910735428, 0.08097545802593231]","[165.78000129794236, 166.1115010032663, 166.18616262753494]","[1.3340053330175579, 1.3373648750130087, 1.3374076249310747]","[0.20981470902916044, 0.21583370899315923, 0.21091120899654925]",,,"{""setup_seconds"": 0.036983625032007694, ""eval_seconds_sampled"": 1.2980400830274448, ""eval_nz"": 32, ""m"": 4096, ""fft_seconds"": 4.837499000132084e-05, ""estimated_total_seconds"": 166.18616262753494, ""defect_pairs"": 676}"
RF_NB1_T300,reflecting,RF_NB1,canonical,300,20,0,"[0,20]",0.02587599994149059,0.22768112493213266,0.20837941695936024,full,0.11365017609256685,sparse,"[0.02587599994149059, 0.021218375070020556, 0.0258917500032112]","[0.0, 0.0, 0.0]","[0.21130895800888538, 0.25445016601588577, 0.22768112493213266]","[0.20837941695936024, 0.21117316698655486, 0.18915991706307977]",8.436198078017385e-10,3.002668738591632e-12,
RF_NB1_T1200,reflecting,RF_NB1,canonical,1200,20,0,"[0,20]",0.07806487497873604,0.6268279579235241,0.2099317079409957,full,0.12453955505963618,sparse,"[0.0742570839356631, 0.07806487497873604, 0.08252250007353723]","[0.0, 0.0, 0.0]","[0.7625906249741092, 0.6268279579235241, 0.5633362919325009]","[0.20738562499172986, 0.21126312494743615, 0.2099317079409957]",6.794576942210837e-10,7.354726541838689e-13,
RF_NB2_T300,reflecting,RF_NB2,canonical,300,40,0,"[21,60]",0.047752249985933304,0.4523292080266401,0.19181383296381682,full,0.10556968053038246,sparse,"[0.0392418330302462, 0.051028374931775033, 0.047752249985933304]","[0.0, 0.0, 0.0]","[0.4523292080266401, 0.38819095795042813, 0.5395326249999925]","[0.18575854098889977, 0.20020600000862032, 0.19181383296381682]",8.087523222732153e-10,2.759162478698233e-12,
RF_NB2_T1200,reflecting,RF_NB2,canonical,1200,40,0,"[21,60]",0.07629633299075067,1.7554986249888316,0.2118937079794705,full,0.043461345913179544,sparse,"[0.07629633299075067, 0.07708462502341717, 0.06917158293072134]","[0.0, 0.0, 0.0]","[1.5270577910123393, 1.81682325003203, 1.7554986249888316]","[0.20995420799590647, 0.21492095803841949, 0.2118937079794705]",8.97524791430658e-10,9.362771537415085e-13,
RF_NB3_T300,reflecting,RF_NB3,canonical,300,56,8,"[21,60]",0.025630166986957192,0.5312040830031037,0.21088995900936425,full,0.04824919048449302,sparse,"[0.025630166986957192, 0.026738167041912675, 0.024145124945789576]","[0.0, 0.0, 0.0]","[0.48176516604144126, 0.5387630830518901, 0.5312040830031037]","[0.21088995900936425, 0.20979945897124708, 0.21590833400841802]",1.1422720707185736e-09,4.413760309597331e-12,
RF_NB3_T1200,reflecting,RF_NB3,canonical,1200,56,8,"[21,60]",0.07466312497854233,2.1941167500335723,0.21042541600763798,full,0.03402878400951084,sparse,"[0.06221374997403473, 0.07466312497854233, 0.07996150001417845]","[0.0, 0.0, 0.0]","[2.2201491250889376, 2.1941167500335723, 2.187730959034525]","[0.21042541600763798, 0.2067751670256257, 0.21112954209093004]",9.134897008483707e-11,1.3651150063486402e-13,
RF_NB4_T300,reflecting,RF_NB4,canonical,300,936,236,"[701,+inf)",0.029385333065874875,151.95336862443946,0.21413724997546524,estimate,0.00019338388699037157,sparse,"[0.02587154193315655, 0.03499158297199756, 0.029385333065874875]","[151.95336862443946, 149.34878064575605, 152.40532358607743]","[4.8285819159355015, 4.74596870795358, 4.840860500000417]","[0.21614591591060162, 0.21413724997546524, 0.2104629579698667]",,,"{""setup_seconds"": 0.07355737499892712, ""eval_seconds_sampled"": 4.760366875096224, ""eval_nz"": 32, ""m"": 1024, ""fft_seconds"": 2.62079993262887e-05, ""estimated_total_seconds"": 152.40532358607743, ""defect_pairs"": 936}"
RF_NB4_T1200,reflecting,RF_NB4,canonical,1200,936,236,"[701,+inf)",0.056472625001333654,610.9051480034832,0.20435208291746676,estimate,9.244090541042823e-05,sparse,"[0.06762062502093613, 0.056472625001333654, 0.05598337505944073]","[610.9051480034832, 610.2132205381058, 616.6461069649085]","[4.85413366695866, 4.8478629579767585, 4.9005975420586765]","[0.20804712502285838, 0.20435208291746676, 0.20386533299461007]",,,"{""setup_seconds"": 0.07584208308253437, ""eval_seconds_sampled"": 4.81695483403746, ""eval_nz"": 32, ""m"": 4096, ""fft_seconds"": 4.612503107637167e-05, ""estimated_total_seconds"": 616.6461069649085, ""defect_pairs"": 936}"
RF_NB5_T300,reflecting,RF_NB5,canonical,300,936,236,"[701,+inf)",0.02487108390778303,148.45458218397107,0.2094007080886513,estimate,0.00016753328554696786,sparse,"[0.02487108390778303, 0.029355166014283895, 0.021820000023581088]","[151.27669676067308, 148.45458218397107, 141.61293349822517]","[4.80544008302968, 4.717019291012548, 4.503312874934636]","[0.313049333053641, 0.2094007080886513, 0.2041442079935223]",,,"{""setup_seconds"": 0.07497220789082348, ""eval_seconds_sampled"": 4.423060499946587, ""eval_nz"": 32, ""m"": 1024, ""fft_seconds"": 2.5292043574154377e-05, ""estimated_total_seconds"": 141.61293349822517, ""defect_pairs"": 936}"
RF_NB5_T1200,reflecting,RF_NB5,canonical,1200,936,236,"[701,+inf)",0.05839354207273573,621.6810286721447,0.20467008301056921,estimate,9.392846070509683e-05,sparse,"[0.06026025000028312, 0.05839354207273573, 0.054914292064495385]","[622.3378616973059, 611.6802657145308, 621.6810286721447]","[4.94205608300399, 4.860273333033547, 4.939259167062119]","[0.20467008301056921, 0.20194470800925046, 0.20988595800008625]",,,"{""setup_seconds"": 0.07553691696375608, ""eval_seconds_sampled"": 4.856292583048344, ""eval_nz"": 32, ""m"": 4096, ""fft_seconds"": 4.112499300390482e-05, ""estimated_total_seconds"": 621.6810286721447, ""defect_pairs"": 936}"
RF_R1_T300,reflecting,RF_R1,canonical,300,973,137,"[701,+inf)",0.023451667046174407,95.62374770687893,0.20468908292241395,estimate,0.0002452494030882598,sparse,"[0.02574225002899766, 0.023451667046174407, 0.02111016702838242]","[95.62374770687893, 95.88430948881432, 95.5510258137947]","[3.0493245830293745, 3.056052125059068, 3.0450711669400334]","[0.20605829206760973, 0.20373945799656212, 0.20468908292241395]",,,"{""setup_seconds"": 0.05790404207073152, ""eval_seconds_sampled"": 2.9841592910233885, ""eval_nz"": 32, ""m"": 1024, ""fft_seconds"": 2.445897553116083e-05, ""estimated_total_seconds"": 95.5510258137947, ""defect_pairs"": 973}"
RF_R1_T1200,reflecting,RF_R1,canonical,1200,973,137,"[701,+inf)",0.0622391669312492,365.8184770946391,0.20420945796649903,estimate,0.00017013675040571452,sparse,"[0.0622391669312492, 0.06305279093794525, 0.0606675420422107]","[368.70369912602473, 365.8184770946391, 357.2517567174509]","[2.9364798750029877, 2.918905541067943, 2.8474506250349805]","[0.20989758300129324, 0.20420945796649903, 0.20217795798089355]",,,"{""setup_seconds"": 0.053849541931413114, ""eval_seconds_sampled"": 2.7906083330744877, ""eval_nz"": 32, ""m"": 4096, ""fft_seconds"": 4.054198507219553e-05, ""estimated_total_seconds"": 357.2517567174509, ""defect_pairs"": 973}"
RF_R2_T300,reflecting,RF_R2,canonical,300,1272,159,"[701,+inf)",0.02418895799200982,199.66693859372754,0.20122591697145253,estimate,0.00012114653613850574,sparse,"[0.02659950009547174, 0.02418895799200982, 0.019719542004168034]","[199.66693859372754, 197.89792824257165, 208.7439780519344]","[6.323518083081581, 6.2655471249017864, 6.6103748749010265]","[0.20122591697145253, 0.2059217089554295, 0.20007862499915063]",,,"{""setup_seconds"": 0.07944783300627023, ""eval_seconds_sampled"": 6.520765791996382, ""eval_nz"": 32, ""m"": 1024, ""fft_seconds"": 2.4875043891370296e-05, ""estimated_total_seconds"": 208.7439780519344, ""defect_pairs"": 1272}"
RF_R2_T1200,reflecting,RF_R2,canonical,1200,1272,159,"[701,+inf)",0.06024691695347428,825.0251528371591,0.20228645903989673,estimate,7.302433961715301e-05,sparse,"[0.05612079193815589, 0.0661960830911994, 0.06024691695347428]","[821.4200731409946, 832.0223785059061, 825.0251528371591]","[6.5005389580037445, 6.586303457967006, 6.5316248330054805]","[0.20228645903989673, 0.19820170802995563, 0.20805900008417666]",,,"{""setup_seconds"": 0.07797058299183846, ""eval_seconds_sampled"": 6.444899542024359, ""eval_nz"": 32, ""m"": 4096, ""fft_seconds"": 4.087504930794239e-05, ""estimated_total_seconds"": 825.0251528371591, ""defect_pairs"": 1272}"
RF_R3_T300,reflecting,RF_R3,canonical,300,984,126,"[701,+inf)",0.023047041962854564,91.08420181029942,0.20529616705607623,estimate,0.0002530300700318428,sparse,"[0.022833333001472056, 0.023047041962854564, 0.03172266704495996]","[91.02979868708644, 92.63087316707242, 91.08420181029942]","[2.9035992909921333, 2.953606416005641, 2.9046267500380054]","[0.20477366703562438, 0.21208062500227243, 0.20529616705607623]",,,"{""setup_seconds"": 0.0570362500147894, ""eval_seconds_sampled"": 2.8445981659460813, ""eval_nz"": 32, ""m"": 1024, ""fft_seconds"": 2.4250010028481483e-05, ""estimated_total_seconds"": 91.08420181029942, ""defect_pairs"": 984}"
RF_R3_T1200,reflecting,RF_R3,canonical,1200,984,126,"[701,+inf)",0.058153584017418325,388.1015840799082,0.20201108290348202,estimate,0.00014984114057479546,sparse,"[0.057692374917678535, 0.059177667018957436, 0.058153584017418325]","[388.1015840799082, 373.8327529556118, 408.9192043755902]","[3.0922940829768777, 2.9827405840624124, 3.259770500008017]","[0.19837933289818466, 0.20212204102426767, 0.20201108290348202]",,,"{""setup_seconds"": 0.06210608303081244, ""eval_seconds_sampled"": 3.194194708019495, ""eval_nz"": 32, ""m"": 4096, ""fft_seconds"": 0.00017566606402397156, ""estimated_total_seconds"": 408.9192043755902, ""defect_pairs"": 984}"
RF_R4_T300,reflecting,RF_R4,canonical,300,887,118,"[701,+inf)",0.024919291026890278,80.17917270504404,0.2125381249934435,estimate,0.00031079506293437494,sparse,"[0.03153841698076576, 0.024777749902568758, 0.024919291026890278]","[80.92982594005298, 76.69914133206476, 80.17917270504404]","[2.5815366249298677, 2.4505116670625284, 2.560164582915604]","[0.22229679196607322, 0.2125381249934435, 0.19217845797538757]",,,"{""setup_seconds"": 0.05317166598979384, ""eval_seconds_sampled"": 2.5039364999393, ""eval_nz"": 32, ""m"": 1024, ""fft_seconds"": 3.304099664092064e-05, ""estimated_total_seconds"": 80.17917270504404, ""defect_pairs"": 887}"
RF_R4_T1200,reflecting,RF_R4,canonical,1200,887,118,"[701,+inf)",0.06452012504450977,297.73129917436745,0.20803199999500066,estimate,0.0002167058862250264,sparse,"[0.06452012504450977, 0.06699995801318437, 0.060544083011336625]","[297.73129917436745, 298.69683290517423, 297.50076837814413]","[2.3820907920598984, 2.3886335419956595, 2.3769160420633852]","[0.20803199999500066, 0.21228491701185703, 0.20647470792755485]",,,"{""setup_seconds"": 0.0502258330816403, ""eval_seconds_sampled"": 2.3238320000236854, ""eval_nz"": 32, ""m"": 4096, ""fft_seconds"": 4.654203075915575e-05, ""estimated_total_seconds"": 297.50076837814413, ""defect_pairs"": 887}"
RF_R5_T300,reflecting,RF_R5,canonical,300,973,137,"[701,+inf)",0.025724792038090527,93.82333617913537,0.20891929196659476,estimate,0.000274183301145619,sparse,"[0.025724792038090527, 0.024946958990767598, 0.02841079095378518]","[92.45691598020494, 93.82333617913537, 96.31082220969256]","[2.9492480830522254, 2.991102167055942, 3.0697582089342177]","[0.20759479200933129, 0.20891929196659476, 0.21489233302418143]",,,"{""setup_seconds"": 0.05860754195600748, ""eval_seconds_sampled"": 3.007880875025876, ""eval_nz"": 32, ""m"": 1024, ""fft_seconds"": 2.6666908524930477e-05, ""estimated_total_seconds"": 96.31082220969256, ""defect_pairs"": 973}"
RF_R5_T1200,reflecting,RF_R5,canonical,1200,973,137,"[701,+inf)",0.055318124941550195,380.74733208387624,0.20540154201444238,estimate,0.00014528827986472656,sparse,"[0.050793749978765845, 0.059569708071649075, 0.055318124941550195]","[395.010070958524, 376.16178320732433, 380.74733208387624]","[3.1483396249823272, 2.9984085420146585, 3.035361665999517]","[0.20540154201444238, 0.20565754198469222, 0.20487804210279137]",,,"{""setup_seconds"": 0.058257333002984524, ""eval_seconds_sampled"": 2.974133083014749, ""eval_nz"": 32, ""m"": 4096, ""fft_seconds"": 4.012498538941145e-05, ""estimated_total_seconds"": 380.74733208387624, ""defect_pairs"": 973}"
RF_R6_T300,reflecting,RF_R6,canonical,300,988,114,"[701,+inf)",0.02104137500282377,92.2732422684785,0.2096164160175249,estimate,0.00022803333323437062,sparse,"[0.020626666955649853, 0.02104137500282377, 0.024972791085019708]","[93.4417838351801, 91.97349164402112, 92.2732422684785]","[2.9832007080549374, 2.9345510409912094, 2.941121833981015]","[0.21406204195227474, 0.2096164160175249, 0.20913666696287692]",,,"{""setup_seconds"": 0.056295332964509726, ""eval_seconds_sampled"": 2.8817788339219987, ""eval_nz"": 32, ""m"": 1024, ""fft_seconds"": 2.4250010028481483e-05, ""estimated_total_seconds"": 92.2732422684785, ""defect_pairs"": 988}"
RF_R6_T1200,reflecting,RF_R6,canonical,1200,988,114,"[701,+inf)",0.05674016696866602,361.71351067349315,0.2081499999621883,estimate,0.00015686493673686271,sparse,"[0.061443708022125065, 0.056149791926145554, 0.05674016696866602]","[392.0304244613508, 355.8324427140178, 361.71351067349315]","[3.1238784169545397, 2.838818583986722, 2.8865835829637945]","[0.20624741597566754, 0.21165483305230737, 0.2081499999621883]",,,"{""setup_seconds"": 0.05780650000087917, ""eval_seconds_sampled"": 2.8254342500586063, ""eval_nz"": 32, ""m"": 4096, ""fft_seconds"": 0.000120165990665555, ""estimated_total_seconds"": 361.71351067349315, ""defect_pairs"": 988}"
RF_R7_T300,reflecting,RF_R7,canonical,300,754,99,"[701,+inf)",0.026067249942570925,70.38897224073298,0.3840706250630319,estimate,0.0003703314469974065,sparse,"[0.026067249942570925, 0.02690754202194512, 0.02414624998345971]","[77.26388785429299, 70.38897224073298, 51.73731920530554]","[2.4805489579448476, 2.2511496669612825, 1.6808513749856502]","[0.49755333398934454, 0.3840706250630319, 0.34215141693130136]",,,"{""setup_seconds"": 0.06298849999438971, ""eval_seconds_sampled"": 1.6148219999158755, ""eval_nz"": 32, ""m"": 1024, ""fft_seconds"": 2.6708003133535385e-05, ""estimated_total_seconds"": 51.73731920530554, ""defect_pairs"": 754}"
RF_R7_T1200,reflecting,RF_R7,canonical,1200,754,99,"[701,+inf)",0.09157395805232227,207.08730295486748,0.32840320793911815,estimate,0.00044219977152476535,sparse,"[0.08567708393093199, 0.09214295807760209, 0.09157395805232227]","[235.67554658465087, 207.08730295486748, 191.712485885364]","[1.9244454170111567, 1.6674315000418574, 1.5427326670615003]","[0.32840320793911815, 0.3243587500182912, 0.3613066670950502]",,,"{""setup_seconds"": 0.04290899995248765, ""eval_seconds_sampled"": 1.4974180840654299, ""eval_nz"": 32, ""m"": 4096, ""fft_seconds"": 6.212503649294376e-05, ""estimated_total_seconds"": 191.712485885364, ""defect_pairs"": 754}"
RF_S0a_T300,reflecting,RF_S0a,low_defect_control,300,9,0,"[0,20]",0.012294374988414347,0.048209667089395225,0.009724249946884811,full,0.25501887340596807,sparse,"[0.012294374988414347, 0.01587329199537635, 0.008871249970979989]","[0.0, 0.0, 0.0]","[0.04703570797573775, 0.048209667089395225, 0.06423724989872426]","[0.009114917018450797, 0.009724249946884811, 0.009793582954443991]",1.7332970671741856e-09,6.927412376372954e-11,
RF_S0a_T1200,reflecting,RF_S0a,low_defect_control,1200,9,0,"[0,20]",0.02324254100676626,0.18561070796567947,0.008600500063039362,full,0.12522198348095276,sparse,"[0.020789791946299374, 0.024942832998931408, 0.02324254100676626]","[0.0, 0.0, 0.0]","[0.18926883302628994, 0.18561070796567947, 0.17099762498401105]","[0.008391875075176358, 0.008600500063039362, 0.009015582967549562]",3.050707302774491e-09,3.3020725883443555e-11,
RF_S0b_T300,reflecting,RF_S0b,low_defect_control,300,9,0,"[0,20]",0.009556499891914427,0.05534620804246515,0.008942457963712513,full,0.17266765384508492,sparse,"[0.009556499891914427, 0.006532792001962662, 0.010234500048682094]","[0.0, 0.0, 0.0]","[0.05534620804246515, 0.04231145803350955, 0.061636708094738424]","[0.008942457963712513, 0.009124208008870482, 0.00793854205403477]",1.0781726336246266e-09,4.5267739772728475e-12,
RF_S0b_T1200,reflecting,RF_S0b,low_defect_control,1200,9,0,"[0,20]",0.028786333044990897,0.21419329207856208,0.009271499933674932,full,0.13439418557716837,sparse,"[0.026308749918825924, 0.029538167058490217, 0.028786333044990897]","[0.0, 0.0, 0.0]","[0.34463874995708466, 0.18567279202397913, 0.21419329207856208]","[0.00932991597801447, 0.009271499933674932, 0.00922691693995148]",2.0395047316948665e-11,7.97184041868848e-14,
RF_S0c_T300,reflecting,RF_S0c,low_defect_control,300,14,0,"[0,20]",0.00812337500974536,0.08271300001069903,0.010555499931797385,full,0.09821158715914778,sparse,"[0.00812337500974536, 0.009876749943941832, 0.00787058298010379]","[0.0, 0.0, 0.0]","[0.08235883305314928, 0.0900325410766527, 0.08271300001069903]","[0.014469875022768974, 0.01009387499652803, 0.010555499931797385]",1.7951865664999913e-09,5.7124197082661365e-11,
RF_S0c_T1200,reflecting,RF_S0c,low_defect_control,1200,14,0,"[0,20]",0.024463834008201957,0.3507244170177728,0.009485832997597754,full,0.0697522978759767,sparse,"[0.02642150002066046, 0.015244374983012676, 0.024463834008201957]","[0.0, 0.0, 0.0]","[0.4072430420201272, 0.3507244170177728, 0.3299476670799777]","[0.010319040971808136, 0.009485832997597754, 0.009354291018098593]",2.850961738551835e-09,3.3135745774841296e-11,
RF_S0d_T300,reflecting,RF_S0d,low_defect_control,300,18,0,"[0,20]",0.006711957976222038,0.12147116602864116,0.009949458995833993,full,0.05525556554416753,sparse,"[0.006711957976222038, 0.005845041945576668, 0.007156000006943941]","[0.0, 0.0, 0.0]","[0.12147116602864116, 0.11889408400747925, 0.15223554207477719]","[0.009949458995833993, 0.00969762506429106, 0.012529458035714924]",1.7355014910631379e-09,6.9318554368758e-11,
RF_S0d_T1200,reflecting,RF_S0d,low_defect_control,1200,18,0,"[0,20]",0.029617166961543262,0.4539195840479806,0.008909041993319988,full,0.06524760773135675,sparse,"[0.029617166961543262, 0.027464042068459094, 0.03518983302637935]","[0.0, 0.0, 0.0]","[0.5185263749444857, 0.4539195840479806, 0.3961242090445012]","[0.008909041993319988, 0.009762458968907595, 0.008407374960370362]",3.0507024956890554e-09,3.3042767198614154e-11,
TT_CORR_W20_S0_T300,two_target,TT_CORR_W20_S0,corridor,300,136,69,"[121,300]",0.00730016699526459,1.3625813950784504,0.018603250035084784,estimate,0.005357600670046051,sparse,"[0.0027737499913200736, 0.00730016699526459, 0.008826541947200894]","[1.3304762289626524, 1.3939685443183407, 1.3625813950784504]","[0.04731199995148927, 0.04932183295022696, 0.04870337503962219]","[0.018603250035084784, 0.017236500047147274, 0.020007707993499935]",,,"{""setup_seconds"": 0.006059542065486312, ""eval_seconds_sampled"": 0.0423906659707427, ""eval_nz"": 32, ""m"": 1024, ""fft_seconds"": 2.0541949197649956e-05, ""estimated_total_seconds"": 1.3625813950784504, ""defect_pairs"": 136, ""defect_nodes"": 72}"
TT_CORR_W20_S0_T600,two_target,TT_CORR_W20_S0,corridor,600,136,69,"[121,300]",0.0108343749307096,2.8820843980647624,0.019288541981950402,estimate,0.003759215010491912,sparse,"[0.011513917008414865, 0.005657458095811307, 0.0108343749307096]","[2.637957983301021, 2.9370416632154956, 2.8820843980647624]","[0.04742149997036904, 0.05160254193469882, 0.050961875007487833]","[0.019288541981950402, 0.01791608310304582, 0.019707500003278255]",,,"{""setup_seconds"": 0.005539500038139522, ""eval_seconds_sampled"": 0.044945667032152414, ""eval_nz"": 32, ""m"": 2048, ""fft_seconds"": 2.220796886831522e-05, ""estimated_total_seconds"": 2.8820843980647624, ""defect_pairs"": 136, ""defect_nodes"": 72}"
TT_CORR_W20_S0_T1200,two_target,TT_CORR_W20_S0,corridor,1200,136,69,"[121,300]",0.017917082994244993,5.742029291111976,0.019617707934230566,estimate,0.00312033988088125,sparse,"[0.017917082994244993, 0.019801000016741455, 0.013844541972503066]","[5.717830286594108, 5.742029291111976, 5.775770126609132]","[0.05041966598946601, 0.05067816702648997, 0.05142887507099658]","[0.01987750001717359, 0.019617707934230566, 0.01790833391714841]",,,"{""setup_seconds"": 0.006035124999471009, ""eval_seconds_sampled"": 0.0450757920043543, ""eval_nz"": 32, ""m"": 4096, ""fft_seconds"": 3.362505231052637e-05, ""estimated_total_seconds"": 5.775770126609132, ""defect_pairs"": 136, ""defect_nodes"": 72}"
TT_CORR_W20_S1_T300,two_target,TT_CORR_W20_S1,corridor,300,136,69,"[121,300]",0.00649954192340374,1.706427593366243,0.018261625082232058,estimate,0.00380885889836216,sparse,"[0.0028369169449433684, 0.00649954192340374, 0.008882958092726767]","[2.131209691055119, 1.706427593366243, 1.5009783630957827]","[0.07228274992667139, 0.05857579200528562, 0.05254316597711295]","[0.019501250004395843, 0.01777233404573053, 0.018261625082232058]",,,"{""setup_seconds"": 0.005376875051297247, ""eval_seconds_sampled"": 0.04673695797100663, ""eval_nz"": 32, ""m"": 1024, ""fft_seconds"": 1.8832972273230553e-05, ""estimated_total_seconds"": 1.5009783630957827, ""defect_pairs"": 136, ""defect_nodes"": 72}"
TT_CORR_W20_S1_T600,two_target,TT_CORR_W20_S1,corridor,600,136,69,"[121,300]",0.013140000053681433,2.964730958803557,0.01880541699938476,estimate,0.004432105387054816,sparse,"[0.016061417059972882, 0.013140000053681433, 0.009014917071908712]","[2.964730958803557, 2.946161059080623, 2.9834950802614912]","[0.051871208008378744, 0.05161233397666365, 0.05236720805987716]","[0.01996670907828957, 0.018482165993191302, 0.01880541699938476]",,,"{""setup_seconds"": 0.005281332996673882, ""eval_seconds_sampled"": 0.046534165972843766, ""eval_nz"": 32, ""m"": 2048, ""fft_seconds"": 2.7125002816319466e-05, ""estimated_total_seconds"": 2.9834950802614912, ""defect_pairs"": 136, ""defect_nodes"": 72}"
TT_CORR_W20_S1_T1200,two_target,TT_CORR_W20_S1,corridor,1200,136,69,"[121,300]",0.03213762503582984,6.038438370684162,0.020861542085185647,estimate,0.0053221748841312784,sparse,"[0.03456741594709456, 0.02458979096263647, 0.03213762503582984]","[6.038438370684162, 5.98075899539981, 6.039645376149565]","[0.05313733301591128, 0.053120290976949036, 0.05362062493804842]","[0.020861542085185647, 0.01965499995276332, 0.028962749987840652]",,,"{""setup_seconds"": 0.005930875078774989, ""eval_seconds_sampled"": 0.0471360000083223, ""eval_nz"": 32, ""m"": 4096, ""fft_seconds"": 0.0003065000055357814, ""estimated_total_seconds"": 6.039645376149565, ""defect_pairs"": 136, ""defect_nodes"": 72}"
TT_CORR_W20_S2_T300,two_target,TT_CORR_W20_S2,corridor,300,136,69,"[121,300]",0.0033003330463543534,1.4289961127797142,0.019545417046174407,estimate,0.00230954655288353,sparse,"[0.0028260410763323307, 0.0033003330463543534, 0.008993332972750068]","[1.5077012600377202, 1.4289961127797142, 1.4063718664692715]","[0.05293091700877994, 0.05034291697666049, 0.04976170801091939]","[0.017828500014729798, 0.02056766697205603, 0.019545417046174407]",,,"{""setup_seconds"": 0.005713708000257611, ""eval_seconds_sampled"": 0.04376995807979256, ""eval_nz"": 32, ""m"": 1024, ""fft_seconds"": 1.9499915651977062e-05, ""estimated_total_seconds"": 1.4063718664692715, ""defect_pairs"": 136, ""defect_nodes"": 72}"
TT_CORR_W20_S2_T600,two_target,TT_CORR_W20_S2,corridor,600,136,69,"[121,300]",0.00578983302693814,2.6852422694209963,0.019756166962906718,estimate,0.002156167841118697,sparse,"[0.006635959027335048, 0.005579333053901792, 0.00578983302693814]","[2.6638222051551566, 2.8537417750339955, 2.6852422694209963]","[0.04784775001462549, 0.05026720801834017, 0.04751304199453443]","[0.020507833920419216, 0.01923845906276256, 0.019756166962906718]",,,"{""setup_seconds"": 0.005406208918429911, ""eval_seconds_sampled"": 0.04187208297662437, ""eval_nz"": 32, ""m"": 2048, ""fft_seconds"": 2.274999860674143e-05, ""estimated_total_seconds"": 2.6852422694209963, ""defect_pairs"": 136, ""defect_nodes"": 72}"
TT_CORR_W20_S2_T1200,two_target,TT_CORR_W20_S2,corridor,1200,136,69,"[121,300]",0.01659645908512175,5.633219454903156,0.01817820791620761,estimate,0.0029461765546300862,sparse,"[0.01476595806889236, 0.01659645908512175, 0.026141042006202042]","[5.581308999564499, 5.633219454903156, 5.652846408193]","[0.04942095896694809, 0.04956820793449879, 0.05004224996082485]","[0.01732520805671811, 0.01817820791620761, 0.019536917097866535]",,,"{""setup_seconds"": 0.005598457995802164, ""eval_seconds_sampled"": 0.04411887493915856, ""eval_nz"": 32, ""m"": 4096, ""fft_seconds"": 3.1957984901964664e-05, ""estimated_total_seconds"": 5.652846408193, ""defect_pairs"": 136, ""defect_nodes"": 72}"
TT_CORR_W20_S3_T300,two_target,TT_CORR_W20_S3,corridor,300,134,68,"[121,300]",0.002870792057365179,1.3493223764235154,0.018785416963510215,estimate,0.00212758056008412,sparse,"[0.002870792057365179, 0.0034302910789847374, 0.0028282080311328173]","[1.3648664199281484, 1.3493223764235154, 1.3334895188454539]","[0.04870695900171995, 0.04915158299263567, 0.04743958299513906]","[0.018785416963510215, 0.018688000040128827, 0.019927832996472716]",,,"{""setup_seconds"": 0.005675332969985902, ""eval_seconds_sampled"": 0.04149358393624425, ""eval_nz"": 32, ""m"": 1024, ""fft_seconds"": 1.9499915651977062e-05, ""estimated_total_seconds"": 1.3334895188454539, ""defect_pairs"": 134, ""defect_nodes"": 71}"
TT_CORR_W20_S3_T600,two_target,TT_CORR_W20_S3,corridor,600,134,68,"[121,300]",0.007700124988332391,2.81164868560154,0.01964062498882413,estimate,0.0027386511792048384,sparse,"[0.00836591690313071, 0.005666250013746321, 0.007700124988332391]","[2.81164868560154, 2.8233163519762456, 2.8087628118228167]","[0.049825584050267935, 0.049911584006622434, 0.049526666989549994]","[0.020203875028528273, 0.01918941701296717, 0.01964062498882413]",,,"{""setup_seconds"": 0.005460583022795618, ""eval_seconds_sampled"": 0.04380108299665153, ""eval_nz"": 32, ""m"": 2048, ""fft_seconds"": 3.2917014323174953e-05, ""estimated_total_seconds"": 2.8087628118228167, ""defect_pairs"": 134, ""defect_nodes"": 71}"
TT_CORR_W20_S3_T1200,two_target,TT_CORR_W20_S3,corridor,1200,134,68,"[121,300]",0.017741625080816448,5.699534782324918,0.018284416990354657,estimate,0.003112819863094054,sparse,"[0.01673058304004371, 0.019954458926804364, 0.017741625080816448]","[5.735143377678469, 5.525128759793006, 5.699534782324918]","[0.05060058296658099, 0.04930058296304196, 0.05037654109764844]","[0.016982040950097144, 0.018284416990354657, 0.018621166003867984]",,,"{""setup_seconds"": 0.005533874966204166, ""eval_seconds_sampled"": 0.044483874924480915, ""eval_nz"": 32, ""m"": 4096, ""fft_seconds"": 6.491702515631914e-05, ""estimated_total_seconds"": 5.699534782324918, ""defect_pairs"": 134, ""defect_nodes"": 71}"
TT_CORR_W21_S0_T300,two_target,TT_CORR_W21_S0,corridor,300,318,160,"[301,700]",0.004614457953721285,7.194831718690693,0.017060709069482982,estimate,0.0006413573151035447,sparse,"[0.002873208955861628, 0.004614457953721285, 0.007974624983035028]","[7.632422377122566, 7.194831718690693, 7.111020741285756]","[0.24957724998239428, 0.23572279198560864, 0.23328779207076877]","[0.017060709069482982, 0.015815500053577125, 0.019267041003331542]",,,"{""setup_seconds"": 0.010299624991603196, ""eval_seconds_sampled"": 0.22189695807173848, ""eval_nz"": 32, ""m"": 1024, ""fft_seconds"": 1.8457998521625996e-05, ""estimated_total_seconds"": 7.111020741285756, ""defect_pairs"": 318, ""defect_nodes"": 165}"
TT_CORR_W21_S0_T600,two_target,TT_CORR_W21_S0,corridor,600,318,160,"[301,700]",0.011554874945431948,13.972724935854785,0.01785195805132389,estimate,0.0008269593081147328,sparse,"[0.011554874945431948, 0.008621999993920326, 0.01677341596223414]","[13.972724935854785, 13.808198828366585, 14.338492958107963]","[0.2304364590672776, 0.22760362492408603, 0.23523291700985283]","[0.01785195805132389, 0.01766341703478247, 0.019084042054601014]",,,"{""setup_seconds"": 0.01042508298996836, ""eval_seconds_sampled"": 0.22387470898684114, ""eval_nz"": 32, ""m"": 2048, ""fft_seconds"": 8.649996016174555e-05, ""estimated_total_seconds"": 14.338492958107963, ""defect_pairs"": 318, ""defect_nodes"": 165}"
TT_CORR_W21_S0_T1200,two_target,TT_CORR_W21_S0,corridor,1200,318,160,"[301,700]",0.013019417063333094,28.43037711957004,0.018626624951139092,estimate,0.0004579403575470402,sparse,"[0.015708957915194333, 0.01184775005094707, 0.013019417063333094]","[28.43037711957004, 28.948341874871403, 28.10019424383063]","[0.23400620801839978, 0.23764691594988108, 0.2320437920279801]","[0.018626624951139092, 0.02931758400518447, 0.018625541008077562]",,,"{""setup_seconds"": 0.011163249961100519, ""eval_seconds_sampled"": 0.21944312495179474, ""eval_nz"": 32, ""m"": 4096, ""fft_seconds"": 0.00031100003980100155, ""estimated_total_seconds"": 28.10019424383063, ""defect_pairs"": 318, ""defect_nodes"": 165}"
TT_CORR_W21_S1_T300,two_target,TT_CORR_W21_S1,corridor,300,318,160,"[301,700]",0.004134125076234341,6.876040543895215,0.018786291941069067,estimate,0.0006012362855982225,sparse,"[0.005067833000794053, 0.004134125076234341, 0.0027685000095516443]","[6.985575801809318, 6.755055002286099, 6.876040543895215]","[0.2299580000108108, 0.22199774999171495, 0.22657262498978525]","[0.01788766705431044, 0.019233958097174764, 0.018786291941069067]",,,"{""setup_seconds"": 0.010949584073387086, ""eval_seconds_sampled"": 0.21453350002411753, ""eval_nz"": 32, ""m"": 1024, ""fft_seconds"": 1.8959050066769123e-05, ""estimated_total_seconds"": 6.876040543895215, ""defect_pairs"": 318, ""defect_nodes"": 165}"
TT_CORR_W21_S1_T600,two_target,TT_CORR_W21_S1,corridor,600,318,160,"[301,700]",0.007239916943944991,13.94588071340695,0.01875766704324633,estimate,0.0005191437595608326,sparse,"[0.007239916943944991, 0.006704667001031339, 0.008925000089220703]","[14.419841227238066, 13.930640226462856, 13.94588071340695]","[0.23627804103307426, 0.23118466697633266, 0.2299172079656273]","[0.01875766704324633, 0.017791292048059404, 0.0187704999698326]",,,"{""setup_seconds"": 0.010613959049805999, ""eval_seconds_sampled"": 0.21773179108276963, ""eval_nz"": 32, ""m"": 2048, ""fft_seconds"": 0.00043212505988776684, ""estimated_total_seconds"": 13.94588071340695, ""defect_pairs"": 318, ""defect_nodes"": 165}"
TT_CORR_W21_S1_T1200,two_target,TT_CORR_W21_S1,corridor,1200,318,160,"[301,700]",0.012817417038604617,28.5750687046675,0.017695249989628792,estimate,0.0004485524486774374,sparse,"[0.01455041696317494, 0.0124582500429824, 0.012817417038604617]","[29.095909579773434, 27.87531196558848, 28.5750687046675]","[0.239089792012237, 0.2288897919934243, 0.23482579097617418]","[0.017641708021983504, 0.018432582961395383, 0.017695249989628792]",,,"{""setup_seconds"": 0.010612208978272974, ""eval_seconds_sampled"": 0.2231595419580117, ""eval_nz"": 32, ""m"": 4096, ""fft_seconds"": 3.5125063732266426e-05, ""estimated_total_seconds"": 28.5750687046675, ""defect_pairs"": 318, ""defect_nodes"": 165}"
TT_CORR_W21_S2_T300,two_target,TT_CORR_W21_S2,corridor,300,316,159,"[301,700]",0.005029208958148956,6.760274051805027,0.017434125067666173,estimate,0.0007439356629049872,sparse,"[0.005359333008527756, 0.003899749950505793, 0.005029208958148956]","[6.760274051805027, 6.722977134515531, 7.37626831443049]","[0.22266299999319017, 0.221382791060023, 0.24274558294564486]","[0.017434125067666173, 0.017579665989615023, 0.016832042019814253]",,,"{""setup_seconds"": 0.011551750008948147, ""eval_seconds_sampled"": 0.23014683404471725, ""eval_nz"": 32, ""m"": 1024, ""fft_seconds"": 1.7874990589916706e-05, ""estimated_total_seconds"": 7.37626831443049, ""defect_pairs"": 316, ""defect_nodes"": 164}"
TT_CORR_W21_S2_T600,two_target,TT_CORR_W21_S2,corridor,600,316,159,"[301,700]",0.006209791987203062,14.328716794028878,0.0161743750795722,estimate,0.0004333808865418313,sparse,"[0.006106291897594929, 0.006209791987203062, 0.007678875001147389]","[14.328716794028878, 14.526183267240413, 14.306448975810781]","[0.23609579203184694, 0.24011916609015316, 0.234669458004646]","[0.0161743750795722, 0.014889500103890896, 0.01791029202286154]",,,"{""setup_seconds"": 0.010460166959092021, ""eval_seconds_sampled"": 0.2233744169352576, ""eval_nz"": 32, ""m"": 2048, ""fft_seconds"": 2.6124995201826096e-05, ""estimated_total_seconds"": 14.306448975810781, ""defect_pairs"": 316, ""defect_nodes"": 164}"
TT_CORR_W21_S2_T1200,two_target,TT_CORR_W21_S2,corridor,1200,316,159,"[301,700]",0.014204250066541135,28.5105651646154,0.017596542020328343,estimate,0.000498210048960029,sparse,"[0.013029917026869953, 0.014204250066541135, 0.014490416971966624]","[28.80359582917299, 28.35747683723457, 28.5105651646154]","[0.23772595799528062, 0.23362083302345127, 0.23517029196955264]","[0.018094792030751705, 0.017596542020328343, 0.017287958064116538]",,,"{""setup_seconds"": 0.01142458408139646, ""eval_seconds_sampled"": 0.22264929197262973, ""eval_nz"": 32, ""m"": 4096, ""fft_seconds"": 3.120803739875555e-05, ""estimated_total_seconds"": 28.5105651646154, ""defect_pairs"": 316, ""defect_nodes"": 164}"
TT_CORR_W21_S3_T300,two_target,TT_CORR_W21_S3,corridor,300,312,157,"[301,700]",0.002813833998516202,6.918024032376707,0.018410666030831635,estimate,0.0004067395524137116,sparse,"[0.003501041908748448, 0.002775208093225956, 0.002813833998516202]","[7.061356310965493, 6.918024032376707, 6.535353489103727]","[0.23224462498910725, 0.22801991703454405, 0.2160973750287667]","[0.018410666030831635, 0.01918862492311746, 0.018251791945658624]",,,"{""setup_seconds"": 0.010746624902822077, ""eval_seconds_sampled"": 0.20389333297498524, ""eval_nz"": 32, ""m"": 1024, ""fft_seconds"": 2.0209001377224922e-05, ""estimated_total_seconds"": 6.535353489103727, ""defect_pairs"": 312, ""defect_nodes"": 162}"
TT_CORR_W21_S3_T600,two_target,TT_CORR_W21_S3,corridor,600,312,157,"[301,700]",0.006987208966165781,13.017365922569297,0.018421582994051278,estimate,0.0005367605864141432,sparse,"[0.006987208966165781, 0.007588124950416386, 0.006696791970171034]","[13.296880334848538, 12.782992504886352, 13.017365922569297]","[0.21910237497650087, 0.21090624993667006, 0.2147239160258323]","[0.021054542041383684, 0.01764166704379022, 0.018421582994051278]",,,"{""setup_seconds"": 0.010665582958608866, ""eval_seconds_sampled"": 0.2032293340889737, ""eval_nz"": 32, ""m"": 2048, ""fft_seconds"": 2.2957916371524334e-05, ""estimated_total_seconds"": 13.017365922569297, ""defect_pairs"": 312, ""defect_nodes"": 162}"
TT_CORR_W21_S3_T1200,two_target,TT_CORR_W21_S3,corridor,1200,312,157,"[301,700]",0.01597437495365739,25.979710409766994,0.017928917077369988,estimate,0.0006148788689981652,sparse,"[0.015817333944141865, 0.018656583037227392, 0.01597437495365739]","[25.88562721107155, 25.979710409766994, 26.335163252893835]","[0.21328433393500745, 0.21503908303566277, 0.21794687502551824]","[0.01707391708623618, 0.01807495893444866, 0.017928917077369988]",,,"{""setup_seconds"": 0.011297167045995593, ""eval_seconds_sampled"": 0.20565495803020895, ""eval_nz"": 32, ""m"": 4096, ""fft_seconds"": 3.145798109471798e-05, ""estimated_total_seconds"": 26.335163252893835, ""defect_pairs"": 312, ""defect_nodes"": 162}"
TT_CORR_W22_S0_T300,two_target,TT_CORR_W22_S0,corridor,300,504,253,"[301,700]",0.004631458083167672,23.1634834081633,0.01751774991862476,estimate,0.0001999465279706354,sparse,"[0.0032176669919863343, 0.00473408296238631, 0.004631458083167672]","[23.111285352613777, 23.1634834081633, 24.629989626351744]","[0.7438240840565413, 0.7452189578907564, 0.7922142079332843]","[0.01751774991862476, 0.017141541931778193, 0.01760979206301272]",,,"{""setup_seconds"": 0.021307958057150245, ""eval_seconds_sampled"": 0.7690206250408664, ""eval_nz"": 32, ""m"": 1024, ""fft_seconds"": 2.1666986867785454e-05, ""estimated_total_seconds"": 24.629989626351744, ""defect_pairs"": 504, ""defect_nodes"": 260}"
TT_CORR_W22_S0_T600,two_target,TT_CORR_W22_S0,corridor,600,504,253,"[301,700]",0.006288749980740249,47.732185641420074,0.01824287499766797,estimate,0.00013175072325376873,sparse,"[0.0068945829989388585, 0.006288749980740249, 0.005710249999538064]","[47.931725632050075, 47.449619773658924, 47.732185641420074]","[0.7706390410894528, 0.7612874999176711, 0.7692366660339758]","[0.01824287499766797, 0.01919020793866366, 0.01747866696678102]",,,"{""setup_seconds"": 0.021669124951586127, ""eval_seconds_sampled"": 0.7454743329435587, ""eval_nz"": 32, ""m"": 2048, ""fft_seconds"": 0.0001592080807313323, ""estimated_total_seconds"": 47.732185641420074, ""defect_pairs"": 504, ""defect_nodes"": 260}"
TT_CORR_W22_S0_T1200,two_target,TT_CORR_W22_S0,corridor,1200,504,253,"[301,700]",0.017471166094765067,91.04397970705759,0.018514874973334372,estimate,0.00019189809310818967,sparse,"[0.017471166094765067, 0.01861233392264694, 0.012777250027284026]","[84.38454411888961, 105.15800713025965, 91.04397970705759]","[0.6812830000417307, 0.8412761250510812, 0.7323557089548558]","[0.01835187489632517, 0.018514874973334372, 0.02127383300103247]",,,"{""setup_seconds"": 0.019520499976351857, ""eval_seconds_sampled"": 0.7111283330013976, ""eval_nz"": 32, ""m"": 4096, ""fft_seconds"": 3.258290234953165e-05, ""estimated_total_seconds"": 91.04397970705759, ""defect_pairs"": 504, ""defect_nodes"": 260}"
TT_CORR_W22_S1_T300,two_target,TT_CORR_W22_S1,corridor,300,498,250,"[301,700]",0.004808083991520107,22.47687354439404,0.017914292053319514,estimate,0.00021391249018791104,sparse,"[0.0034344170708209276, 0.004808083991520107, 0.004907916998490691]","[23.88621441705618, 22.47687354439404, 20.94907191861421]","[0.7663171249441803, 0.727102208067663, 0.6747396249556914]","[0.017914292053319514, 0.01783837506081909, 0.018397500040009618]",,,"{""setup_seconds"": 0.018816458992660046, ""eval_seconds_sampled"": 0.6540698750177398, ""eval_nz"": 32, ""m"": 1024, ""fft_seconds"": 1.9459053874015808e-05, ""estimated_total_seconds"": 20.94907191861421, ""defect_pairs"": 498, ""defect_nodes"": 257}"
TT_CORR_W22_S1_T600,two_target,TT_CORR_W22_S1,corridor,600,498,250,"[301,700]",0.006409708992578089,44.4418907094514,0.01730766601394862,estimate,0.00014422673946261572,sparse,"[0.005835791933350265, 0.006409708992578089, 0.006479165982455015]","[44.4418907094514, 42.407851330935955, 49.70370856160298]","[0.7163369590416551, 0.6844569580862299, 0.7982473329175264]","[0.018536916002631187, 0.016387958079576492, 0.01730766601394862]",,,"{""setup_seconds"": 0.019690082990564406, ""eval_seconds_sampled"": 0.7763067079940811, ""eval_nz"": 32, ""m"": 2048, ""fft_seconds"": 0.0003891669912263751, ""estimated_total_seconds"": 49.70370856160298, ""defect_pairs"": 498, ""defect_nodes"": 257}"
TT_CORR_W22_S1_T1200,two_target,TT_CORR_W22_S1,corridor,1200,498,250,"[301,700]",0.016889833961613476,85.59435257583391,0.018856792012229562,estimate,0.00019732416279040856,sparse,"[0.016889833961613476, 0.018646207987330854, 0.014649541000835598]","[110.02467625634745, 81.50441715773195, 85.59435257583391]","[0.879342875094153, 0.6582072500605136, 0.6902115410193801]","[0.018527292064391077, 0.020814417046494782, 0.018856792012229562]",,,"{""setup_seconds"": 0.01971291599329561, ""eval_seconds_sampled"": 0.6685515829594806, ""eval_nz"": 32, ""m"": 4096, ""fft_seconds"": 3.704102709889412e-05, ""estimated_total_seconds"": 85.59435257583391, ""defect_pairs"": 498, ""defect_nodes"": 257}"
TT_CORR_W22_S2_T300,two_target,TT_CORR_W22_S2,corridor,300,496,249,"[301,700]",0.0032350000692531466,26.288304834393784,0.0151238749967888,estimate,0.0001230585269621759,sparse,"[0.0027864580042660236, 0.0032350000692531466, 0.004976833006367087]","[21.742390541592613, 26.288304834393784, 37.30626043584198]","[0.7006794579792768, 0.8425714999902993, 1.214218542096205]","[0.014457459095865488, 0.016433708020485938, 0.0151238749967888]",,,"{""setup_seconds"": 0.04749158304184675, ""eval_seconds_sampled"": 1.1643356659915298, ""eval_nz"": 32, ""m"": 1024, ""fft_seconds"": 2.754107117652893e-05, ""estimated_total_seconds"": 37.30626043584198, ""defect_pairs"": 496, ""defect_nodes"": 256}"
TT_CORR_W22_S2_T600,two_target,TT_CORR_W22_S2,corridor,600,496,249,"[301,700]",0.016041125054471195,72.97047335433308,0.026241500047035515,estimate,0.0002198303548968091,sparse,"[0.01930250006262213, 0.016041125054471195, 0.013998333015479147]","[77.68339270923752, 72.97047335433308, 72.5225395464804]","[1.249141666921787, 1.180591500014998, 1.1655522079672664]","[0.02570241701323539, 0.03042220906354487, 0.026241500047035515]",,,"{""setup_seconds"": 0.031026416923850775, ""eval_seconds_sampled"": 1.132679459056817, ""eval_nz"": 32, ""m"": 2048, ""fft_seconds"": 2.7749920263886452e-05, ""estimated_total_seconds"": 72.5225395464804, ""defect_pairs"": 496, ""defect_nodes"": 256}"
TT_CORR_W22_S2_T1200,two_target,TT_CORR_W22_S2,corridor,1200,496,249,"[301,700]",0.026639958028681576,86.07230857736431,0.030374583089724183,estimate,0.00030950672137179636,sparse,"[0.03275812498759478, 0.026639958028681576, 0.019644957967102528]","[85.77693082927726, 86.07230857736431, 86.46311603952199]","[0.6925820420728996, 0.6938569159246981, 0.6962454579770565]","[0.025048208073712885, 0.030374583089724183, 0.03417916700709611]",,,"{""setup_seconds"": 0.01898620801512152, ""eval_seconds_sampled"": 0.6753439999883994, ""eval_nz"": 32, ""m"": 4096, ""fft_seconds"": 9.783299174159765e-05, ""estimated_total_seconds"": 86.46311603952199, ""defect_pairs"": 496, ""defect_nodes"": 256}"
TT_CORR_W22_S3_T300,two_target,TT_CORR_W22_S3,corridor,300,490,246,"[301,700]",0.0028899579774588346,21.152828263351694,0.018124083057045937,estimate,0.00013662276937528148,sparse,"[0.003587790997698903, 0.0028899579774588346, 0.0028520419728010893]","[21.587079304270446, 21.043905396480113, 21.152828263351694]","[0.6951696670148522, 0.6786729579325765, 0.6810795419150963]","[0.0182136669754982, 0.018124083057045937, 0.01790683309081942]",,,"{""setup_seconds"": 0.01904837496113032, ""eval_seconds_sampled"": 0.6604300420731306, ""eval_nz"": 32, ""m"": 1024, ""fft_seconds"": 1.8542050383985043e-05, ""estimated_total_seconds"": 21.152828263351694, ""defect_pairs"": 490, ""defect_nodes"": 253}"
TT_CORR_W22_S3_T600,two_target,TT_CORR_W22_S3,corridor,600,490,246,"[301,700]",0.009770667064003646,41.97150643717032,0.017739875009283423,estimate,0.00023279286100035383,sparse,"[0.01001162501052022, 0.009770667064003646, 0.007981790928170085]","[41.886234475299716, 41.97150643717032, 53.459398376755416]","[0.6752649159170687, 0.6752343340776861, 0.8560257919598371]","[0.01710445899516344, 0.0179160829866305, 0.017739875009283423]",,,"{""setup_seconds"": 0.019321125000715256, ""eval_seconds_sampled"": 0.8350007500266656, ""eval_nz"": 32, ""m"": 2048, ""fft_seconds"": 2.9250048100948334e-05, ""estimated_total_seconds"": 53.459398376755416, ""defect_pairs"": 490, ""defect_nodes"": 253}"
TT_CORR_W22_S3_T1200,two_target,TT_CORR_W22_S3,corridor,1200,490,246,"[301,700]",0.014793875045143068,84.97574791207444,0.016925415955483913,estimate,0.0001740952613968222,sparse,"[0.01589058304671198, 0.013894332922063768, 0.014793875045143068]","[85.11887095868587, 84.97574791207444, 84.51626137748826]","[0.6854019589954987, 0.6853342079557478, 0.6813944589812309]","[0.016925415955483913, 0.016544625046662986, 0.017759624985046685]",,,"{""setup_seconds"": 0.01923849992454052, ""eval_seconds_sampled"": 0.6601327080279589, ""eval_nz"": 32, ""m"": 4096, ""fft_seconds"": 3.62499849870801e-05, ""estimated_total_seconds"": 84.51626137748826, ""defect_pairs"": 490, ""defect_nodes"": 253}"
TT_CORR_W23_S0_T300,two_target,TT_CORR_W23_S0,corridor,300,650,326,"[301,700]",0.005764625035226345,42.80216261174064,0.016751333023421466,estimate,0.0001346806956348768,sparse,"[0.002909707953222096, 0.007013041991740465, 0.005764625035226345]","[42.46376744948793, 42.80216261174064, 43.00115746911615]","[1.3591772919753566, 1.3700247920351103, 1.3756411250215024]","[0.01474054204300046, 0.016751333023421466, 0.017739292001351714]",,,"{""setup_seconds"": 0.029600791982375085, ""eval_seconds_sampled"": 1.342860542004928, ""eval_nz"": 32, ""m"": 1024, ""fft_seconds"": 1.9332976080477238e-05, ""estimated_total_seconds"": 43.00115746911615, ""defect_pairs"": 650, ""defect_nodes"": 335}"
TT_CORR_W23_S0_T600,two_target,TT_CORR_W23_S0,corridor,600,650,326,"[301,700]",0.006110416958108544,84.9149412981933,0.01920508302282542,estimate,7.195926729373542e-05,sparse,"[0.006110416958108544, 0.006373166106641293, 0.006023499998264015]","[84.9149412981933, 87.46063766814768, 82.50293529441115]","[1.359564874903299, 1.399277999997139, 1.3220516659785062]","[0.01944612490478903, 0.01920508302282542, 0.01812266604974866]",,,"{""setup_seconds"": 0.030158124980516732, ""eval_seconds_sampled"": 1.2886367910541594, ""eval_nz"": 32, ""m"": 2048, ""fft_seconds"": 2.2541964426636696e-05, ""estimated_total_seconds"": 82.50293529441115, ""defect_pairs"": 650, ""defect_nodes"": 335}"
TT_CORR_W23_S0_T1200,two_target,TT_CORR_W23_S0,corridor,1200,650,326,"[301,700]",0.011493625002913177,170.54372008156497,0.023183833924122155,estimate,6.73940089814869e-05,sparse,"[0.016286500031128526, 0.011252249940298498, 0.011493625002913177]","[170.54372008156497, 173.9054814055562, 155.28773499373347]","[1.3642687080428004, 1.3917987500317395, 1.2455301249865443]","[0.03348175005521625, 0.023183833924122155, 0.01927183393854648]",,,"{""setup_seconds"": 0.02823679195716977, ""eval_seconds_sampled"": 1.2129644999513403, ""eval_nz"": 32, ""m"": 4096, ""fft_seconds"": 4.2208004742860794e-05, ""estimated_total_seconds"": 155.28773499373347, ""defect_pairs"": 650, ""defect_nodes"": 335}"
TT_CORR_W23_S1_T300,two_target,TT_CORR_W23_S1,corridor,300,640,321,"[301,700]",0.0029322089394554496,39.272274156915955,0.01786550006363541,estimate,7.466358906895845e-05,sparse,"[0.002894833916798234, 0.0029322089394554496, 0.003742625005543232]","[39.272274156915955, 39.15283836249728, 40.47729903005529]","[1.2554861248936504, 1.254378458019346, 1.2966733750654384]","[0.017879540915600955, 0.01786550006363541, 0.01695416704751551]",,,"{""setup_seconds"": 0.029170625028200448, ""eval_seconds_sampled"": 1.264003457967192, ""eval_nz"": 32, ""m"": 1024, ""fft_seconds"": 1.7750076949596405e-05, ""estimated_total_seconds"": 40.47729903005529, ""defect_pairs"": 640, ""defect_nodes"": 330}"
TT_CORR_W23_S1_T600,two_target,TT_CORR_W23_S1,corridor,600,640,321,"[301,700]",0.007765249931253493,74.35270020738244,0.01705429097637534,estimate,0.00010443803533153306,sparse,"[0.006122165941633284, 0.008378042024560273, 0.007765249931253493]","[71.83603021129966, 74.35270020738244, 81.8159890032839]","[1.1512914160266519, 1.192216041032225, 1.308878374984488]","[0.016545832972042263, 0.01705429097637534, 0.017284000059589744]",,,"{""setup_seconds"": 0.027693415991961956, ""eval_seconds_sampled"": 1.2779417090350762, ""eval_nz"": 32, ""m"": 2048, ""fft_seconds"": 2.6209047064185143e-05, ""estimated_total_seconds"": 81.8159890032839, ""defect_pairs"": 640, ""defect_nodes"": 330}"
TT_CORR_W23_S1_T1200,two_target,TT_CORR_W23_S1,corridor,1200,640,321,"[301,700]",0.012102707987651229,162.1604942001868,0.017938749981112778,estimate,7.463413359304677e-05,sparse,"[0.011731792008504272, 0.012102707987651229, 0.0180019160034135]","[162.1604942001868, 161.08971058763564, 162.6568582468899]","[1.29813029197976, 1.2880570000270382, 1.3030531249241903]","[0.01989270804915577, 0.017938749981112778, 0.017896707984618843]",,,"{""setup_seconds"": 0.02891629096120596, ""eval_seconds_sampled"": 1.270530499983579, ""eval_nz"": 32, ""m"": 4096, ""fft_seconds"": 3.7958030588924885e-05, ""estimated_total_seconds"": 162.6568582468899, ""defect_pairs"": 640, ""defect_nodes"": 330}"
TT_CORR_W23_S2_T300,two_target,TT_CORR_W23_S2,corridor,300,632,317,"[301,700]",0.003098290995694697,40.26192749768961,0.01870725001208484,estimate,7.695336980258804e-05,sparse,"[0.003941208007745445, 0.002922666957601905, 0.003098290995694697]","[40.26192749768961, 39.24161775165703, 44.89971839485224]","[1.2883529999526218, 1.259537082980387, 1.4340506670996547]","[0.018514832947403193, 0.020144916023127735, 0.01870725001208484]",,,"{""setup_seconds"": 0.02836474997457117, ""eval_seconds_sampled"": 1.4022292089648545, ""eval_nz"": 32, ""m"": 1024, ""fft_seconds"": 1.895800232887268e-05, ""estimated_total_seconds"": 44.89971839485224, ""defect_pairs"": 632, ""defect_nodes"": 326}"
TT_CORR_W23_S2_T600,two_target,TT_CORR_W23_S2,corridor,600,632,317,"[301,700]",0.007948458078317344,79.05010270746425,0.01753662491682917,estimate,0.00010054962367008812,sparse,"[0.007948458078317344, 0.005771791096776724, 0.008463375037536025]","[79.00012916198466, 84.39777624758426, 79.05010270746425]","[1.2660882910713553, 1.3505886249477044, 1.266423708992079]","[0.016361833084374666, 0.017875459045171738, 0.01753662491682917]",,,"{""setup_seconds"": 0.028984166914597154, ""eval_seconds_sampled"": 1.2347046249778941, ""eval_nz"": 32, ""m"": 2048, ""fft_seconds"": 2.2541964426636696e-05, ""estimated_total_seconds"": 79.05010270746425, ""defect_pairs"": 632, ""defect_nodes"": 326}"
TT_CORR_W23_S2_T1200,two_target,TT_CORR_W23_S2,corridor,1200,632,317,"[301,700]",0.013373249908909202,156.24073121359106,0.01691337500233203,estimate,8.559387686573941e-05,sparse,"[0.013373249908909202, 0.013024874962866306, 0.017508082906715572]","[157.57078942563385, 153.4290822460316, 156.24073121359106]","[1.2626455830177292, 1.22944504104089, 1.2524798338999972]","[0.017206292017363012, 0.01691337500233203, 0.01686683390289545]",,,"{""setup_seconds"": 0.02877583389636129, ""eval_seconds_sampled"": 1.2204054170288146, ""eval_nz"": 32, ""m"": 4096, ""fft_seconds"": 6.200000643730164e-05, ""estimated_total_seconds"": 156.24073121359106, ""defect_pairs"": 632, ""defect_nodes"": 326}"
TT_CORR_W23_S3_T300,two_target,TT_CORR_W23_S3,corridor,300,626,314,"[301,700]",0.003247832995839417,38.73189426329918,0.017373999929986894,estimate,8.385422550626282e-05,sparse,"[0.003624084056355059, 0.003247832995839417, 0.0032468329882249236]","[38.73189426329918, 38.7259559474187, 65.30385465826839]","[1.2398193340050057, 1.2401407090947032, 2.0729613329749554]","[0.016798999975435436, 0.017650334048084915, 0.017373999929986894]",,,"{""setup_seconds"": 0.0283564580604434, ""eval_seconds_sampled"": 2.0398583330679685, ""eval_nz"": 32, ""m"": 1024, ""fft_seconds"": 3.1542032957077026e-05, ""estimated_total_seconds"": 65.30385465826839, ""defect_pairs"": 626, ""defect_nodes"": 323}"
TT_CORR_W23_S3_T600,two_target,TT_CORR_W23_S3,corridor,600,626,314,"[301,700]",0.016979124979116023,77.50057610392105,0.03101158293429762,estimate,0.00021908385501997557,sparse,"[0.02357341710012406, 0.016334000043570995, 0.016979124979116023]","[107.8620615612017, 77.50057610392105, 74.41284822451416]","[1.759798291954212, 1.2422909579472616, 1.1923429580638185]","[0.029245832934975624, 0.03101158293429762, 0.03160545800346881]",,,"{""setup_seconds"": 0.02700579189695418, ""eval_seconds_sampled"": 1.1622784169157967, ""eval_nz"": 32, ""m"": 2048, ""fft_seconds"": 2.37500062212348e-05, ""estimated_total_seconds"": 74.41284822451416, ""defect_pairs"": 626, ""defect_nodes"": 323}"
TT_CORR_W23_S3_T1200,two_target,TT_CORR_W23_S3,corridor,1200,626,314,"[301,700]",0.012871459010057151,153.3986583761871,0.01842029206454754,estimate,8.390855008973963e-05,sparse,"[0.012871459010057151, 0.021019833046011627, 0.012331665959209204]","[140.26621170667931, 174.50701165478677, 153.3986583761871]","[1.127044124994427, 1.3896694580325857, 1.227948792045936]","[0.01822791702579707, 0.018792791990563273, 0.01842029206454754]",,,"{""setup_seconds"": 0.027205042075365782, ""eval_seconds_sampled"": 1.1982142080087215, ""eval_nz"": 32, ""m"": 4096, ""fft_seconds"": 3.470899537205696e-05, ""estimated_total_seconds"": 153.3986583761871, ""defect_pairs"": 626, ""defect_nodes"": 323}"
TT_CORR_W24_S0_T300,two_target,TT_CORR_W24_S0,corridor,300,796,399,"[701,+inf)",0.003162416978739202,64.33614541927818,0.017029790906235576,estimate,4.915459199692108e-05,sparse,"[0.002896375022828579, 0.003162416978739202, 0.0031727500027045608]","[65.19375570700504, 64.33614541927818, 63.94221899879631]","[2.0815501670585945, 2.054597750073299, 2.0425689169205725]","[0.017769125057384372, 0.017029790906235576, 0.016496167052537203]",,,"{""setup_seconds"": 0.04180041700601578, ""eval_seconds_sampled"": 1.9968874999321997, ""eval_nz"": 32, ""m"": 1024, ""fft_seconds"": 1.858395989984274e-05, ""estimated_total_seconds"": 63.94221899879631, ""defect_pairs"": 796, ""defect_nodes"": 409}"
TT_CORR_W24_S0_T600,two_target,TT_CORR_W24_S0,corridor,600,796,399,"[701,+inf)",0.006826541968621314,128.89075885538477,0.0170662080636248,estimate,5.2963781338898645e-05,sparse,"[0.006826541968621314, 0.006164625054225326, 0.008793790941126645]","[129.6137452678522, 127.70210701820906, 128.89075885538477]","[2.0699061669874936, 2.0394767080433667, 2.0583185829455033]","[0.016935958992689848, 0.017493125051259995, 0.0170662080636248]",,,"{""setup_seconds"": 0.04119800007902086, ""eval_seconds_sampled"": 2.013273917022161, ""eval_nz"": 32, ""m"": 2048, ""fft_seconds"": 3.016588743776083e-05, ""estimated_total_seconds"": 128.89075885538477, ""defect_pairs"": 796, ""defect_nodes"": 409}"
TT_CORR_W24_S0_T1200,two_target,TT_CORR_W24_S0,corridor,1200,796,399,"[701,+inf)",0.017386665917001665,255.2879792843014,0.017915874952450395,estimate,6.810608931037449e-05,sparse,"[0.017386665917001665, 0.017126708989962935, 0.01770962495356798]","[255.2879792843014, 267.7774632894434, 249.4905271953903]","[2.0408797080162913, 2.1373504999792203, 1.991651999996975]","[0.016872207983396947, 0.01832833408843726, 0.017915874952450395]",,,"{""setup_seconds"": 0.038978333002887666, ""eval_seconds_sampled"": 1.9488399159163237, ""eval_nz"": 32, ""m"": 4096, ""fft_seconds"": 3.962509799748659e-05, ""estimated_total_seconds"": 249.4905271953903, ""defect_pairs"": 796, ""defect_nodes"": 409}"
TT_CORR_W24_S1_T300,two_target,TT_CORR_W24_S1,corridor,300,782,392,"[701,+inf)",0.002923542051576078,61.91107702406589,0.016719707986339927,estimate,4.722163128319747e-05,sparse,"[0.0033687909599393606, 0.002923542051576078, 0.0028843339532613754]","[60.17852412490174, 61.91107702406589, 62.58081433281768]","[1.921803415985778, 1.975349084008485, 1.99623645900283]","[0.016719707986339927, 0.015515708946622908, 0.017269875039346516]",,,"{""setup_seconds"": 0.038147374987602234, ""eval_seconds_sampled"": 1.9544577499618754, ""eval_nz"": 32, ""m"": 1024, ""fft_seconds"": 1.8959050066769123e-05, ""estimated_total_seconds"": 62.58081433281768, ""defect_pairs"": 782, ""defect_nodes"": 402}"
TT_CORR_W24_S1_T600,two_target,TT_CORR_W24_S1,corridor,600,782,392,"[701,+inf)",0.006601666915230453,120.36469175096136,0.017730541992932558,estimate,5.484720493356579e-05,sparse,"[0.007206958951428533, 0.0064175419975072145, 0.006601666915230453]","[120.36469175096136, 117.7472265852848, 124.06394395895768]","[1.920273374998942, 1.8780249579576775, 1.9825626249657944]","[0.01685287500731647, 0.017730541992932558, 0.018260000040754676]",,,"{""setup_seconds"": 0.040429624961689115, ""eval_seconds_sampled"": 1.937865125015378, ""eval_nz"": 32, ""m"": 2048, ""fft_seconds"": 0.00014633301179856062, ""estimated_total_seconds"": 124.06394395895768, ""defect_pairs"": 782, ""defect_nodes"": 402}"
TT_CORR_W24_S1_T1200,two_target,TT_CORR_W24_S1,corridor,1200,782,392,"[701,+inf)",0.015896333963610232,241.228460044018,0.016616083914414048,estimate,6.589742338325071e-05,sparse,"[0.016276333015412092, 0.015308666974306107, 0.015896333963610232]","[241.228460044018, 228.83092471479904, 243.23348716483451]","[1.9282756660832092, 1.8300981250358745, 1.9439275419572368]","[0.017097084084525704, 0.016469541005790234, 0.016616083914414048]",,,"{""setup_seconds"": 0.040281750028952956, ""eval_seconds_sampled"": 1.899946124991402, ""eval_nz"": 32, ""m"": 4096, ""fft_seconds"": 0.00010141590610146523, ""estimated_total_seconds"": 243.23348716483451, ""defect_pairs"": 782, ""defect_nodes"": 402}"
TT_CORR_W24_S2_T300,two_target,TT_CORR_W24_S2,corridor,300,770,386,"[701,+inf)",0.0029606251046061516,59.06952057266608,0.016669707954861224,estimate,5.012102816991807e-05,sparse,"[0.0029606251046061516, 0.0032424579840153456, 0.002954249968752265]","[58.98989709536545, 59.06952057266608, 62.80184981424827]","[1.8840865000383928, 1.8874161669518799, 2.0058356249937788]","[0.017400417011231184, 0.01567579200491309, 0.016669707954861224]",,,"{""setup_seconds"": 0.04062770796008408, ""eval_seconds_sampled"": 1.9612875840393826, ""eval_nz"": 32, ""m"": 1024, ""fft_seconds"": 1.9417027942836285e-05, ""estimated_total_seconds"": 62.80184981424827, ""defect_pairs"": 770, ""defect_nodes"": 396}"
TT_CORR_W24_S2_T600,two_target,TT_CORR_W24_S2,corridor,600,770,386,"[701,+inf)",0.006163791986182332,121.09412260493264,0.017155875102616847,estimate,5.090083526424805e-05,sparse,"[0.0063651250675320625, 0.006163791986182332, 0.006082833046093583]","[120.59864654007833, 121.09412260493264, 123.59604179335292]","[1.9259615830378607, 1.9354410420637578, 1.9735885839909315]","[0.017155875102616847, 0.01734858308918774, 0.017015457968227565]",,,"{""setup_seconds"": 0.039370625047013164, ""eval_seconds_sampled"": 1.9305719590047374, ""eval_nz"": 32, ""m"": 2048, ""fft_seconds"": 6.579200271517038e-05, ""estimated_total_seconds"": 123.59604179335292, ""defect_pairs"": 770, ""defect_nodes"": 396}"
TT_CORR_W24_S2_T1200,two_target,TT_CORR_W24_S2,corridor,1200,770,386,"[701,+inf)",0.012054999941028655,242.95490479376167,0.01737362495623529,estimate,4.961826126235995e-05,sparse,"[0.012054999941028655, 0.011881834012456238, 0.012229250045493245]","[242.08877636422403, 251.62221811478958, 242.95490479376167]","[1.934290959034115, 2.008414625073783, 1.9409294170327485]","[0.01737362495623529, 0.017961583100259304, 0.017071541980840266]",,,"{""setup_seconds"": 0.03955812496133149, ""eval_seconds_sampled"": 1.8977752500213683, ""eval_nz"": 32, ""m"": 4096, ""fft_seconds"": 0.00011466606520116329, ""estimated_total_seconds"": 242.95490479376167, ""defect_pairs"": 770, ""defect_nodes"": 396}"
TT_CORR_W24_S3_T300,two_target,TT_CORR_W24_S3,corridor,300,758,380,"[701,+inf)",0.004455958027392626,58.70455966691952,0.017110542044974864,estimate,7.590480284112569e-05,sparse,"[0.0033778330544009805, 0.00467375002335757, 0.004455958027392626]","[58.70455966691952, 56.55569524120074, 58.878503356012516]","[1.8751774589763954, 1.8086572090396658, 1.9545660419389606]","[0.017110542044974864, 0.017137582995928824, 0.017040875041857362]",,,"{""setup_seconds"": 0.11466054106131196, ""eval_seconds_sampled"": 1.836369416094385, ""eval_nz"": 32, ""m"": 1024, ""fft_seconds"": 2.1499930880963802e-05, ""estimated_total_seconds"": 58.878503356012516, ""defect_pairs"": 758, ""defect_nodes"": 390}"
TT_CORR_W24_S3_T600,two_target,TT_CORR_W24_S3,corridor,600,758,380,"[701,+inf)",0.007950584054924548,114.12473983236123,0.01680683298036456,estimate,6.966573651430204e-05,sparse,"[0.00772412505466491, 0.00969479198101908, 0.007950584054924548]","[114.12473983236123, 113.05191279295832, 116.87031623430084]","[1.8239306670147926, 1.8067208749707788, 1.866823000018485]","[0.01680683298036456, 0.016542083001695573, 0.019605542067438364]",,,"{""setup_seconds"": 0.03777595795691013, ""eval_seconds_sampled"": 1.8255080831004307, ""eval_nz"": 32, ""m"": 2048, ""fft_seconds"": 2.2957916371524334e-05, ""estimated_total_seconds"": 116.87031623430084, ""defect_pairs"": 758, ""defect_nodes"": 390}"
TT_CORR_W24_S3_T1200,two_target,TT_CORR_W24_S3,corridor,1200,758,380,"[701,+inf)",0.015367542044259608,234.7290983380517,0.017165958997793496,estimate,6.546926713844234e-05,sparse,"[0.016349792014807463, 0.015367542044259608, 0.012254499946720898]","[236.14138449751772, 234.49407099257223, 234.7290983380517]","[1.8879146249964833, 1.8743986670160666, 1.8751399160828441]","[0.016430375049822032, 0.01779370801523328, 0.017165958997793496]",,,"{""setup_seconds"": 0.03766833303961903, ""eval_seconds_sampled"": 1.8335264170309529, ""eval_nz"": 32, ""m"": 4096, ""fft_seconds"": 4.8625050112605095e-05, ""estimated_total_seconds"": 234.7290983380517, ""defect_pairs"": 758, ""defect_nodes"": 390}"
TT_CORR_W25_S0_T300,two_target,TT_CORR_W25_S0,corridor,300,916,459,"[701,+inf)",0.002938334015198052,89.68013078311924,0.01687166595365852,estimate,3.27646044841757e-05,sparse,"[0.002901500090956688, 0.002938334015198052, 0.004269124940037727]","[93.12675214698538, 89.52874621807132, 89.68013078311924]","[2.965399666922167, 2.854872415889986, 2.858888417016715]","[0.01725124998483807, 0.01687166595365852, 0.01619345904327929]",,,"{""setup_seconds"": 0.053524167044088244, ""eval_seconds_sampled"": 2.800830833031796, ""eval_nz"": 32, ""m"": 1024, ""fft_seconds"": 1.9959057681262493e-05, ""estimated_total_seconds"": 89.68013078311924, ""defect_pairs"": 916, ""defect_nodes"": 470}"
TT_CORR_W25_S0_T600,two_target,TT_CORR_W25_S0,corridor,600,916,459,"[701,+inf)",0.008153583039529622,179.45832993777003,0.01737945806235075,estimate,4.543440832396581e-05,sparse,"[0.006389875081367791, 0.008153583039529622, 0.008373000076971948]","[180.009059337317, 179.45832993777003, 176.62479408213403]","[2.869208832969889, 2.862488374928944, 2.8170736249303445]","[0.021020750049501657, 0.016577666043303907, 0.01737945806235075]",,,"{""setup_seconds"": 0.053195124957710505, ""eval_seconds_sampled"": 2.7589308749884367, ""eval_nz"": 32, ""m"": 2048, ""fft_seconds"": 2.2957916371524334e-05, ""estimated_total_seconds"": 176.62479408213403, ""defect_pairs"": 916, ""defect_nodes"": 470}"
TT_CORR_W25_S0_T1200,two_target,TT_CORR_W25_S0,corridor,1200,916,459,"[701,+inf)",0.013197583029977977,348.83193319826387,0.016916624968871474,estimate,3.7833643580093144e-05,sparse,"[0.013197583029977977, 0.012278083944693208, 0.013332749949768186]","[348.83193319826387, 363.8223897027783, 348.2970265985932]","[2.779325500014238, 2.895626916899346, 2.7794244579272345]","[0.016916624968871474, 0.018463291926309466, 0.016709042014554143]",,,"{""setup_seconds"": 0.05384079099167138, ""eval_seconds_sampled"": 2.720649209106341, ""eval_nz"": 32, ""m"": 4096, ""fft_seconds"": 8.704198990017176e-05, ""estimated_total_seconds"": 348.2970265985932, ""defect_pairs"": 916, ""defect_nodes"": 470}"
TT_CORR_W25_S1_T300,two_target,TT_CORR_W25_S1,corridor,300,898,450,"[701,+inf)",0.0034154170425608754,87.28270355472341,0.01655262499116361,estimate,3.913051387574767e-05,sparse,"[0.0036011249758303165, 0.0028381249867379665, 0.0034154170425608754]","[90.08107136387844, 87.14583901234437, 87.28270355472341]","[2.8633197910385206, 2.7781968330964446, 2.780868708039634]","[0.01770187495276332, 0.016053791041485965, 0.01655262499116361]",,,"{""setup_seconds"": 0.05004762497264892, ""eval_seconds_sampled"": 2.7260199170559645, ""eval_nz"": 32, ""m"": 1024, ""fft_seconds"": 1.858395989984274e-05, ""estimated_total_seconds"": 87.28270355472341, ""defect_pairs"": 898, ""defect_nodes"": 461}"
TT_CORR_W25_S1_T600,two_target,TT_CORR_W25_S1,corridor,600,898,450,"[701,+inf)",0.008272415958344936,175.28151728678495,0.01705362508073449,estimate,4.7195027099235526e-05,sparse,"[0.008272415958344936, 0.00750999990850687, 0.008417458040639758]","[174.88314443454146, 175.28151728678495, 176.87365556648]","[2.7877257500076666, 2.7950308750150725, 2.818624124978669]","[0.017208292032592, 0.01705362508073449, 0.01478199998382479]",,,"{""setup_seconds"": 0.05116074997931719, ""eval_seconds_sampled"": 2.7628510830691084, ""eval_nz"": 32, ""m"": 2048, ""fft_seconds"": 2.550007775425911e-05, ""estimated_total_seconds"": 176.87365556648, ""defect_pairs"": 898, ""defect_nodes"": 461}"
TT_CORR_W25_S1_T1200,two_target,TT_CORR_W25_S1,corridor,1200,898,450,"[701,+inf)",0.01711083296686411,350.69477921375073,0.01733062497805804,estimate,4.879123950811639e-05,sparse,"[0.013461416005156934, 0.01732437510509044, 0.01711083296686411]","[349.32044166128617, 362.8575730837183, 350.69477921375073]","[2.7855972499819472, 2.8904922920046374, 2.795292834052816]","[0.01733062497805804, 0.01744912494905293, 0.016364250099286437]",,,"{""setup_seconds"": 0.05137279198970646, ""eval_seconds_sampled"": 2.739401084021665, ""eval_nz"": 32, ""m"": 4096, ""fft_seconds"": 6.7666987888515e-05, ""estimated_total_seconds"": 350.69477921375073, ""defect_pairs"": 898, ""defect_nodes"": 461}"
TT_CORR_W25_S2_T300,two_target,TT_CORR_W25_S2,corridor,300,882,442,"[701,+inf)",0.002951167058199644,83.55313254194334,0.017606499954126775,estimate,3.5320842778912807e-05,sparse,"[0.002951167058199644, 0.003329667029902339, 0.002903333050198853]","[83.55313254194334, 81.81735956296325, 84.35627068695612]","[2.663078250014223, 2.6101015829481184, 2.688845625030808]","[0.017606499954126775, 0.01873920892830938, 0.016872209031134844]",,,"{""setup_seconds"": 0.04988037492148578, ""eval_seconds_sampled"": 2.6345740410033613, ""eval_nz"": 32, ""m"": 1024, ""fft_seconds"": 2.0999927073717117e-05, ""estimated_total_seconds"": 84.35627068695612, ""defect_pairs"": 882, ""defect_nodes"": 453}"
TT_CORR_W25_S2_T600,two_target,TT_CORR_W25_S2,corridor,600,882,442,"[701,+inf)",0.007481749984435737,169.00924704049248,0.016972791985608637,estimate,4.42682877738826e-05,sparse,"[0.007481749984435737, 0.00757487490773201, 0.006011500023305416]","[167.42993639048655, 169.18861756264232, 169.00924704049248]","[2.6692942500812933, 2.69769937498495, 2.6945412919158116]","[0.016972791985608637, 0.015924291918054223, 0.01786858309060335]",,,"{""setup_seconds"": 0.04929287498816848, ""eval_seconds_sampled"": 2.6399988749762997, ""eval_nz"": 32, ""m"": 2048, ""fft_seconds"": 2.616702113300562e-05, ""estimated_total_seconds"": 169.00924704049248, ""defect_pairs"": 882, ""defect_nodes"": 453}"
TT_CORR_W25_S2_T1200,two_target,TT_CORR_W25_S2,corridor,1200,882,442,"[701,+inf)",0.012413416989147663,336.21515304024797,0.01839779200963676,estimate,3.692105152578196e-05,sparse,"[0.013346792082302272, 0.012413416989147663, 0.011999791022390127]","[336.21515304024797, 336.14586367073935, 347.721507454291]","[2.6821396669838578, 2.680267915944569, 2.7701949160546064]","[0.01839779200963676, 0.017737583024427295, 0.020542082958854735]",,,"{""setup_seconds"": 0.049260125029832125, ""eval_seconds_sampled"": 2.716189124970697, ""eval_nz"": 32, ""m"": 4096, ""fft_seconds"": 3.933301195502281e-05, ""estimated_total_seconds"": 347.721507454291, ""defect_pairs"": 882, ""defect_nodes"": 453}"
TT_CORR_W25_S3_T300,two_target,TT_CORR_W25_S3,corridor,300,866,434,"[701,+inf)",0.00290245795622468,79.29397257394157,0.01704770897049457,estimate,3.660376522967291e-05,sparse,"[0.0036850000033155084, 0.002870459109544754, 0.00290245795622468]","[80.78996292687953, 78.43883483298123, 79.29397257394157]","[2.575129083939828, 2.501528291963041, 2.528268832946196]","[0.01704770897049457, 0.016567124985158443, 0.017522832960821688]",,,"{""setup_seconds"": 0.047631624969653785, ""eval_seconds_sampled"": 2.4764474580297247, ""eval_nz"": 32, ""m"": 1024, ""fft_seconds"": 2.2292020730674267e-05, ""estimated_total_seconds"": 79.29397257394157, ""defect_pairs"": 866, ""defect_nodes"": 445}"
TT_CORR_W25_S3_T600,two_target,TT_CORR_W25_S3,corridor,600,866,434,"[701,+inf)",0.00702312495559454,161.50632380926982,0.015101124998182058,estimate,4.3485139095163035e-05,sparse,"[0.006139667006209493, 0.00702312495559454, 0.008896167040802538]","[159.65137880761176, 162.5644212460611, 161.50632380926982]","[2.5468458749819547, 2.597180875018239, 2.5747333749895915]","[0.015101124998182058, 0.01581975002773106, 0.015005666995421052]",,,"{""setup_seconds"": 0.047291291994042695, ""eval_seconds_sampled"": 2.5227968329563737, ""eval_nz"": 32, ""m"": 2048, ""fft_seconds"": 3.520806785672903e-05, ""estimated_total_seconds"": 161.50632380926982, ""defect_pairs"": 866, ""defect_nodes"": 445}"
TT_CORR_W25_S3_T1200,two_target,TT_CORR_W25_S3,corridor,1200,866,434,"[701,+inf)",0.011853625066578388,320.9352390842978,0.018841749988496304,estimate,3.693463235885069e-05,sparse,"[0.01184341695625335, 0.011853625066578388, 0.012056541978381574]","[320.9352390842978, 320.2421126307454, 334.7544179606484]","[2.5596752499695867, 2.558110291021876, 2.667600292013958]","[0.026072625070810318, 0.018841749988496304, 0.017044208012521267]",,,"{""setup_seconds"": 0.04848637501709163, ""eval_seconds_sampled"": 2.6148898330284283, ""eval_nz"": 32, ""m"": 4096, ""fft_seconds"": 3.2957992516458035e-05, ""estimated_total_seconds"": 334.7544179606484, ""defect_pairs"": 866, ""defect_nodes"": 445}"
TT_SYN_B128_K1_T300,two_target,TT_SYN_B128_K1,synthetic,300,248,128,"[121,300]",0.0034714590292423964,13.173203041427769,0.018778666970320046,estimate,0.00026352429385056715,sparse,"[0.0043839579448103905, 0.0034714590292423964, 0.002935584052465856]","[13.442969414405525, 13.151283329701982, 13.173203041427769]","[0.43679783307015896, 0.4278880829224363, 0.42860937502700835]","[0.01897116599138826, 0.017678249976597726, 0.018778666970320046]",,,"{""setup_seconds"": 0.016422915970906615, ""eval_seconds_sampled"": 0.41114837501663715, ""eval_nz"": 32, ""m"": 1024, ""fft_seconds"": 3.212492447346449e-05, ""estimated_total_seconds"": 13.173203041427769, ""defect_pairs"": 248, ""defect_nodes"": 230}"
TT_SYN_B128_K1_T600,two_target,TT_SYN_B128_K1,synthetic,600,248,128,"[121,300]",0.006217499962076545,26.394669604487717,0.016816957970149815,estimate,0.0002355589236479559,sparse,"[0.006217499962076545, 0.005825792090035975, 0.006267958087846637]","[26.331162670627236, 26.394669604487717, 26.553082624683157]","[0.4313974999822676, 0.44343550002668053, 0.4324391250265762]","[0.016816957970149815, 0.016505875042639673, 0.01683445810340345]",,,"{""setup_seconds"": 0.016726459027267992, ""eval_seconds_sampled"": 0.41463020897936076, ""eval_nz"": 32, ""m"": 2048, ""fft_seconds"": 2.279097680002451e-05, ""estimated_total_seconds"": 26.553082624683157, ""defect_pairs"": 248, ""defect_nodes"": 230}"
TT_SYN_B128_K1_T1200,two_target,TT_SYN_B128_K1,synthetic,1200,248,128,"[121,300]",0.01200404204428196,52.643424156238325,0.018154708086512983,estimate,0.00022802547966210634,sparse,"[0.011928834021091461, 0.012222332996316254, 0.01200404204428196]","[53.11978628928773, 52.51416912977584, 52.643424156238325]","[0.43254654097836465, 0.4265057500451803, 0.4280557499732822]","[0.01796362502500415, 0.018154708086512983, 0.01920750003773719]",,,"{""setup_seconds"": 0.01570724998600781, ""eval_seconds_sampled"": 0.41115366690792143, ""eval_nz"": 32, ""m"": 4096, ""fft_seconds"": 4.754203837364912e-05, ""estimated_total_seconds"": 52.643424156238325, ""defect_pairs"": 248, ""defect_nodes"": 230}"
TT_SYN_B128_K2_T300,two_target,TT_SYN_B128_K2,synthetic,300,244,128,"[121,300]",0.0029358749743551016,13.631547096418217,0.017838708008639514,estimate,0.0002153735708492342,sparse,"[0.004938750062137842, 0.0029358749743551016, 0.002855334081687033]","[13.512051273137331, 13.631547096418217, 13.695394615526311]","[0.4400594159960747, 0.4429289159597829, 0.4453173750080168]","[0.018999874941073358, 0.017838708008639514, 0.01630870799999684]",,,"{""setup_seconds"": 0.01674316602293402, ""eval_seconds_sampled"": 0.42745720804668963, ""eval_nz"": 32, ""m"": 1024, ""fft_seconds"": 2.0792009308934212e-05, ""estimated_total_seconds"": 13.695394615526311, ""defect_pairs"": 244, ""defect_nodes"": 234}"
TT_SYN_B128_K2_T600,two_target,TT_SYN_B128_K2,synthetic,600,244,128,"[121,300]",0.007183042005635798,26.600521584856324,0.01846429205033928,estimate,0.00027003387819752765,sparse,"[0.008672458934597671, 0.007183042005635798, 0.006297833053395152]","[26.600521584856324, 26.85633556218818, 26.5729834997328]","[0.4326972089475021, 0.4373536250786856, 0.4337137920083478]","[0.01866595901083201, 0.01719729194883257, 0.01846429205033928]",,,"{""setup_seconds"": 0.01771104207728058, ""eval_seconds_sampled"": 0.4149257499957457, ""eval_nz"": 32, ""m"": 2048, ""fft_seconds"": 2.445792779326439e-05, ""estimated_total_seconds"": 26.5729834997328, ""defect_pairs"": 244, ""defect_nodes"": 234}"
TT_SYN_B128_K2_T1200,two_target,TT_SYN_B128_K2,synthetic,1200,244,128,"[121,300]",0.01209095900412649,53.535911283805035,0.017306084046140313,estimate,0.00022584763599203147,sparse,"[0.01209095900412649, 0.01179408305324614, 0.012267124955542386]","[53.535911283805035, 53.296332083060406, 54.00445911590941]","[0.4368978750426322, 0.4347164999926463, 0.43978995794896036]","[0.017984834033995867, 0.017306084046140313, 0.016671375022269785]",,,"{""setup_seconds"": 0.01685433299280703, ""eval_seconds_sampled"": 0.42177787492983043, ""eval_nz"": 32, ""m"": 4096, ""fft_seconds"": 3.679189831018448e-05, ""estimated_total_seconds"": 54.00445911590941, ""defect_pairs"": 244, ""defect_nodes"": 234}"
TT_SYN_B16_K1_T300,two_target,TT_SYN_B16_K1,synthetic,300,30,17,"[21,60]",0.0028691249899566174,0.16554937500040978,0.016613292042165995,full,0.017330932176273788,sparse,"[0.0028691249899566174, 0.00285183300729841, 0.003264582948759198]","[0.0, 0.0, 0.0]","[0.16554937500040978, 0.1643246659077704, 0.17104591708630323]","[0.01638966705650091, 0.017588250106200576, 0.016613292042165995]",4.498119017957013e-10,1.6123706171658196e-12,
TT_SYN_B16_K1_T600,two_target,TT_SYN_B16_K1,synthetic,600,30,17,"[21,60]",0.008299084031023085,0.319918041001074,0.017371999914757907,full,0.02594128172657579,sparse,"[0.008710250025615096, 0.008299084031023085, 0.007008417043834925]","[0.0, 0.0, 0.0]","[0.319918041001074, 0.3302810840541497, 0.30708020890597254]","[0.018306374899111688, 0.017371999914757907, 0.015834208927117288]",6.161173951588794e-10,1.106056853035429e-12,
TT_SYN_B16_K1_T1200,two_target,TT_SYN_B16_K1,synthetic,1200,30,17,"[21,60]",0.015074958093464375,0.6288773330161348,0.01646629103925079,full,0.023971221893407953,sparse,"[0.015074958093464375, 0.012369708041660488, 0.01722791709471494]","[0.0, 0.0, 0.0]","[0.6333460420137271, 0.6288773330161348, 0.6185793749755248]","[0.01646629103925079, 0.018639791989699006, 0.014945957926101983]",7.819440398792685e-10,7.207873948649573e-13,
TT_SYN_B16_K2_T300,two_target,TT_SYN_B16_K2,synthetic,300,30,17,"[21,60]",0.002822167007252574,0.1606715420493856,0.014369916054420173,full,0.017564821817575665,sparse,"[0.0028090830892324448, 0.0028557080077007413, 0.002822167007252574]","[0.0, 0.0, 0.0]","[0.26431741705164313, 0.1606715420493856, 0.15821787505410612]","[0.014272165950387716, 0.014369916054420173, 0.014493542024865746]",4.822070679969736e-10,1.7209338278516617e-12,
TT_SYN_B16_K2_T600,two_target,TT_SYN_B16_K2,synthetic,600,30,17,"[21,60]",0.006061500054784119,0.3003117919433862,0.015735000022687018,full,0.02018402279696967,sparse,"[0.006167582934722304, 0.005695375031791627, 0.006061500054784119]","[0.0, 0.0, 0.0]","[0.3396918330108747, 0.2873715419555083, 0.3003117919433862]","[0.015735000022687018, 0.017051166971214116, 0.01485137501731515]",6.652381447509828e-10,1.1959485292898115e-12,
TT_SYN_B16_K2_T1200,two_target,TT_SYN_B16_K2,synthetic,1200,30,17,"[21,60]",0.01203874999191612,0.6015242920257151,0.01679862500168383,full,0.020013738682728818,sparse,"[0.011690541985444725, 0.01203874999191612, 0.012318541994318366]","[0.0, 0.0, 0.0]","[0.598472207901068, 0.6015242920257151, 0.624013707973063]","[0.017047792091034353, 0.016465541906654835, 0.01679862500168383]",8.188482694919455e-10,7.619095319976293e-13,
TT_SYN_B1_K1_T300,two_target,TT_SYN_B1_K1,synthetic,300,4,2,"[0,20]",0.0038819590117782354,0.04126537498086691,0.016384958988055587,full,0.09407303371357084,sparse,"[0.00462195894215256, 0.0038819590117782354, 0.002941875020042062]","[0.0, 0.0, 0.0]","[0.04126537498086691, 0.04048708395566791, 0.043720167013816535]","[0.01735545799601823, 0.014530790969729424, 0.016384958988055587]",4.738351417335367e-10,1.7017698260623752e-12,
TT_SYN_B1_K1_T600,two_target,TT_SYN_B1_K1,synthetic,600,4,2,"[0,20]",0.0056634999345988035,0.07917775004170835,0.01714350003749132,full,0.07152893245407264,sparse,"[0.005652250023558736, 0.00591750000603497, 0.0056634999345988035]","[0.0, 0.0, 0.0]","[0.07301583304069936, 0.0810333340195939, 0.07917775004170835]","[0.01691679109353572, 0.01714350003749132, 0.01736754202283919]",6.354752360774774e-10,1.1463456584335415e-12,
TT_SYN_B1_K1_T1200,two_target,TT_SYN_B1_K1,synthetic,1200,4,2,"[0,20]",0.012457457953132689,0.15356083295773715,0.016421749955043197,full,0.08112392797817929,sparse,"[0.012457457953132689, 0.015790167031809688, 0.012276874971576035]","[0.0, 0.0, 0.0]","[0.15430175000801682, 0.15356083295773715, 0.14289308292791247]","[0.016421749955043197, 0.01637904194649309, 0.01676804106682539]",7.857876097615281e-10,7.281960049222e-13,
TT_SYN_B1_K2_T300,two_target,TT_SYN_B1_K2,synthetic,300,4,2,"[0,20]",0.0028639170341193676,0.039000291959382594,0.017148334067314863,full,0.07343322037440218,sparse,"[0.0028639170341193676, 0.002789124962873757, 0.003000917029567063]","[0.0, 0.0, 0.0]","[0.039000291959382594, 0.03912887501064688, 0.038097166921943426]","[0.017148334067314863, 0.017902874969877303, 0.016602499992586672]",4.680426506346084e-10,1.6813451567597684e-12,
TT_SYN_B1_K2_T600,two_target,TT_SYN_B1_K2,synthetic,600,4,2,"[0,20]",0.005645624944008887,0.07847304199822247,0.01709404098801315,full,0.07194349550176439,sparse,"[0.005645624944008887, 0.005860749981366098, 0.0054897499503567815]","[0.0, 0.0, 0.0]","[0.07811566593591124, 0.0792785829398781, 0.07847304199822247]","[0.018109917058609426, 0.016742957988753915, 0.01709404098801315]",6.314174043718647e-10,1.137085210254789e-12,
TT_SYN_B1_K2_T1200,two_target,TT_SYN_B1_K2,synthetic,1200,4,2,"[0,20]",0.011649667052552104,0.15256862505339086,0.01644750009290874,full,0.07635689872983611,sparse,"[0.011649667052552104, 0.011990042054094374, 0.011581999948248267]","[0.0, 0.0, 0.0]","[0.1475161249982193, 0.15256862505339086, 0.15343137504532933]","[0.01644750009290874, 0.01625383400823921, 0.016964917071163654]",7.860768588729025e-10,7.277861761331142e-13,
TT_SYN_B2_K1_T300,two_target,TT_SYN_B2_K1,synthetic,300,4,3,"[0,20]",0.0028286660090088844,0.03752670809626579,0.016768000088632107,full,0.07537740858464373,sparse,"[0.002813250059261918, 0.003010125015862286, 0.0028286660090088844]","[0.0, 0.0, 0.0]","[0.03724808304104954, 0.03752670809626579, 0.03939079097472131]","[0.016763500054366887, 0.016768000088632107, 0.017158375005237758]",4.6219698920306473e-10,1.6611697420477006e-12,
TT_SYN_B2_K1_T600,two_target,TT_SYN_B2_K1,synthetic,600,4,3,"[0,20]",0.005963583011180162,0.07849637500476092,0.016646667034365237,full,0.07597271862322894,sparse,"[0.006118749966844916, 0.005963583011180162, 0.005579833989031613]","[0.0, 0.0, 0.0]","[0.07361033302731812, 0.07849637500476092, 0.07866624998860061]","[0.017176999943330884, 0.016290125087834895, 0.016646667034365237]",6.266876906361866e-10,1.1266653568171592e-12,
TT_SYN_B2_K1_T1200,two_target,TT_SYN_B2_K1,synthetic,1200,4,3,"[0,20]",0.011537957936525345,0.15150595805607736,0.016223917016759515,full,0.07615514323373847,sparse,"[0.011537957936525345, 0.011441165930591524, 0.011617874959483743]","[0.0, 0.0, 0.0]","[0.15150595805607736, 0.1485640840837732, 0.16077924997080117]","[0.016223917016759515, 0.017995000001974404, 0.016081125009804964]",7.858679736661743e-10,7.268325397539053e-13,
TT_SYN_B2_K2_T300,two_target,TT_SYN_B2_K2,synthetic,300,6,3,"[0,20]",0.00287033396307379,0.04200433404184878,0.016338707995601,full,0.06833423332492514,sparse,"[0.00287033396307379, 0.002868958981707692, 0.0030778750078752637]","[0.0, 0.0, 0.0]","[0.04211529204621911, 0.04200433404184878, 0.041702707996591926]","[0.016303082928061485, 0.016338707995601, 0.016840541968122125]",4.682540365300329e-10,1.682110389347644e-12,
TT_SYN_B2_K2_T600,two_target,TT_SYN_B2_K2,synthetic,600,6,3,"[0,20]",0.0058358750538900495,0.08399208402261138,0.016518124961294234,full,0.0694812507845261,sparse,"[0.0058358750538900495, 0.005858665914274752, 0.00563074997626245]","[0.0, 0.0, 0.0]","[0.07806608406826854, 0.08399208402261138, 0.08481162507086992]","[0.016282083000987768, 0.016518124961294234, 0.01677829201798886]",6.31108540310412e-10,1.1368515548002422e-12,
TT_SYN_B2_K2_T1200,two_target,TT_SYN_B2_K2,synthetic,1200,6,3,"[0,20]",0.01172645902261138,0.16133641602937132,0.0170181670691818,full,0.07268327455889795,sparse,"[0.01172645902261138, 0.012036375002935529, 0.011554167023859918]","[0.0, 0.0, 0.0]","[0.1620189999230206, 0.16133641602937132, 0.1589969580527395]","[0.016794165945611894, 0.017535833059810102, 0.0170181670691818]",7.848608732442716e-10,7.267130449866028e-13,
TT_SYN_B32_K1_T300,two_target,TT_SYN_B32_K1,synthetic,300,62,33,"[61,120]",0.004391332971863449,0.5402288750046864,0.01670058409217745,full,0.008128652826684532,sparse,"[0.0046518329763785005, 0.0039634170243516564, 0.004391332971863449]","[0.0, 0.0, 0.0]","[0.6371885419357568, 0.527970458031632, 0.5402288750046864]","[0.01670058409217745, 0.016709374962374568, 0.01633166696410626]",4.306962796438998e-10,1.549349116427484e-12,
TT_SYN_B32_K1_T600,two_target,TT_SYN_B32_K1,synthetic,600,62,33,"[61,120]",0.005929459002800286,1.1125054580625147,0.01701820793095976,full,0.005329824640255467,sparse,"[0.005929459002800286, 0.005891292006708682, 0.006587832933291793]","[0.0, 0.0, 0.0]","[1.0835487089352682, 1.1713751669740304, 1.1125054580625147]","[0.016692208009772003, 0.01701820793095976, 0.017452374915592372]",5.903892309232895e-10,1.0571817631653042e-12,
TT_SYN_B32_K1_T1200,two_target,TT_SYN_B32_K1,synthetic,1200,62,33,"[61,120]",0.013656832976266742,2.323571499902755,0.0168250841088593,full,0.00587751785423358,sparse,"[0.012644957983866334, 0.014142416999675333, 0.013656832976266742]","[0.0, 0.0, 0.0]","[2.2529265410266817, 2.323571499902755, 2.4068636669544503]","[0.0168250841088593, 0.01684858393855393, 0.016001499956473708]",7.66089813054057e-10,7.026617865680304e-13,
TT_SYN_B32_K2_T300,two_target,TT_SYN_B32_K2,synthetic,300,62,33,"[61,120]",0.003335834015160799,0.6152074999408796,0.019474250031635165,full,0.005422290878250618,sparse,"[0.003335834015160799, 0.0031154999742284417, 0.0046761659905314445]","[0.0, 0.0, 0.0]","[0.6213952079415321, 0.6152074999408796, 0.5699297919636592]","[0.018530708039179444, 0.020729957963339984, 0.019474250031635165]",4.577033342695768e-10,1.6585140820482904e-12,
TT_SYN_B32_K2_T600,two_target,TT_SYN_B32_K2,synthetic,600,62,33,"[61,120]",0.0073933330131694674,1.2079443329712376,0.01529074995778501,full,0.006120590834665152,sparse,"[0.005621249903924763, 0.0073933330131694674, 0.007955084089189768]","[0.0, 0.0, 0.0]","[1.2098864999134094, 1.1747402499895543, 1.2079443329712376]","[0.0139570829924196, 0.01529074995778501, 0.015983249992132187]",6.091064627550687e-10,1.095252430219081e-12,
TT_SYN_B32_K2_T1200,two_target,TT_SYN_B32_K2,synthetic,1200,62,33,"[61,120]",0.01187199994456023,2.499920667032711,0.016978709027171135,full,0.004748950677163583,sparse,"[0.01187199994456023, 0.01173012494109571, 0.01221375004388392]","[0.0, 0.0, 0.0]","[2.499920667032711, 2.551931667025201, 2.3564824999775738]","[0.017113166977651417, 0.016736249905079603, 0.016978709027171135]",7.686135883398457e-10,7.098531842986768e-13,
TT_SYN_B4_K1_T300,two_target,TT_SYN_B4_K1,synthetic,300,10,5,"[0,20]",0.0030241659842431545,0.056896959082223475,0.015446500037796795,full,0.053151627662083714,sparse,"[0.0030241659842431545, 0.002909541013650596, 0.003334416076540947]","[0.0, 0.0, 0.0]","[0.04964566696435213, 0.056896959082223475, 0.06274616601876915]","[0.01559545798227191, 0.015417624963447452, 0.015446500037796795]",4.733831625686217e-10,1.6931388671349266e-12,
TT_SYN_B4_K1_T600,two_target,TT_SYN_B4_K1,synthetic,600,10,5,"[0,20]",0.00832349993288517,0.09593683306593448,0.018285542028024793,full,0.0867602115567509,sparse,"[0.00832349993288517, 0.006467874976806343, 0.010560666909441352]","[0.0, 0.0, 0.0]","[0.09264120901934803, 0.09593683306593448, 0.10168191709090024]","[0.01923774997703731, 0.018285542028024793, 0.017541458015330136]",6.422980660560772e-10,1.1572062033199513e-12,
TT_SYN_B4_K1_T1200,two_target,TT_SYN_B4_K1,synthetic,1200,10,5,"[0,20]",0.01127445895690471,0.20927745895460248,0.01541133294813335,full,0.05387325999285199,sparse,"[0.01224995800293982, 0.01127445895690471, 0.011135124950669706]","[0.0, 0.0, 0.0]","[0.20615054189693183, 0.2206645420519635, 0.20927745895460248]","[0.01541133294813335, 0.015505333081819117, 0.01490270800422877]",7.996759672114423e-10,7.399215273965664e-13,
TT_SYN_B4_K2_T300,two_target,TT_SYN_B4_K2,synthetic,300,10,5,"[0,20]",0.004143791040405631,0.06196637498214841,0.01669575006235391,full,0.06687160644138689,sparse,"[0.004143791040405631, 0.004639791906811297, 0.004094042000360787]","[0.0, 0.0, 0.0]","[0.06196637498214841, 0.05483487492892891, 0.06230608304031193]","[0.016212499933317304, 0.01725491601973772, 0.01669575006235391]",4.5334660769619806e-10,1.6235043927934763e-12,
TT_SYN_B4_K2_T600,two_target,TT_SYN_B4_K2,synthetic,600,10,5,"[0,20]",0.006121332990005612,0.11123212496750057,0.016399624990299344,full,0.05503206013365404,sparse,"[0.005593499983660877, 0.006334166042506695, 0.006121332990005612]","[0.0, 0.0, 0.0]","[0.11123212496750057, 0.11448454193305224, 0.10891270800493658]","[0.016399624990299344, 0.016920666908845305, 0.015998124959878623]",6.219039297516553e-10,1.1166154958493658e-12,
TT_SYN_B4_K2_T1200,two_target,TT_SYN_B4_K2,synthetic,1200,10,5,"[0,20]",0.01303654199000448,0.22199062502477318,0.016792459064163268,full,0.05872564207857723,sparse,"[0.01303654199000448, 0.015886624925769866, 0.012112582917325199]","[0.0, 0.0, 0.0]","[0.22694041696377099, 0.2122527500614524, 0.22199062502477318]","[0.016792459064163268, 0.016542167053557932, 0.017354125040583313]",7.87574636452267e-10,7.265003038811354e-13,
TT_SYN_B64_K1_T300,two_target,TT_SYN_B64_K1,synthetic,300,126,65,"[121,300]",0.002910749986767769,3.525544645031914,0.016447750036604702,estimate,0.0008256171116339444,sparse,"[0.002910749986767769, 0.0032055419869720936, 0.002827625023201108]","[3.525544645031914, 3.5447116886498407, 3.4911369781475514]","[0.11792566697113216, 0.11876449990086257, 0.11752429197076708]","[0.016447750036604702, 0.015508374897763133, 0.016799874952994287]",,,"{""setup_seconds"": 0.007982458104379475, ""eval_seconds_sampled"": 0.10884795896708965, ""eval_nz"": 32, ""m"": 1024, ""fft_seconds"": 1.983309630304575e-05, ""estimated_total_seconds"": 3.4911369781475514, ""defect_pairs"": 126, ""defect_nodes"": 123}"
TT_SYN_B64_K1_T600,two_target,TT_SYN_B64_K1,synthetic,600,126,65,"[121,300]",0.005790333962067962,7.141049271333031,0.016403542016632855,estimate,0.0008108519829589511,sparse,"[0.005790333962067962, 0.005602582939900458, 0.006226624944247305]","[7.141049271333031, 7.078679461963475, 7.499496310483664]","[0.12000829202588648, 0.1190622920403257, 0.12649958406109363]","[0.016316124936565757, 0.016403542016632855, 0.01841933303512633]",,,"{""setup_seconds"": 0.008738207980059087, ""eval_seconds_sampled"": 0.11704270797781646, ""eval_nz"": 32, ""m"": 2048, ""fft_seconds"": 2.4791923351585865e-05, ""estimated_total_seconds"": 7.499496310483664, ""defect_pairs"": 126, ""defect_nodes"": 123}"
TT_SYN_B64_K1_T1200,two_target,TT_SYN_B64_K1,synthetic,1200,126,65,"[121,300]",0.011635291972197592,11.959408909780905,0.016367541044019163,estimate,0.0009728985821934531,sparse,"[0.011512332945130765, 0.011824000044725835, 0.011635291972197592]","[11.312048326595686, 11.959408909780905, 21.78806374897249]","[0.09584954101592302, 0.10128454200457782, 0.17804570798762143]","[0.016367541044019163, 0.01635658391751349, 0.01708020898513496]",,,"{""setup_seconds"": 0.006938250036910176, ""eval_seconds_sampled"": 0.17016479198355228, ""eval_nz"": 32, ""m"": 4096, ""fft_seconds"": 3.2125040888786316e-05, ""estimated_total_seconds"": 21.78806374897249, ""defect_pairs"": 126, ""defect_nodes"": 123}"
TT_SYN_B64_K2_T300,two_target,TT_SYN_B64_K2,synthetic,300,124,65,"[121,300]",0.005340250092558563,3.388201125198975,0.01854033302515745,estimate,0.0015761313733242302,sparse,"[0.004742959048599005, 0.005364459007978439, 0.005340250092558563]","[3.388201125198975, 3.199411668116227, 3.551011187490076]","[0.11310087505262345, 0.10785745806060731, 0.1191331660374999]","[0.029594375053420663, 0.01854033302515745, 0.01718129205983132]",,,"{""setup_seconds"": 0.007293042028322816, ""eval_seconds_sampled"": 0.11074054101482034, ""eval_nz"": 32, ""m"": 1024, ""fft_seconds"": 2.0832987502217293e-05, ""estimated_total_seconds"": 3.551011187490076, ""defect_pairs"": 124, ""defect_nodes"": 122}"
TT_SYN_B64_K2_T600,two_target,TT_SYN_B64_K2,synthetic,600,124,65,"[121,300]",0.005934459040872753,6.9717897339724,0.01762208400759846,estimate,0.0008512102727302713,sparse,"[0.005680624977685511, 0.006348583963699639, 0.005934459040872753]","[6.9717897339724, 6.684526273282245, 7.096173938596621]","[0.11662424996029586, 0.11277966597117484, 0.11899200000334531]","[0.01762208400759846, 0.017407916020601988, 0.017813166952691972]",,,"{""setup_seconds"": 0.007424499955959618, ""eval_seconds_sampled"": 0.11076133302412927, ""eval_nz"": 32, ""m"": 2048, ""fft_seconds"": 2.4125096388161182e-05, ""estimated_total_seconds"": 7.096173938596621, ""defect_pairs"": 124, ""defect_nodes"": 122}"
TT_SYN_B64_K2_T1200,two_target,TT_SYN_B64_K2,synthetic,1200,124,65,"[121,300]",0.011752167018130422,12.843003285466693,0.017514250008389354,estimate,0.000915063771059634,sparse,"[0.01161908300127834, 0.01201687497086823, 0.011752167018130422]","[12.843003285466693, 12.698682375601493, 13.272591839893721]","[0.10795316693838686, 0.10699424997437745, 0.11081350001040846]","[0.016020875074900687, 0.01761383400298655, 0.017514250008389354]",,,"{""setup_seconds"": 0.006973083014599979, ""eval_seconds_sampled"": 0.10363737505394965, ""eval_nz"": 32, ""m"": 4096, ""fft_seconds"": 3.474997356534004e-05, ""estimated_total_seconds"": 13.272591839893721, ""defect_pairs"": 124, ""defect_nodes"": 122}"
TT_SYN_B8_K1_T300,two_target,TT_SYN_B8_K1,synthetic,300,18,9,"[0,20]",0.002810667036101222,0.08077262504957616,0.015249499934725463,full,0.03479727239737605,sparse,"[0.002810667036101222, 0.0028002919862046838, 0.0034970829728990793]","[0.0, 0.0, 0.0]","[0.08434595901053399, 0.08077262504957616, 0.08070549997501075]","[0.015249499934725463, 0.014588833088055253, 0.016676749917678535]",4.870340915053096e-10,1.761809159085258e-12,
TT_SYN_B8_K1_T600,two_target,TT_SYN_B8_K1,synthetic,600,18,9,"[0,20]",0.0056374589912593365,0.1586560420691967,0.015244166017509997,full,0.03553258305032341,sparse,"[0.005597625044174492, 0.0056374589912593365, 0.00616570794954896]","[0.0, 0.0, 0.0]","[0.1586560420691967, 0.15439237502869219, 0.16485091706272215]","[0.015784375020302832, 0.015244166017509997, 0.014845083002001047]",6.434445512767628e-10,1.161087662454724e-12,
TT_SYN_B8_K1_T1200,two_target,TT_SYN_B8_K1,synthetic,1200,18,9,"[0,20]",0.012107084039598703,0.3341242080787197,0.016559500014409423,full,0.036235279416648176,sparse,"[0.012107084039598703, 0.014894749969244003, 0.011868792003951967]","[0.0, 0.0, 0.0]","[0.3341242080787197, 0.3391650839475915, 0.32949995808303356]","[0.016219333978369832, 0.016559500014409423, 0.016646457952447236]",7.863591173405514e-10,7.322831847427157e-13,
TT_SYN_B8_K2_T300,two_target,TT_SYN_B8_K2,synthetic,300,18,9,"[0,20]",0.0028648750158026814,0.08333716704510152,0.015976249938830733,full,0.03437691869525911,sparse,"[0.0028213750338181853, 0.0031860829330980778, 0.0028648750158026814]","[0.0, 0.0, 0.0]","[0.08502683299593627, 0.08257070800755173, 0.08333716704510152]","[0.015976249938830733, 0.015420667012222111, 0.016536958049982786]",4.483869619549389e-10,1.60608484540943e-12,
TT_SYN_B8_K2_T600,two_target,TT_SYN_B8_K2,synthetic,600,18,9,"[0,20]",0.005909125087782741,0.1651121670147404,0.015147916972637177,full,0.03578855026023129,sparse,"[0.005721875000745058, 0.006113208015449345, 0.005909125087782741]","[0.0, 0.0, 0.0]","[0.1651121670147404, 0.16837258299347013, 0.15966608398593962]","[0.013545374968089163, 0.015147916972637177, 0.015843915985897183]",6.175132209336203e-10,1.1062961785298396e-12,
TT_SYN_B8_K2_T1200,two_target,TT_SYN_B8_K2,synthetic,1200,18,9,"[0,20]",0.011855957913212478,0.3106235000304878,0.016440290957689285,full,0.038168258074642816,sparse,"[0.011868625064380467, 0.011583499959670007, 0.011855957913212478]","[0.0, 0.0, 0.0]","[0.3106235000304878, 0.31957691605202854, 0.2962439999682829]","[0.016323416028171778, 0.01668379094917327, 0.016440290957689285]",7.960077554839975e-10,7.317434113554622e-13,
