t,f_total,survival_before,survival_after
1,0.0000000000000000e+00,1.0000000000000000e+00,9.9999999999999989e-01
2,2.8947241512345675e-04,9.9999999999999989e-01,9.9971052758487644e-01
3,4.2902224191422329e-03,9.9971052758487644e-01,9.9542030516573421e-01
4,1.1595153113883948e-02,9.9542030516573421e-01,9.8382515205185028e-01
5,1.6208639427631039e-02,9.8382515205185028e-01,9.6761651262421922e-01
6,1.8966474374925209e-02,9.6761651262421922e-01,9.4865003824929395e-01
7,2.0616109751970570e-02,9.4865003824929395e-01,9.2803392849732336e-01
8,2.1603723860405776e-02,9.2803392849732336e-01,9.0643020463691759e-01
9,2.2174528949644064e-02,9.0643020463691759e-01,8.8425567568727348e-01
10,2.2466579816563945e-02,8.8425567568727348e-01,8.6178909587070951e-01
11,2.2562101453182850e-02,8.6178909587070951e-01,8.3922699441752657e-01
12,2.2513391256916673e-02,8.3922699441752657e-01,8.1671360316060992e-01
13,2.2355862130859085e-02,8.1671360316060992e-01,7.9435774102975087e-01
14,2.2114804852812309e-02,7.9435774102975087e-01,7.7224293617693840e-01
15,2.1809057822207819e-02,7.7224293617693840e-01,7.5043387835473063e-01
16,2.1453109028815826e-02,7.5043387835473063e-01,7.2898076932591471e-01
17,2.1058369503975768e-02,7.2898076932591471e-01,7.0792239982193905e-01
18,2.0633986889948303e-02,7.0792239982193905e-01,6.8728841293199072e-01
19,2.0187390212123162e-02,6.8728841293199072e-01,6.6710102271986749e-01
20,1.9724669566034039e-02,6.6710102271986749e-01,6.4737635315383346e-01
21,1.9250849845429838e-02,6.4737635315383346e-01,6.2812550330840367e-01
22,1.8770093868462775e-02,6.2812550330840367e-01,6.0935540943994082e-01
23,1.8285856966122369e-02,6.0935540943994082e-01,5.9106955247381854e-01
24,1.7801007300562235e-02,5.9106955247381854e-01,5.7326854517325621e-01
25,1.7317921406630452e-02,5.7326854517325621e-01,5.5595062376662574e-01
26,1.6838561419100617e-02,5.5595062376662574e-01,5.3911206234752507e-01
27,1.6364538469245626e-02,5.3911206234752507e-01,5.2274752387827950e-01
28,1.5897165414893662e-02,5.2274752387827950e-01,5.0685035846338578e-01
29,1.5437501174402587e-02,5.0685035846338578e-01,4.9141285728898315e-01
30,1.4986388322330997e-02,4.9141285728898315e-01,4.7642646896665219e-01
31,1.4544485180249495e-02,4.7642646896665219e-01,4.6188198378640266e-01
32,1.4112293339266849e-02,4.6188198378640266e-01,4.4776969044713583e-01
33,1.3690181340823466e-02,4.4776969044713583e-01,4.3407950910631232e-01
34,1.3278405091730162e-02,4.3407950910631232e-01,4.2080110401458215e-01
35,1.2877125479710289e-02,4.2080110401458215e-01,4.0792397853487189e-01
36,1.2486423574186296e-02,4.0792397853487189e-01,3.9543755496068556e-01
37,1.2106313735122011e-02,3.9543755496068556e-01,3.8333124122556356e-01
38,1.1736754904527399e-02,3.8333124122556356e-01,3.7159448632103609e-01
39,1.1377660316767084e-02,3.7159448632103609e-01,3.6021682600426908e-01
40,1.1028905832380009e-02,3.6021682600426908e-01,3.4918792017188899e-01
41,1.0690337073873138e-02,3.4918792017188899e-01,3.3849758309801581e-01
42,1.0361775519641486e-02,3.3849758309801581e-01,3.2813580757837435e-01
43,1.0043023692926333e-02,3.2813580757837435e-01,3.1809278388544804e-01
44,9.7338695659528948e-03,3.1809278388544804e-01,3.0835891431949514e-01
45,9.4340902846620309e-03,3.0835891431949514e-01,2.9892482403483311e-01
46,9.1434553064571721e-03,2.9892482403483311e-01,2.8978136872837590e-01
47,8.8617290318937433e-03,2.8978136872837590e-01,2.8091963969648215e-01
48,8.5886730010607017e-03,2.8091963969648215e-01,2.7233096669542145e-01
49,8.3240477163930293e-03,2.7233096669542145e-01,2.6400691897902839e-01
50,8.0676141456844930e-03,2.6400691897902839e-01,2.5593930483334387e-01
51,7.8191349520322622e-03,2.5593930483334387e-01,2.4812016988131164e-01
52,7.5783754912420584e-03,2.4812016988131164e-01,2.4054179439006956e-01
53,7.3451046117673727e-03,2.4054179439006956e-01,2.3319668977830216e-01
54,7.1190952874693927e-03,2.3319668977830216e-01,2.2607759449083276e-01
55,6.9001251092939368e-03,2.2607759449083276e-01,2.1917746938153884e-01
56,6.6879766583018939e-03,2.1917746938153884e-01,2.1248949272323694e-01
57,6.4824377793007652e-03,2.1248949272323694e-01,2.0600705494393617e-01
58,6.2833017715526358e-03,2.0600705494393617e-01,1.9972375317238353e-01
59,6.0903675106292621e-03,1.9972375317238353e-01,1.9363338566175423e-01
60,5.9034395134035036e-03,1.9363338566175423e-01,1.8772994614835076e-01
61,5.7223279563688063e-03,1.8772994614835076e-01,1.8200761819198191e-01
62,5.5468486559289354e-03,1.8200761819198191e-01,1.7646076953605300e-01
63,5.3768230179674931e-03,1.7646076953605300e-01,1.7108394651808551e-01
64,5.2120779628626298e-03,1.7108394651808551e-01,1.6587186855522287e-01
65,5.0524458311322004e-03,1.6587186855522287e-01,1.6081942272409067e-01
66,4.8977642740564726e-03,1.6081942272409067e-01,1.5592165845003420e-01
67,4.7478761329102764e-03,1.5592165845003420e-01,1.5117378231712392e-01
68,4.6026293098273283e-03,1.5117378231712392e-01,1.4657115300729656e-01
69,4.4618766328017069e-03,1.4657115300729656e-01,1.4210927637449486e-01
70,4.3254757168923359e-03,1.4210927637449486e-01,1.3778380065760251e-01
71,4.1932888233246401e-03,1.3778380065760251e-01,1.3359051183427789e-01
72,4.0651827178697347e-03,1.3359051183427789e-01,1.2952532911640813e-01
73,3.9410285296171072e-03,1.2952532911640813e-01,1.2558430058679104e-01
74,3.8207016110346236e-03,1.2558430058679104e-01,1.2176359897575641e-01
75,3.7040814000235791e-03,1.2176359897575641e-01,1.1805951757573283e-01
76,3.5910512845209988e-03,1.1805951757573283e-01,1.1446846629121182e-01
77,3.4814984700719640e-03,1.1446846629121182e-01,1.1098696782113986e-01
78,3.3753138506873439e-03,1.1098696782113986e-01,1.0761165397045250e-01
79,3.2723918832136115e-03,1.0761165397045250e-01,1.0433926208723888e-01
80,3.1726304653685094e-03,1.0433926208723888e-01,1.0116663162187037e-01
81,3.0759308175366913e-03,1.0116663162187037e-01,9.8090700804333686e-02
82,2.9821973683710557e-03,9.8090700804333686e-02,9.5108503435962638e-02
83,2.8913376442064299e-03,9.5108503435962638e-02,9.2217165791756192e-02
84,2.8032621622610951e-03,9.2217165791756192e-02,8.9413903629495098e-02
85,2.7178843275769940e-03,8.9413903629495098e-02,8.6696019301918101e-02
86,2.6351203336303346e-03,8.6696019301918101e-02,8.4060898968287764e-02
87,2.5548890665296302e-03,8.4060898968287764e-02,8.1506009901758131e-02
88,2.4771120127073496e-03,8.1506009901758131e-02,7.9028897889050764e-02
89,2.4017131700035128e-03,7.9028897889050764e-02,7.6627184719047253e-02
90,2.3286189620342710e-03,7.6627184719047253e-02,7.4298565757012991e-02
91,2.2577581557352640e-03,7.4298565757012991e-02,7.2040807601277720e-02
92,2.1890617819679365e-03,7.2040807601277720e-02,6.9851745819309780e-02
93,2.1224630590767402e-03,6.9851745819309780e-02,6.7729282760233045e-02
94,2.0578973192859227e-03,6.7729282760233045e-02,6.5671385440947111e-02
95,1.9953019378262157e-03,6.5671385440947111e-02,6.3676083503120900e-02
96,1.9346162646839752e-03,6.3676083503120900e-02,6.1741467238436917e-02
97,1.8757815588680612e-03,6.1741467238436917e-02,5.9865685679568854e-02
98,1.8187409250928102e-03,5.9865685679568854e-02,5.8046944754476047e-02
99,1.7634392527787865e-03,5.8046944754476047e-02,5.6283505501697265e-02
100,1.7098231572764805e-03,5.6283505501697265e-02,5.4573682344420782e-02
101,1.6578409232217033e-03,5.4573682344420782e-02,5.2915841421199074e-02
102,1.6074424499350442e-03,5.2915841421199074e-02,5.1308398971264033e-02
103,1.5585791987813651e-03,5.1308398971264033e-02,4.9749819772482662e-02
104,1.5112041424088787e-03,4.9749819772482662e-02,4.8238615630073783e-02
105,1.4652717157908576e-03,4.8238615630073783e-02,4.6773343914282922e-02
106,1.4207377689964354e-03,4.6773343914282922e-02,4.5352606145286481e-02
107,1.3775595216202661e-03,4.5352606145286481e-02,4.3975046623666220e-02
108,1.3356955188040167e-03,4.3975046623666220e-02,4.2639351104862201e-02
109,1.2951055887857341e-03,4.2639351104862201e-02,4.1344245516076461e-02
110,1.2557508019160756e-03,4.1344245516076461e-02,4.0088494714160386e-02
111,1.2175934310832319e-03,4.0088494714160386e-02,3.8870901283077158e-02
112,1.1805969134910492e-03,3.8870901283077158e-02,3.7690304369586099e-02
113,1.1447258137374397e-03,3.7690304369586099e-02,3.6545578555848661e-02
114,1.1099457881426139e-03,3.6545578555848661e-02,3.5435632767706046e-02
115,1.0762235502789908e-03,3.5435632767706046e-02,3.4359409217427056e-02
116,1.0435268376568592e-03,3.4359409217427056e-02,3.3315882379770193e-02
117,1.0118243795219498e-03,3.3315882379770193e-02,3.2304058000248242e-02
118,9.8108586572307984e-04,3.2304058000248242e-02,3.1322972134525166e-02
119,9.5128191660990538e-04,3.1322972134525166e-02,3.0371690217915255e-02
120,9.2238405392261274e-04,3.0371690217915255e-02,2.9449306163992644e-02
121,8.9436467263707151e-04,2.9449306163992644e-02,2.8554941491355571e-02
122,8.6719701373057527e-04,2.8554941491355571e-02,2.7687744477624999e-02
123,8.4085513783481642e-04,2.7687744477624999e-02,2.6846889339790181e-02
124,8.1531389974418824e-04,2.6846889339790181e-02,2.6031575440045987e-02
125,7.9054892374886328e-04,2.6031575440045987e-02,2.5241026516297126e-02
126,7.6653657976340174e-04,2.5241026516297126e-02,2.4474489936533721e-02
127,7.4325396022286371e-04,2.4474489936533721e-02,2.3731235976310858e-02
128,7.2067885771956723e-04,2.3731235976310858e-02,2.3010557118591290e-02
129,6.9878974335473823e-04,2.3010557118591290e-02,2.2311767375236553e-02
130,6.7756574578034631e-04,2.2311767375236553e-02,2.1634201629456208e-02
131,6.5698663090741727e-04,2.1634201629456208e-02,2.0977214998548786e-02
132,6.3703278225806122e-04,2.0977214998548786e-02,2.0340182216290727e-02
133,6.1768518193934898e-04,2.0340182216290727e-02,1.9722497034351374e-02
134,5.9892539221803457e-04,1.9722497034351374e-02,1.9123571642133345e-02
135,5.8073553767592448e-04,1.9123571642133345e-02,1.8542836104457418e-02
136,5.6309828792648208e-04,1.8542836104457418e-02,1.7979737816530936e-02
137,5.4599684087398240e-04,1.7979737816530936e-02,1.7433740975656951e-02
138,5.2941490649724486e-04,1.7433740975656951e-02,1.6904326069159707e-02
139,5.1333669114063906e-04,1.6904326069159707e-02,1.6390989378019066e-02
140,4.9774688229570132e-04,1.6390989378019066e-02,1.5893242495723364e-02
141,4.8263063385730899e-04,1.5893242495723364e-02,1.5410611861866055e-02
142,4.6797355183894786e-04,1.5410611861866055e-02,1.4942638310027106e-02
143,4.5376168053216156e-04,1.4942638310027106e-02,1.4488876629494945e-02
144,4.3998148909581315e-04,1.4488876629494945e-02,1.4048895140399132e-02
145,4.2661985856129171e-04,1.4048895140399132e-02,1.3622275281837839e-02
146,4.1366406924029471e-04,1.3622275281837839e-02,1.3208611212597542e-02
147,4.0110178852228003e-04,1.3208611212597542e-02,1.2807509424075263e-02
148,3.8892105904913339e-04,1.2807509424075263e-02,1.2418588365026129e-02
149,3.7711028725502776e-04,1.2418588365026129e-02,1.2041478077771100e-02
150,3.6565823225986481e-04,1.2041478077771100e-02,1.1675819845511234e-02
151,3.5455399510508293e-04,1.1675819845511234e-02,1.1321265850406152e-02
152,3.4378700832100276e-04,1.1321265850406152e-02,1.0977478842085150e-02
153,3.3334702581524079e-04,1.0977478842085150e-02,1.0644131816269909e-02
154,3.2322411307207752e-04,1.0644131816269909e-02,1.0320907703197831e-02
155,3.1340863765300434e-04,1.0320907703197831e-02,1.0007499065544826e-02
156,3.0389125998899722e-04,1.0007499065544826e-02,9.7036078055558282e-03
157,2.9466292445537971e-04,9.7036078055558282e-03,9.4089448811004485e-03
158,2.8571485072043839e-04,9.4089448811004485e-03,9.1232300303800088e-03
159,2.7703852535924364e-04,9.1232300303800088e-03,8.8461915050207663e-03
160,2.6862569372441015e-04,8.8461915050207663e-03,8.5775658112963553e-03
161,2.6046835206579777e-04,8.5775658112963553e-03,8.3170974592305571e-03
162,2.5255873989141523e-04,8.3170974592305571e-03,8.0645387193391434e-03
163,2.4488933256203925e-04,8.0645387193391434e-03,7.8196493867771031e-03
164,2.3745283411230131e-04,7.8196493867771031e-03,7.5821965526648013e-03
165,2.3024217029122965e-04,7.5821965526648013e-03,7.3519543823735703e-03
166,2.2325048181545619e-04,7.3519543823735703e-03,7.1287039005581160e-03
167,2.1647111782851743e-04,7.1287039005581160e-03,6.9122327827295972e-03
168,2.0989762955988533e-04,6.9122327827295972e-03,6.7023351531697115e-03
169,2.0352376417756833e-04,6.7023351531697115e-03,6.4988113889921425e-03
170,1.9734345882831673e-04,6.4988113889921425e-03,6.3014679301638260e-03
171,1.9135083485965571e-04,6.3014679301638260e-03,6.1101170953041699e-03
172,1.8554019221815165e-04,6.1101170953041699e-03,5.9245769030860183e-03
173,1.7990600401849319e-04,5.9245769030860183e-03,5.7446708990675256e-03
174,1.7444291127813899e-04,5.7446708990675256e-03,5.5702279877893855e-03
175,1.6914571781244877e-04,5.5702279877893855e-03,5.4010822699769364e-03
176,1.6400938528537330e-04,5.4010822699769364e-03,5.2370728846915637e-03
177,1.5902902841093277e-04,5.2370728846915637e-03,5.0780438562806306e-03
178,1.5419991030086219e-04,5.0780438562806306e-03,4.9238439459797683e-03
179,1.4951743795394600e-04,4.9238439459797683e-03,4.7743265080258225e-03
180,1.4497715788270400e-04,4.7743265080258225e-03,4.6293493501431181e-03
181,1.4057475187322479e-04,4.6293493501431181e-03,4.4887745982698929e-03
182,1.3630603287407379e-04,4.4887745982698929e-03,4.3524685653958187e-03
183,1.3216694101032949e-04,4.3524685653958187e-03,4.2203016243854887e-03
184,1.2815353971892268e-04,4.2203016243854887e-03,4.0921480846665666e-03
185,1.2426201200157268e-04,4.0921480846665666e-03,3.9678860726649933e-03
186,1.2048865679172921e-04,3.9678860726649933e-03,3.8473974158732644e-03
187,1.1682988543203793e-04,3.8473974158732644e-03,3.7305675304412263e-03
188,1.1328221825895708e-04,3.7305675304412263e-03,3.6172853121822692e-03
189,1.0984228129125501e-04,3.6172853121822692e-03,3.5074430308910140e-03
190,1.0650680301921951e-04,3.5074430308910140e-03,3.4009362278717946e-03
191,1.0327261129150793e-04,3.4009362278717946e-03,3.2976636165802861e-03
192,1.0013663029666029e-04,3.2976636165802861e-03,3.1975269862836260e-03
193,9.7095877636390338e-05,3.1975269862836260e-03,3.1004311086472352e-03
194,9.4147461487856953e-05,3.1004311086472352e-03,3.0062836471593784e-03
195,9.1288577852204940e-05,3.0062836471593784e-03,2.9149950693071734e-03
196,8.8516507886746986e-05,2.9149950693071734e-03,2.8264785614204265e-03
197,8.5828615318239007e-05,2.8264785614204265e-03,2.7406499461021874e-03
198,8.3222343934779661e-05,2.7406499461021874e-03,2.6574276021674075e-03
199,8.0695215153939518e-05,2.6574276021674075e-03,2.5767323870134677e-03
200,7.8244825664799665e-05,2.5767323870134677e-03,2.4984875613486678e-03
201,7.5868845141649629e-05,2.4984875613486678e-03,2.4226187162070183e-03
202,7.3565014027163902e-05,2.4226187162070183e-03,2.3490537021798544e-03
203,7.1331141382942543e-05,2.3490537021798544e-03,2.2777225607969118e-03
204,6.9165102805366263e-05,2.2777225607969118e-03,2.2085574579915456e-03
205,6.7064838404778878e-05,2.2085574579915456e-03,2.1414926195867665e-03
206,6.5028350846070513e-05,2.1414926195867665e-03,2.0764642687406960e-03
207,6.3053703448794123e-05,2.0764642687406960e-03,2.0134105652919016e-03
208,6.1139018345004483e-05,2.0134105652919016e-03,1.9522715469468973e-03
209,5.9282474693064220e-05,1.9522715469468973e-03,1.8929890722538330e-03
210,5.7482306945715050e-05,1.8929890722538330e-03,1.8355067653081179e-03
211,5.5736803170764180e-05,1.8355067653081179e-03,1.7797699621373538e-03
212,5.4044303422785994e-05,1.7797699621373538e-03,1.7257256587145675e-03
213,5.2403198164288364e-05,1.7257256587145675e-03,1.6733224605502792e-03
214,5.0811926734839427e-05,1.6733224605502792e-03,1.6225105338154395e-03
215,4.9268975866697370e-05,1.6225105338154395e-03,1.5732415579487423e-03
216,4.7772878245529337e-05,1.5732415579487423e-03,1.5254686797032129e-03
217,4.6322211114849230e-05,1.5254686797032129e-03,1.4791464685883636e-03
218,4.4915594922845511e-05,1.4791464685883636e-03,1.4342308736655181e-03
219,4.3551692010310820e-05,1.4342308736655181e-03,1.3906791816552071e-03
220,4.2229205338424288e-05,1.3906791816552071e-03,1.3484499763167829e-03
221,4.0946877255175400e-05,1.3484499763167829e-03,1.3075030990616074e-03
222,3.9703488299255416e-05,1.3075030990616074e-03,1.2677996107623519e-03
223,3.8497856040277564e-05,1.2677996107623519e-03,1.2293017547220745e-03
224,3.7328833954222403e-05,1.2293017547220745e-03,1.1919729207678521e-03
225,3.6195310333038010e-05,1.1919729207678521e-03,1.1557776104348140e-03
226,3.5096207227357159e-05,1.1557776104348140e-03,1.1206814032074567e-03
227,3.4030479421325533e-05,1.1206814032074567e-03,1.0866509237861311e-03
228,3.2997113438565252e-05,1.0866509237861311e-03,1.0536538103475658e-03
229,3.1995126578327912e-05,1.0536538103475658e-03,1.0216586837692378e-03
230,3.1023565980919965e-05,1.0216586837692378e-03,9.9063511778831785e-04
231,3.0081507721511178e-05,9.9063511778831785e-04,9.6055361006680670e-04
232,2.9168055931463992e-05,9.6055361006680670e-04,9.3138555413534261e-04
233,2.8282341946347778e-05,9.3138555413534261e-04,9.0310321218899483e-04
234,2.7423523479827375e-05,9.0310321218899483e-04,8.7567968870916747e-04
235,2.6590783822639913e-05,8.7567968870916747e-04,8.4908890488652748e-04
236,2.5783331065898014e-05,8.4908890488652748e-04,8.2330557382062945e-04
237,2.5000397347980251e-05,8.2330557382062945e-04,7.9830517647264923e-04
238,2.4241238124292624e-05,7.9830517647264923e-04,7.7406393834835645e-04
239,2.3505131459206205e-05,7.7406393834835645e-04,7.5055880688915024e-04
240,2.2791377339497524e-05,7.5055880688915024e-04,7.2776742954965272e-04
241,2.2099297008638495e-05,7.2776742954965272e-04,7.0566813254101420e-04
242,2.1428232321302694e-05,7.0566813254101420e-04,6.8423990021971150e-04
243,2.0777545117473975e-05,6.8423990021971150e-04,6.6346235510223741e-04
244,2.0146616615561975e-05,6.6346235510223741e-04,6.4331573848667545e-04
245,1.9534846823947427e-05,6.4331573848667545e-04,6.2378089166272802e-04
246,1.8941653970397313e-05,6.2378089166272802e-04,6.0483923769233069e-04
247,1.8366473948807358e-05,6.0483923769233069e-04,5.8647276374352328e-04
248,1.7808759782745467e-05,5.8647276374352328e-04,5.6866400396077786e-04
249,1.7267981105285930e-05,5.6866400396077786e-04,5.5139602285549192e-04
250,1.6743623654639659e-05,5.5139602285549192e-04,5.3465239920085232e-04
251,1.6235188785100643e-05,5.3465239920085232e-04,5.1841721041575163e-04
252,1.5742192992843609e-05,5.1841721041575163e-04,5.0267501742290790e-04
253,1.5264167456121742e-05,5.0267501742290790e-04,4.8741084996678627e-04
254,1.4800657589427215e-05,4.8741084996678627e-04,4.7261019237735899e-04
255,1.4351222611190527e-05,4.7261019237735899e-04,4.5825896976616843e-04
256,1.3915435124607357e-05,4.5825896976616843e-04,4.4434353464156110e-04
257,1.3492880711194431e-05,4.4434353464156110e-04,4.3085065393036660e-04
258,1.3083157536687751e-05,4.3085065393036660e-04,4.1776749639367886e-04
259,1.2685875968908357e-05,4.1776749639367886e-04,4.0508162042477054e-04
260,1.2300658207232263e-05,4.0508162042477054e-04,3.9278096221753819e-04
261,1.1927137923312097e-05,3.9278096221753819e-04,3.8085382429422609e-04
262,1.1564959912708800e-05,3.8085382429422609e-04,3.6928886438151727e-04
263,1.1213779757102055e-05,3.6928886438151727e-04,3.5807508462441519e-04
264,1.0873263496758191e-05,3.5807508462441519e-04,3.4720182112765702e-04
265,1.0543087312944070e-05,3.4720182112765702e-04,3.3665873381471287e-04
266,1.0222937219984927e-05,3.3665873381471287e-04,3.2643579659472798e-04
267,9.9125087666733008e-06,3.2643579659472798e-04,3.1652328782805466e-04
268,9.6115067467450823e-06,3.1652328782805466e-04,3.0691178108130959e-04
269,9.3196449181473331e-06,3.0691178108130959e-04,2.9759213616316229e-04
270,9.0366457308309254e-06,2.9759213616316229e-04,2.8855549043233132e-04
271,8.7622400628090668e-06,2.8855549043233132e-04,2.7979325036952228e-04
272,8.4961669642307725e-06,2.7979325036952228e-04,2.7129708340529145e-04
273,8.2381734092258484e-06,2.7129708340529145e-04,2.6305890999606558e-04
274,7.9880140552853936e-06,2.6305890999606558e-04,2.5507089594078021e-04
275,7.7454510099490101e-06,2.5507089594078021e-04,2.4732544493083117e-04
276,7.5102536045768266e-06,2.4732544493083117e-04,2.3981519132625431e-04
277,7.2821981749911936e-06,2.3981519132625431e-04,2.3253299315126314e-04
278,7.0610678487794451e-06,2.3253299315126314e-04,2.2547192530248368e-04
279,6.8466523390554494e-06,2.2547192530248368e-04,2.1862527296342819e-04
280,6.6387477444838210e-06,2.1862527296342819e-04,2.1198652521894437e-04
281,6.4371563553766147e-06,2.1198652521894437e-04,2.0554936886356775e-04
282,6.2416864656781026e-06,2.0554936886356775e-04,1.9930768239788968e-04
283,6.0521521906588407e-06,1.9930768239788968e-04,1.9325553020723080e-04
284,5.8683732901456413e-06,1.9325553020723080e-04,1.8738715691708519e-04
285,5.6901749971193537e-06,1.8738715691708519e-04,1.8169698191996582e-04
286,5.5173878515174583e-06,1.8169698191996582e-04,1.7617959406844835e-04
287,5.3498475390834071e-06,1.7617959406844835e-04,1.7082974652936494e-04
288,5.1873947351094720e-06,1.7082974652936494e-04,1.6564235179425545e-04
289,5.0298749529245073e-06,1.6564235179425545e-04,1.6061247684133096e-04
290,4.8771383969825178e-06,1.6061247684133096e-04,1.5573533844434842e-04
291,4.7290398204123500e-06,1.5573533844434842e-04,1.5100629862393607e-04
292,4.5854383868930331e-06,1.5100629862393607e-04,1.4642086023704303e-04
293,4.4461975367233927e-06,1.4642086023704303e-04,1.4197466270031962e-04
294,4.3111848569586122e-06,1.4197466270031962e-04,1.3766347784336102e-04
295,4.1802719554902072e-06,1.3766347784336102e-04,1.3348320588787082e-04
296,4.0533343389496955e-06,1.3348320588787082e-04,1.2942987154892111e-04
297,3.9302512943198337e-06,1.2942987154892111e-04,1.2549962025460129e-04
298,3.8109057741408364e-06,1.2549962025460129e-04,1.2168871448046045e-04
299,3.6951842852024340e-06,1.2168871448046045e-04,1.1799353019525802e-04
300,3.5829767806158788e-06,1.1799353019525802e-04,1.1441055341464211e-04
301,3.4741765551633104e-06,1.1441055341464211e-04,1.1093637685947881e-04
302,3.3686801438249183e-06,1.1093637685947881e-04,1.0756769671565390e-04
303,3.2663872233874270e-06,1.0756769671565390e-04,1.0430130949226645e-04
304,3.1672005170403378e-06,1.0430130949226645e-04,1.0113410897522613e-04
305,3.0710257018691823e-06,1.0113410897522613e-04,9.8063083273356932e-05
306,2.9777713191578403e-06,9.8063083273356932e-05,9.5085311954199087e-05
307,2.8873486874146027e-06,9.5085311954199087e-05,9.2197963266784491e-05
308,2.7996718180392834e-06,9.2197963266784491e-05,8.9398291448745197e-05
309,2.7146573335511717e-06,8.9398291448745197e-05,8.6683634115194025e-05
310,2.6322243883000707e-06,8.6683634115194025e-05,8.4051409726893959e-05
311,2.5522945915850199e-06,8.4051409726893959e-05,8.1499115135308934e-05
312,2.4747919331075807e-06,8.1499115135308934e-05,7.9024323202201352e-05
313,2.3996427106888068e-06,7.9024323202201352e-05,7.6624680491512535e-05
314,2.3267754601811535e-06,7.6624680491512535e-05,7.4297905031331396e-05
315,2.2561208875086703e-06,7.4297905031331396e-05,7.2041784143822706e-05
316,2.1876118027708629e-06,7.2041784143822706e-05,6.9854172341051842e-05
317,2.1211830563475415e-06,6.9854172341051842e-05,6.7732989284704294e-05
318,2.0567714769439109e-06,6.7732989284704294e-05,6.5676217807760379e-05
319,1.9943158115169717e-06,6.5676217807760379e-05,6.3681901996243419e-05
320,1.9337566670261120e-06,6.3681901996243419e-05,6.1748145329217308e-05
321,1.8750364539524964e-06,6.1748145329217308e-05,5.9873108875264816e-05
322,1.8180993315335368e-06,5.9873108875264816e-05,5.8055009543731262e-05
323,1.7628911546603676e-06,5.8055009543731262e-05,5.6292118389070895e-05
324,1.7093594223878272e-06,5.6292118389070895e-05,5.4582758966683067e-05
325,1.6574532280079803e-06,5.4582758966683067e-05,5.2925305738675085e-05
326,1.6071232106397023e-06,5.2925305738675085e-05,5.1318182528035383e-05
327,1.5583215082882856e-06,5.1318182528035383e-05,4.9759861019747087e-05
328,1.5110017123304376e-06,4.9759861019747087e-05,4.8248859307416662e-05
329,1.4651188233813795e-06,4.8248859307416662e-05,4.6783740484035277e-05
330,1.4206292085020793e-06,4.6783740484035277e-05,4.5363111275533187e-05
331,1.3774905597059271e-06,4.5363111275533187e-05,4.3985620715827268e-05
332,1.3356618537253914e-06,4.3985620715827268e-05,4.2649958862101872e-05
333,1.2951033130003928e-06,4.2649958862101872e-05,4.1354855549101478e-05
334,1.2557763678513065e-06,4.1354855549101478e-05,4.0099079181250170e-05
335,1.2176436198006117e-06,4.0099079181250170e-05,3.8881435561449561e-05
336,1.1806688060083095e-06,3.8881435561449561e-05,3.7700766755441245e-05
337,1.1448167647872954e-06,3.7700766755441245e-05,3.6555949990653950e-05
338,1.1100534021658841e-06,3.6555949990653950e-05,3.5445896588488068e-05
339,1.0763456594656948e-06,3.5445896588488068e-05,3.4369550929022369e-05
340,1.0436614818640615e-06,3.4369550929022369e-05,3.3325889447158311e-05
341,1.0119697879110741e-06,3.3325889447158311e-05,3.2313919659247235e-05
342,9.8124043997226070e-07,3.2313919659247235e-05,3.1332679219274971e-05
343,9.5144421556880559e-07,3.1332679219274971e-05,3.0381235003706164e-05
344,9.2255277958804371e-07,3.0381235003706164e-05,2.9458682224118115e-05
345,8.9453865733781136e-07,2.9458682224118115e-05,2.8564143566780303e-05
346,8.6737520841902244e-07,2.8564143566780303e-05,2.7696768358361281e-05
347,8.4103660139162841e-07,2.7696768358361281e-05,2.6855731756969654e-05
348,8.1549778920986807e-07,2.6855731756969654e-05,2.6040233967759786e-05
349,7.9073448540344852e-07,2.6040233967759786e-05,2.5249499482356336e-05
350,7.6672314098200350e-07,2.5249499482356336e-05,2.4482776341374332e-05
351,7.4344092204087035e-07,2.4482776341374332e-05,2.3739335419333460e-05
352,7.2086568804688602e-07,2.3739335419333460e-05,2.3018469731286571e-05
353,6.9897597078355362e-07,2.3018469731286571e-05,2.2319493760503019e-05
354,6.7775095393555864e-07,2.2319493760503019e-05,2.1641742806567461e-05
355,6.5717045329321856e-07,2.1641742806567461e-05,2.0984572353274239e-05
356,6.3721489755804167e-07,2.0984572353274239e-05,2.0347357455716201e-05
357,6.1786530973114157e-07,2.0347357455716201e-05,1.9729492145985057e-05
358,5.9910328906681034e-07,1.9729492145985057e-05,1.9130388856918248e-05
359,5.8091099357408514e-07,1.9130388856918248e-05,1.8549477863344159e-05
360,5.6327112304967196e-07,1.8549477863344159e-05,1.7986206740294487e-05
361,5.4616690262608817e-07,1.7986206740294487e-05,1.7440039837668401e-05
362,5.2958206681938117e-07,1.7440039837668401e-05,1.6910457770849018e-05
363,5.1350084406125110e-07,1.6910457770849018e-05,1.6396956926787766e-05
364,4.9790794170087014e-07,1.6396956926787766e-05,1.5899048985086896e-05
365,4.8278853146213394e-07,1.5899048985086896e-05,1.5416260453624762e-05
366,4.6812823534251662e-07,1.5416260453624762e-05,1.4948132218282245e-05
367,4.5391311194011973e-07,1.4948132218282245e-05,1.4494219106342123e-05
368,4.4012964319591193e-07,1.4494219106342123e-05,1.4054089463146211e-05
369,4.2676472153855198e-07,1.4054089463146211e-05,1.3627324741607659e-05
370,4.1380563741957139e-07,1.3627324741607659e-05,1.3213519104188088e-05
371,4.0124006722706078e-07,1.3213519104188088e-05,1.2812279036961027e-05
372,3.8905606156636956e-07,1.2812279036961027e-05,1.2423222975394655e-05
373,3.7724203389667006e-07,1.2423222975394655e-05,1.2045980941497987e-05
374,3.6578674951258464e-07,1.2045980941497987e-05,1.1680194191985399e-05
375,3.5467931486039388e-07,1.1680194191985399e-05,1.1325514877125006e-05
376,3.4390916717866832e-07,1.1325514877125006e-05,1.0981605709946337e-05
377,3.3346606445347052e-07,1.0981605709946337e-05,1.0648139645492866e-05
378,3.2334007567857741e-07,1.0648139645492866e-05,1.0324799569814287e-05
379,3.1352157141145838e-07,1.0324799569814287e-05,1.0011277998402830e-05
380,3.0400121461603026e-07,1.0011277998402830e-05,9.7072767837867983e-06
381,2.9476995178347945e-07,9.7072767837867983e-06,9.4125068320033181e-06
382,2.8581900432270842e-07,9.4125068320033181e-06,9.1266878276806107e-06
383,2.7713986021221847e-07,9.1266878276806107e-06,8.8495479674683920e-06
384,2.6872426590549093e-07,8.8495479674683920e-06,8.5808237015628995e-06
385,2.6056421848216811e-07,8.5808237015628995e-06,8.3202594830807318e-06
386,2.5265195803757050e-07,8.3202594830807318e-06,8.0676075250431620e-06
387,2.4497996030331321e-07,8.0676075250431620e-06,7.8226275647398485e-06
388,2.3754092949200359e-07,7.8226275647398485e-06,7.5850866352478439e-06
389,2.3032779135921622e-07,7.5850866352478439e-06,7.3547588438886267e-06
390,2.2333368647614661e-07,7.3547588438886267e-06,7.1314251574124802e-06
391,2.1655196370654696e-07,7.1314251574124802e-06,6.9148731937059326e-06
392,2.0997617388174070e-07,6.9148731937059326e-06,6.7048970198241921e-06
393,2.0360006366770010e-07,6.7048970198241921e-06,6.5012969561564922e-06
394,1.9741756961835602e-07,6.5012969561564922e-06,6.3038793865381356e-06
395,1.9142281240948398e-07,6.3038793865381356e-06,6.1124565741286513e-06
396,1.8561009124768307e-07,6.1124565741286513e-06,5.9268464828809681e-06
397,1.7997387844913141e-07,5.9268464828809681e-06,5.7468726044318370e-06
398,1.7450881418296238e-07,5.7468726044318370e-06,5.5723637902488739e-06
399,1.6920970137426256e-07,5.5723637902488739e-06,5.4031540888746112e-06
400,1.6407150076184504e-07,5.4031540888746112e-06,5.2390825881127658e-06
401,1.5908932610609751e-07,5.2390825881127658e-06,5.0799932620066687e-06
402,1.5425843954234814e-07,5.0799932620066687e-06,4.9257348224643202e-06
403,1.4957424707533083e-07,4.9257348224643202e-06,4.7761605753889888e-06
404,1.4503229421046474e-07,4.7761605753889888e-06,4.6311282811785249e-06
405,1.4062826171779401e-07,4.6311282811785249e-06,4.4905000194607298e-06
406,1.3635796152455911e-07,4.4905000194607298e-06,4.3541420579361712e-06
407,1.3221733273249372e-07,4.3541420579361712e-06,4.2219247252036767e-06
408,1.2820243775606007e-07,4.2219247252036767e-06,4.0937222874476166e-06
409,1.2430945857794990e-07,4.0937222874476166e-06,3.9694128288696665e-06
410,1.2053469311829089e-07,3.9694128288696665e-06,3.8488781357513755e-06
411,1.1687455171410460e-07,3.8488781357513755e-06,3.7320035840372706e-06
412,1.1332555370566945e-07,3.7320035840372706e-06,3.6186780303316014e-06
413,1.0988432412654126e-07,3.6186780303316014e-06,3.5087937062050608e-06
414,1.0654759049408454e-07,3.5087937062050608e-06,3.4022461157109756e-06
415,1.0331217969746186e-07,3.4022461157109756e-06,3.2989339360135137e-06
416,1.0017501498012240e-07,3.2989339360135137e-06,3.1987589210333910e-06
417,9.7133113013919663e-08,3.1987589210333910e-06,3.1016258080194717e-06
418,9.4183581062076206e-08,3.1016258080194717e-06,3.0074422269573953e-06
419,9.1323614228297568e-08,3.0074422269573953e-06,2.9161186127290977e-06
420,8.8550492789419083e-08,2.9161186127290977e-06,2.8275681199396788e-06
421,8.5861579609049299e-08,2.8275681199396788e-06,2.7417065403306291e-06
422,8.3254317629750346e-08,2.7417065403306291e-06,2.6584522227008788e-06
423,8.0726227441370466e-08,2.6584522227008788e-06,2.5777259952595083e-06
424,7.8274904923216295e-08,2.5777259952595083e-06,2.4994510903362918e-06
425,7.5898018957822443e-08,2.4994510903362918e-06,2.4235530713784692e-06
426,7.3593309214144751e-08,2.4235530713784692e-06,2.3499597621643243e-06
427,7.1358583998068669e-08,2.3499597621643243e-06,2.2786011781662555e-06
428,6.9191718168188739e-08,2.2786011781662555e-06,2.2094094599980666e-06
429,6.7090651114877500e-08,2.2094094599980666e-06,2.1423188088831888e-06
430,6.5053384800721484e-08,2.1423188088831888e-06,2.0772654240824679e-06
431,6.3077981860461213e-08,2.0772654240824679e-06,2.0141874422220066e-06
432,6.1162563758628257e-08,2.0141874422220066e-06,1.9530248784633783e-06
433,5.9305309003127024e-08,1.9530248784633783e-06,1.8937195694602509e-06
434,5.7504451413062954e-08,1.8937195694602509e-06,1.8362151180471881e-06
435,5.5758278439169468e-08,1.8362151180471881e-06,1.7804568396080186e-06
436,5.4065129535236631e-08,1.7804568396080186e-06,1.7263917100727820e-06
437,5.2423394578992890e-08,1.7263917100727820e-06,1.6739683154937888e-06
438,5.0831512340938085e-08,1.6739683154937888e-06,1.6231368031528509e-06
439,4.9287968999671607e-08,1.6231368031528509e-06,1.5738488341531791e-06
440,4.7791296702304037e-08,1.5738488341531791e-06,1.5260575374508751e-06
441,4.6340072168583061e-08,1.5260575374508751e-06,1.4797174652822919e-06
442,4.4932915337406382e-08,1.4797174652822919e-06,1.4347845499448856e-06
443,4.3568488054434367e-08,1.4347845499448856e-06,1.3912160618904511e-06
444,4.2245492799554603e-08,1.3912160618904511e-06,1.3489705690908964e-06
445,4.0962671452987965e-08,1.3489705690908964e-06,1.3080078976379083e-06
446,3.9718804098863102e-08,1.3080078976379083e-06,1.2682890935390451e-06
447,3.8512707865121307e-08,1.2682890935390451e-06,1.2297763856739238e-06
448,3.7343235798648749e-08,1.2297763856739238e-06,1.1924331498752750e-06
449,3.6209275774566289e-08,1.1924331498752750e-06,1.1562238741007089e-06
450,3.5109749438639655e-08,1.1562238741007089e-06,1.1211141246620691e-06
451,3.4043611181804322e-08,1.1211141246620691e-06,1.0870705134802647e-06
452,3.3009847145829689e-08,1.0870705134802647e-06,1.0540606663344349e-06
453,3.2007474259177321e-08,1.0540606663344349e-06,1.0220531920752576e-06
454,3.1035539302136053e-08,1.0220531920752576e-06,9.9101765277312148e-07
455,3.0093118000345167e-08,9.9101765277312148e-07,9.6092453477277636e-07
456,2.9179314145843490e-08,9.6092453477277636e-07,9.3174522062693296e-07
457,2.8293258744808611e-08,9.3174522062693296e-07,9.0345196188212428e-07
458,2.7434109191175784e-08,9.0345196188212428e-07,8.7601785269094830e-07
459,2.6601048465350534e-08,8.7601785269094830e-07,8.4941680422559774e-07
460,2.5793284357253145e-08,8.4941680422559774e-07,8.2362351986834463e-07
461,2.5010048712956018e-08,8.2362351986834463e-07,7.9861347115538853e-07
462,2.4250596704197570e-08,7.9861347115538853e-07,7.7436287445119090e-07
463,2.3514206120077979e-08,7.7436287445119090e-07,7.5084866833111303e-07
464,2.2800176680263213e-08,7.5084866833111303e-07,7.2804849165084984e-07
465,2.2107829369044209e-08,7.2804849165084984e-07,7.0594066228180553e-07
466,2.1436505789617930e-08,7.0594066228180553e-07,6.8450415649218756e-07
467,2.0785567537976257e-08,6.8450415649218756e-07,6.6371858895421129e-07
468,2.0154395595807290e-08,6.6371858895421129e-07,6.4356419335840409e-07
469,1.9542389741831662e-08,6.4356419335840409e-07,6.2402180361657230e-07
470,1.8948967981014285e-08,6.2402180361657230e-07,6.0507283563555801e-07
471,1.8373565991108457e-08,6.0507283563555801e-07,5.8669926964444948e-07
472,1.7815636586006164e-08,5.8669926964444948e-07,5.6888363305844325e-07
473,1.7274649195384277e-08,5.6888363305844325e-07,5.5160898386305893e-07
474,1.6750089360151682e-08,5.5160898386305893e-07,5.3485889450290731e-07
475,1.6241458243217629e-08,5.3485889450290731e-07,5.1861743625968965e-07
476,1.5748272155116029e-08,5.1861743625968965e-07,5.0286916410457367e-07
477,1.5270062094034581e-08,5.0286916410457367e-07,4.8759910201053891e-07
478,1.4806373299811310e-08,4.8759910201053891e-07,4.7279272871072770e-07
479,1.4356764821474400e-08,4.7279272871072770e-07,4.5843596388925324e-07
480,1.3920809097914050e-08,4.5843596388925324e-07,4.4451515479133922e-07
481,1.3498091551287602e-08,4.4451515479133922e-07,4.3101706324005162e-07
482,1.3088210192771281e-08,4.3101706324005162e-07,4.1792885304728033e-07
483,1.2690775240283612e-08,4.1792885304728033e-07,4.0523807780699667e-07
484,1.2305408747817020e-08,4.0523807780699667e-07,3.9293266905917966e-07
485,1.1931744246025094e-08,3.9293266905917966e-07,3.8100092481315459e-07
486,1.1569426393723719e-08,3.8100092481315459e-07,3.6943149841943084e-07
487,1.1218110639974705e-08,3.6943149841943084e-07,3.5821338777945611e-07
488,1.0877462896430519e-08,3.5821338777945611e-07,3.4733592488302562e-07
489,1.0547159219628579e-08,3.4733592488302562e-07,3.3678876566339701e-07
490,1.0226885502932932e-08,3.3678876566339701e-07,3.2656188016046401e-07
491,9.9163371778304272e-09,3.2656188016046401e-07,3.1664554298263360e-07
492,9.6152189242972483e-09,3.1664554298263360e-07,3.0703032405833635e-07
493,9.3232443899604712e-09,3.0703032405833635e-07,2.9770707966837589e-07
494,9.0401359177874740e-09,2.9770707966837589e-07,2.8866694375058838e-07
495,8.7656242820443424e-09,2.8866694375058838e-07,2.7990131946854404e-07
496,8.4994484322720971e-09,2.7990131946854404e-07,2.7140187103627193e-07
497,8.2413552450373157e-09,2.7140187103627193e-07,2.6316051579123460e-07
498,7.9910992832210818e-09,2.6316051579123460e-07,2.5516941650801349e-07
499,7.7484425626173024e-09,2.5516941650801349e-07,2.4742097394539619e-07
500,7.5131543256185069e-09,2.4742097394539619e-07,2.3990781961977767e-07
501,7.2850108217738394e-09,2.3990781961977767e-07,2.3262280879800384e-07
502,7.0637950950106372e-09,2.3262280879800384e-07,2.2555901370299318e-07
503,6.8492967773171808e-09,2.2555901370299318e-07,2.1870971692567602e-07
504,6.6413118886904623e-09,2.1870971692567602e-07,2.1206840503698554e-07
505,6.4396426431587154e-09,2.1206840503698554e-07,2.0562876239382684e-07
506,6.2440972606942359e-09,2.0562876239382684e-07,1.9938466513313260e-07
507,6.0544897848376327e-09,1.9938466513313260e-07,1.9333017534829497e-07
508,5.8706399058600902e-09,1.9333017534829497e-07,1.8745953544243487e-07
509,5.6923727892954453e-09,1.8745953544243487e-07,1.8176716265313940e-07
510,5.5195189096790493e-09,1.8176716265313940e-07,1.7624764374346033e-07
511,5.3519138893352972e-09,1.7624764374346033e-07,1.7089572985412504e-07
512,5.1893983420605068e-09,1.7089572985412504e-07,1.6570633151206453e-07
513,5.0318177215525041e-09,1.6570633151206453e-07,1.6067451379051201e-07
514,4.8790221744427849e-09,1.6067451379051201e-07,1.5579549161606925e-07
515,4.7308663977914756e-09,1.5579549161606925e-07,1.5106462521827777e-07
516,4.5872095009095866e-09,1.5106462521827777e-07,1.4647741571736816e-07
517,4.4479148713771550e-09,1.4647741571736816e-07,1.4202950084599099e-07
518,4.3128500451298654e-09,1.4202950084599099e-07,1.3771665080086114e-07
519,4.1818865804905954e-09,1.3771665080086114e-07,1.3353476422037053e-07
520,4.0548999360261179e-09,1.3353476422037053e-07,1.2947986428434441e-07
521,3.9317693521127741e-09,1.2947986428434441e-07,1.2554809493223165e-07
522,3.8123777360985252e-09,1.2554809493223165e-07,1.2173571719613310e-07
523,3.6966115509521463e-09,1.2173571719613310e-07,1.1803910564518096e-07
524,3.5843607072936916e-09,1.1803910564518096e-07,1.1445474493788728e-07
525,3.4755184587035472e-09,1.1445474493788728e-07,1.1097922647918372e-07
526,3.3699813002105162e-09,1.1097922647918372e-07,1.0760924517897320e-07
527,3.2676488698624019e-09,1.0760924517897320e-07,1.0434159630911079e-07
528,3.1684238532854854e-09,1.0434159630911079e-07,1.0117317245582532e-07
529,3.0722118911421379e-09,1.0117317245582532e-07,9.8100960564683170e-08
530,2.9789214893985703e-09,9.8100960564683170e-08,9.5122039075284612e-08
531,2.8884639323173673e-09,9.5122039075284612e-08,9.2233575142967221e-08
532,2.8007531980920935e-09,9.2233575142967221e-08,8.9432821944875129e-08
533,2.7157058770437212e-09,8.9432821944875129e-08,8.6717116067831410e-08
534,2.6332410923010936e-09,8.6717116067831410e-08,8.4083874975530314e-08
535,2.5532804228900019e-09,8.4083874975530314e-08,8.1530594552640320e-08
536,2.4757478291577245e-09,8.1530594552640320e-08,7.9054846723482577e-08
537,2.4005695804621163e-09,7.9054846723482577e-08,7.6654277143020459e-08
538,2.3276741850564816e-09,7.6654277143020459e-08,7.4326602957963969e-08
539,2.2569923221035580e-09,7.4326602957963969e-08,7.2069610635860418e-08
540,2.1884567757539502e-09,7.2069610635860418e-08,6.9881153860106465e-08
541,2.1220023712263320e-09,6.9881153860106465e-08,6.7759151488880123e-08
542,2.0575659128286294e-09,6.7759151488880123e-08,6.5701585576051508e-08
543,1.9950861238612440e-09,6.5701585576051508e-08,6.3706499452190245e-08
544,1.9345035883451668e-09,6.3706499452190245e-08,6.1771995863845083e-08
545,1.8757606945195723e-09,6.1771995863845083e-08,5.9896235169325514e-08
546,1.8188015800551500e-09,5.9896235169325514e-08,5.8077433589270359e-08
547,1.7635720789310917e-09,5.8077433589270359e-08,5.6313861510339259e-08
548,1.7100196699251962e-09,5.6313861510339259e-08,5.4603841840414069e-08
549,1.6580934266681214e-09,5.4603841840414069e-08,5.2945748413745951e-08
550,1.6077439692142830e-09,5.2945748413745951e-08,5.1338004444531660e-08
551,1.5589234170833431e-09,5.1338004444531660e-08,4.9779081027448302e-08
552,1.5115853437276370e-09,4.9779081027448302e-08,4.8267495683720674e-08
553,1.4656847323822345e-09,4.8267495683720674e-08,4.6801810951338434e-08
554,1.4211779332556552e-09,4.6801810951338434e-08,4.5380633018082777e-08
555,1.3780226220205229e-09,4.5380633018082777e-08,4.4002610396062258e-08
556,1.3361777595646898e-09,4.4002610396062258e-08,4.2666432636497560e-08
557,1.2956035529645494e-09,4.2666432636497560e-08,4.1370829083533008e-08
558,1.2562614176434332e-09,4.1370829083533008e-08,4.0114567665889581e-08
559,1.2181139406790988e-09,4.0114567665889581e-08,3.8896453725210474e-08
560,1.1811248452254170e-09,3.8896453725210474e-08,3.7715328879985059e-08
561,1.1452589560144277e-09,3.7715328879985059e-08,3.6570069923970632e-08
562,1.1104821659059552e-09,3.6570069923970632e-08,3.5459587758064668e-08
563,1.0767614034529721e-09,3.5459587758064668e-08,3.4382826354611695e-08
564,1.0440646014518736e-09,3.4382826354611695e-08,3.3338761753159818e-08
565,1.0123606664477447e-09,3.3338761753159818e-08,3.2326401086712073e-08
566,9.8161944916563077e-10,3.2326401086712073e-08,3.1344781637546446e-08
567,9.5181171583968607e-10,3.1344781637546446e-08,3.0392969921706756e-08
568,9.2290912041294043e-10,3.0392969921706756e-08,2.9470060801293814e-08
569,8.9488417758124120e-10,2.9470060801293814e-08,2.8575176623712571e-08
570,8.6771023665574097e-10,2.8575176623712571e-08,2.7707466387056828e-08
571,8.4136145621907454e-10,2.7707466387056828e-08,2.6866104930837752e-08
572,8.1581277955112183e-10,2.6866104930837752e-08,2.6050292151286628e-08
573,7.9103991080098939e-10,2.6050292151286628e-08,2.5259252240485643e-08
574,7.6701929188255114e-10,2.5259252240485643e-08,2.4492232948603090e-08
575,7.4372808007157573e-10,2.4492232948603090e-08,2.3748504868531511e-08
576,7.2114412628313593e-10,2.3748504868531511e-08,2.3027360742248381e-08
577,6.9924595400864587e-10,2.3027360742248381e-08,2.2328114788239732e-08
578,6.7801273889249090e-10,2.2328114788239732e-08,2.1650102049347238e-08
579,6.5742428892883241e-10,2.1650102049347238e-08,2.0992677760418403e-08
580,6.3746102525975354e-10,2.0992677760418403e-08,2.0355216735158651e-08
581,6.1810396355648665e-10,2.0355216735158651e-08,1.9737112771602161e-08
582,5.9933469596601498e-10,1.9737112771602161e-08,1.9137778075636146e-08
583,5.8113537360588251e-10,1.9137778075636146e-08,1.8556642702030264e-08
584,5.6348868959056363e-10,1.8556642702030264e-08,1.7993154012439698e-08
585,5.4637786257325229e-10,1.7993154012439698e-08,1.7446776149866445e-08
586,5.2978662078741941e-10,1.7446776149866445e-08,1.6916989529079025e-08
587,5.1369918657296136e-10,1.6916989529079025e-08,1.6403290342506065e-08
588,4.9810026137222634e-10,1.6403290342506065e-08,1.5905190081133835e-08
589,4.8297501118164924e-10,1.5905190081133835e-08,1.5422215069952189e-08
590,4.6830905244516080e-10,1.5422215069952189e-08,1.4953906017507025e-08
591,4.5408843837595470e-10,1.4953906017507025e-08,1.4499817579131072e-08
592,4.4029964569360712e-10,1.4499817579131072e-08,1.4059517933437464e-08
593,4.2692956176393515e-10,1.4059517933437464e-08,1.3632588371673529e-08
594,4.1396547212936385e-10,1.3632588371673529e-08,1.3218622899544165e-08
595,4.0139504841794579e-10,1.3218622899544165e-08,1.2817227851126219e-08
596,3.8920633661953284e-10,1.2817227851126219e-08,1.2428021514506686e-08
597,3.7738774571795292e-10,1.2428021514506686e-08,1.2050633768788732e-08
598,3.6592803666838006e-10,1.2050633768788732e-08,1.1684705732120352e-08
599,3.5481631170941679e-10,1.1684705732120352e-08,1.1329889420410935e-08
600,3.4404200399972411e-10,1.1329889420410935e-08,1.0985847416411211e-08
601,3.3359486756934462e-10,1.0985847416411211e-08,1.0652252548841866e-08
602,3.2346496757616202e-10,1.0652252548841866e-08,1.0328787581265704e-08
603,3.1364267085823242e-10,1.0328787581265704e-08,1.0015144910407471e-08
604,3.0411863677300136e-10,1.0015144910407471e-08,9.7110262736344702e-09
605,2.9488380831469740e-10,9.7110262736344702e-09,9.4161424653197717e-09
606,2.8592940350145256e-10,9.4161424653197717e-09,9.1302130618183188e-09
607,2.7724690702396115e-10,9.1302130618183188e-09,8.8529661547943569e-09
608,2.6882806214773376e-10,8.8529661547943569e-09,8.5841380926466244e-09
609,2.6066486286124736e-10,8.5841380926466244e-09,8.3234732297853757e-09
610,2.5274954626252238e-10,8.3234732297853757e-09,8.0707236835228529e-09
611,2.4507458517688933e-10,8.0707236835228529e-09,7.8256490983459637e-09
612,2.3763268099892257e-10,7.8256490983459637e-09,7.5880164173470397e-09
613,2.3041675675173505e-10,7.5880164173470397e-09,7.3575996605953054e-09
614,2.2341995035703426e-10,7.3575996605953054e-09,7.1341797102382698e-09
615,2.1663560810953814e-10,7.1341797102382698e-09,6.9175441021287325e-09
616,2.1005727834954646e-10,6.9175441021287325e-09,6.7074868237791858e-09
617,2.0367870532764974e-10,6.7074868237791858e-09,6.5038081184515365e-09
618,1.9749382325574227e-10,6.5038081184515365e-09,6.3063142951957934e-09
619,1.9149675053868050e-10,6.3063142951957934e-09,6.1148175446571124e-09
620,1.8568178418110300e-10,6.1148175446571124e-09,5.9291357604760100e-09
621,1.8004339436409152e-10,5.9291357604760100e-09,5.7490923661119178e-09
622,1.7457621918651703e-10,5.7490923661119178e-09,5.5745161469254010e-09
623,1.6927505956606894e-10,5.5745161469254010e-09,5.4052410873593313e-09
624,1.6413487429511939e-10,5.4052410873593313e-09,5.2411062130642122e-09
625,1.5915077524672042e-10,5.2411062130642122e-09,5.0819554378174910e-09
626,1.5431802272617509e-10,5.0819554378174910e-09,4.9276374150913161e-09
627,1.4963202096376220e-10,4.9276374150913161e-09,4.7780053941275544e-09
628,1.4508831374432898e-10,4.7780053941275544e-09,4.6329170803832241e-09
629,1.4068258016959394e-10,4.6329170803832241e-09,4.4922345002136311e-09
630,1.3641063054913208e-10,4.4922345002136311e-09,4.3558238696644981e-09
631,1.3226840241613347e-10,4.3558238696644981e-09,4.2235554672483644e-09
632,1.2825195666414679e-10,4.2235554672483644e-09,4.0953035105842181e-09
633,1.2435747380113412e-10,4.0953035105842181e-09,3.9709460367830830e-09
634,1.2058125031727476e-10,3.9709460367830830e-09,3.8503647864658083e-09
635,1.1691969516306365e-10,3.8503647864658083e-09,3.7334450913027441e-09
636,1.1336932633435551e-10,3.7334450913027441e-09,3.6200757649683887e-09
637,1.0992676756110706e-10,3.6200757649683887e-09,3.5101489974072822e-09
638,1.0658874509666863e-10,3.5101489974072822e-09,3.4035602523106131e-09
639,1.0335208460457144e-10,3.4035602523106131e-09,3.3002081677060417e-09
640,1.0021370813985073e-10,3.3002081677060417e-09,3.1999944595661912e-09
641,9.7170631222033198e-11,3.1999944595661912e-09,3.1028238283441579e-09
642,9.4219959997006008e-11,3.1028238283441579e-09,3.0086038683471511e-09
643,9.1358888485068172e-11,3.0086038683471511e-09,2.9172449798620834e-09
644,8.8584695912546991e-11,2.9172449798620834e-09,2.8286602839495364e-09
645,8.5894744124442653e-11,2.8286602839495364e-09,2.7427655398250935e-09
646,8.3286475075639791e-11,2.7427655398250935e-09,2.6594790647494539e-09
647,8.0757408398300833e-11,2.6594790647494539e-09,2.5787216563511524e-09
648,7.8305139043127586e-11,2.5787216563511524e-09,2.5004165173080248e-09
649,7.5927334992247659e-11,2.5004165173080248e-09,2.4244891823157772e-09
650,7.3621735041551583e-11,2.4244891823157772e-09,2.3508674472742254e-09
651,7.1386146650370857e-11,2.3508674472742254e-09,2.2794813006238543e-09
652,6.9218443856452422e-11,2.2794813006238543e-09,2.2102628567674018e-09
653,6.7116565254246910e-11,2.2102628567674018e-09,2.1431462915131551e-09
654,6.5078512034587876e-11,2.1431462915131551e-09,2.0780677794785673e-09
655,6.3102346083897793e-11,2.0780677794785673e-09,2.0149654333946692e-09
656,6.1186188141113465e-11,2.0149654333946692e-09,1.9537792452535558e-09
657,5.9328216010577954e-11,1.9537792452535558e-09,1.8944510292429780e-09
658,5.7526662829199463e-11,1.8944510292429780e-09,1.8369243664137784e-09
659,5.5779815386229773e-11,1.8369243664137784e-09,1.7811445510275487e-09
660,5.4086012494063751e-11,1.7811445510275487e-09,1.7270585385334846e-09
661,5.2443643408511209e-11,1.7270585385334846e-09,1.6746148951249734e-09
662,5.0851146297038361e-11,1.6746148951249734e-09,1.6237637488279351e-09
663,4.9307006753522699e-11,1.6237637488279351e-09,1.5744567420744121e-09
664,4.7809756358108461e-11,1.5744567420744121e-09,1.5266469857163037e-09
665,4.6357971280793413e-11,1.5266469857163037e-09,1.4802890144355102e-09
666,4.4950270927418971e-11,1.4802890144355102e-09,1.4353387435080911e-09
667,4.3585316626775952e-11,1.4353387435080911e-09,1.3917534268813151e-09
668,4.2261810357577554e-11,1.3917534268813151e-09,1.3494916165237375e-09
669,4.0978493514088899e-11,1.3494916165237375e-09,1.3085131230096486e-09
670,3.9734145709239310e-11,1.3085131230096486e-09,1.2687789773004093e-09
671,3.8527583614079172e-11,1.2687789773004093e-09,1.2302513936863301e-09
672,3.7357659832477599e-11,1.2302513936863301e-09,1.1928937338538525e-09
673,3.6223261809991038e-11,1.1928937338538525e-09,1.1566704720438615e-09
674,3.5123310775864882e-11,1.1566704720438615e-09,1.1215471612679964e-09
675,3.4056760717162250e-11,1.1215471612679964e-09,1.0874904005508341e-09
676,3.3022597384044151e-11,1.0874904005508341e-09,1.0544678031667899e-09
677,3.2019837325255287e-11,1.0544678031667899e-09,1.0224479658415347e-09
678,3.1047526952898054e-11,1.0224479658415347e-09,9.9140043888863653e-10
679,3.0104741635605603e-11,9.9140043888863653e-10,9.6129569725303106e-10
680,2.9190584819251427e-11,9.6129569725303106e-10,9.3210511243377953e-10
681,2.8304187174359419e-11,9.3210511243377953e-10,9.0380092525941998e-10
682,2.7444705769403507e-11,9.0380092525941998e-10,8.7635621949001655e-10
683,2.6611323269210848e-11,8.7635621949001655e-10,8.4974489622080567e-10
684,2.5803247157706159e-11,8.4974489622080567e-10,8.2394164906309952e-10
685,2.5019708984258089e-11,8.2394164906309952e-10,7.9892194007884130e-10
686,2.4259963632910971e-11,7.9892194007884130e-10,7.7466197644593043e-10
687,2.3523288613807000e-11,7.7466197644593043e-10,7.5113868783212330e-10
688,2.2808983376124945e-11,7.5113868783212330e-10,7.2832970445599830e-10
689,2.2116368641882126e-11,7.2832970445599830e-10,7.0621333581411618e-10
690,2.1444785759966070e-11,7.0621333581411618e-10,6.8476855005415009e-10
691,2.0793596079781539e-11,6.8476855005415009e-10,6.6397495397436850e-10
692,2.0162180343917335e-11,6.6397495397436850e-10,6.4381277363045115e-10
693,1.9549938099255291e-11,6.4381277363045115e-10,6.2426283553119594e-10
694,1.8956287125961462e-11,6.2426283553119594e-10,6.0530654840523444e-10
695,1.8380662883816528e-11,6.0530654840523444e-10,5.8692588552141778e-10
696,1.7822517975358786e-11,5.8692588552141778e-10,5.6910336754605906e-10
697,1.7281321625329351e-11,5.6910336754605906e-10,5.5182204592072975e-10
698,1.6756559175924398e-11,5.5182204592072975e-10,5.3506548674480530e-10
699,1.6247731597374572e-11,5.3506548674480530e-10,5.1881775514743068e-10
700,1.5754355013386022e-11,5.1881775514743068e-10,5.0306340013404469e-10
701,1.5275960240991865e-11,5.0306340013404469e-10,4.8778743989305278e-10
702,1.4812092344376477e-11,4.8778743989305278e-10,4.7297534754867633e-10
703,1.4362310202248258e-11,4.7297534754867633e-10,4.5861303734642799e-10
704,1.3926186088349540e-11,4.5861303734642799e-10,4.4468685125807851e-10
705,1.3503305264704653e-11,4.4468685125807851e-10,4.3118354599337384e-10
706,1.3093265587219389e-11,4.3118354599337384e-10,4.1809028040615443e-10
707,1.2695677123256766e-11,4.1809028040615443e-10,4.0539460328289761e-10
708,1.2310161780825443e-11,4.0539460328289761e-10,3.9308444150207219e-10
709,1.1936352949028179e-11,3.9308444150207219e-10,3.8114808855304402e-10
710,1.1573895149428334e-11,3.8114808855304402e-10,3.6957419340361568e-10
711,1.1222443698002998e-11,3.6957419340361568e-10,3.5835174970561262e-10
712,1.0881664377361138e-11,3.5835174970561262e-10,3.4747008532825154e-10
713,1.0551233118915198e-11,3.4747008532825154e-10,3.3691885220933630e-10
714,1.0230835694703780e-11,3.3691885220933630e-10,3.2668801651463246e-10
715,9.9201674185724385e-12,3.2668801651463246e-10,3.1676784909606010e-10
716,9.6189328564283494e-12,3.1676784909606010e-10,3.0714891623963163e-10
717,9.3268455452933761e-12,3.0714891623963163e-10,2.9782207069433828e-10
718,9.0436277208883209e-12,2.9782207069433828e-10,2.8877844297344995e-10
719,8.7690100534893189e-12,2.8877844297344995e-10,2.8000943291996069e-10
720,8.5027313918051908e-12,2.8000943291996069e-10,2.7150670152815544e-10
721,8.2445385146321738e-12,2.7150670152815544e-10,2.6326216301352323e-10
722,7.9941858900498872e-12,2.6326216301352323e-10,2.5526797712347336e-10
723,7.7514354419295079e-12,2.5526797712347336e-10,2.4751654168154381e-10
724,7.5160563235321463e-12,2.4751654168154381e-10,2.4000048535801172e-10
725,7.2878246979820875e-12,2.4000048535801172e-10,2.3271266066002956e-10
726,7.0665235254061692e-12,2.3271266066002956e-10,2.2564613713462342e-10
727,6.8519423565368466e-12,2.2564613713462342e-10,2.1879419477808657e-10
728,6.6438771325826990e-12,2.1879419477808657e-10,2.1215031764550387e-10
729,6.4421299911760194e-12,2.1215031764550387e-10,2.0570818765432783e-10
730,6.2465090782129921e-12,2.0570818765432783e-10,1.9946167857611481e-10
731,6.0568283654075072e-12,1.9946167857611481e-10,1.9340485021070732e-10
732,5.8729074733851040e-12,1.9340485021070732e-10,1.8753194273732219e-10
733,5.6945715001488272e-12,1.8753194273732219e-10,1.8183737123717339e-10
734,5.5216508547538737e-12,1.8183737123717339e-10,1.7631572038241948e-10
735,5.3539810960328390e-12,1.7631572038241948e-10,1.7096173928638665e-10
736,5.1914027762182253e-12,1.7096173928638665e-10,1.6577033651016842e-10
737,5.0337612893134849e-12,1.6577033651016842e-10,1.6073657522085492e-10
738,4.8809067240684139e-12,1.6073657522085492e-10,1.5585566849678650e-10
739,4.7326937214190627e-12,1.5585566849678650e-10,1.5112297477536743e-10
740,4.5889813362566240e-12,1.5112297477536743e-10,1.4653399343911077e-10
741,4.4496329033938263e-12,1.4653399343911077e-10,1.4208436053571698e-10
742,4.3145159076013634e-12,1.4208436053571698e-10,1.3776984462811561e-10
743,4.1835018575908014e-12,1.3776984462811561e-10,1.3358634277052481e-10
744,4.0564661638240829e-12,1.3358634277052481e-10,1.2952987660670071e-10
745,3.9332880200334704e-12,1.2952987660670071e-10,1.2559658858666726e-10
746,3.8138502883392330e-12,1.2559658858666726e-10,1.2178273829832800e-10
747,3.6980393878558310e-12,1.2178273829832800e-10,1.1808469891047217e-10
748,3.5857451866806814e-12,1.1808469891047217e-10,1.1449895372379149e-10
749,3.4768608971627660e-12,1.1449895372379149e-10,1.1102209282662873e-10
750,3.3712829743515149e-12,1.1102209282662873e-10,1.0765080985227720e-10
751,3.2689110175293638e-12,1.0765080985227720e-10,1.0438189883474784e-10
752,3.1696476747343743e-12,1.0438189883474784e-10,1.0121225116001346e-10
753,3.0733985501820950e-12,1.0121225116001346e-10,9.8138852609831378e-11
754,2.9800721144986532e-12,9.8138852609831378e-11,9.5158780495332712e-11
755,2.8895796176796835e-12,9.5158780495332712e-11,9.2269200877653014e-11
756,2.8018350046923465e-12,9.2269200877653014e-11,8.9467365872960665e-11
757,2.7167548336401589e-12,8.9467365872960665e-11,8.6750611039320504e-11
758,2.6342581964128213e-12,8.6750611039320504e-11,8.4116352842907685e-11
759,2.5542666417455827e-12,8.4116352842907685e-11,8.1562086201162095e-11
760,2.4767041006149810e-12,8.1562086201162095e-11,7.9085382100547104e-11
761,2.4014968138999959e-12,7.9085382100547104e-11,7.6683885286647125e-11
762,2.3285732622398476e-12,7.6683885286647125e-11,7.4355312024407267e-11
763,2.2578640980217105e-12,7.4355312024407267e-11,7.2097447926385555e-11
764,2.1893020794336909e-12,7.2097447926385555e-11,6.9908145846951860e-11
765,2.1228220065203392e-12,6.9908145846951860e-11,6.7785323840431517e-11
766,2.0583606591798918e-12,6.7785323840431517e-11,6.5726963181251622e-11
767,1.9958567370442809e-12,6.5726963181251622e-11,6.3731106444207338e-11
768,1.9352508011847447e-12,6.3731106444207338e-11,6.1795855643022602e-11
769,1.8764852175875904e-12,6.1795855643022602e-11,5.9919370425435012e-11
770,1.8195041023463721e-12,5.9919370425435012e-11,5.8099866323088629e-11
771,1.7642532685183524e-12,5.8099866323088629e-11,5.6335613054570278e-11
772,1.7106801745947134e-12,5.6335613054570278e-11,5.4624932879975562e-11
773,1.6587338745355183e-12,5.4624932879975562e-11,5.2966199005440046e-11
774,1.6083649693219028e-12,5.2966199005440046e-11,5.1357834036118138e-11
775,1.5595255599794246e-12,5.1357834036118138e-11,4.9798308476138710e-11
776,1.5121692020279049e-12,4.9798308476138710e-11,4.8286139274110810e-11
777,1.4662508613144370e-12,4.8286139274110810e-11,4.6819888412796368e-11
778,1.4217268711875638e-12,4.6819888412796368e-11,4.5398161541608808e-11
779,1.3785548909719014e-12,4.5398161541608808e-11,4.4019606650636895e-11
780,1.3366938657037136e-12,4.4019606650636895e-11,4.2682912784933179e-11
781,1.2961039870891556e-12,4.2682912784933179e-11,4.1386808797844023e-11
782,1.2567466556480502e-12,4.1386808797844023e-11,4.0130062142195971e-11
783,1.2185844440072041e-12,4.0130062142195971e-11,3.8911477698188766e-11
784,1.1815810613083531e-12,3.8911477698188766e-11,3.7729896636880417e-11
785,1.1457013186968930e-12,3.7729896636880417e-11,3.6584195318183517e-11
786,1.1109110958585746e-12,3.6584195318183517e-11,3.5473284222324943e-11
787,1.0771773085723388e-12,3.5473284222324943e-11,3.4396106913752605e-11
788,1.0444678772484436e-12,3.4396106913752605e-11,3.3351639036504161e-11
789,1.0127516964219534e-12,3.3351639036504161e-11,3.2338887340082202e-11
790,9.8199860517258681e-13,3.2338887340082202e-11,3.1356888734909619e-11
791,9.5217935844279352e-13,3.1356888734909619e-11,3.0404709376466826e-11
792,9.2326559922677904e-13,3.0404709376466826e-11,2.9481443777240039e-11
793,8.9522983160403867e-13,2.9481443777240039e-11,2.8586213945636004e-11
794,8.6804539459174704e-13,2.8586213945636004e-11,2.7718168551044254e-11
795,8.4168643679114719e-13,2.7718168551044254e-11,2.6876482114253107e-11
796,8.1612789180381999e-13,2.6876482114253107e-11,2.6060354222449287e-11
797,7.9134545439446411e-13,2.6060354222449287e-11,2.5269008768054824e-11
798,7.6731555737751075e-13,2.5269008768054824e-11,2.4501693210677307e-11
799,7.4401534920559827e-13,2.4501693210677307e-11,2.3757677861471708e-11
800,7.2142267223859172e-13,2.3757677861471708e-11,2.3036255189233122e-11
801,6.9951604167248336e-13,2.3036255189233122e-11,2.2336739147560635e-11
802,6.7827462510813482e-13,2.2336739147560635e-11,2.1658464522452498e-11
803,6.5767822274043182e-13,2.1658464522452498e-11,2.1000786299712067e-11
804,6.3770724814901439e-13,2.1000786299712067e-11,2.0363079051563051e-11
805,6.1834270967231157e-13,2.0363079051563051e-11,1.9744736341890738e-11
806,5.9956619234717021e-13,1.9744736341890738e-11,1.9145170149543566e-11
807,5.8135984039690360e-13,1.9145170149543566e-11,1.8563810309146667e-11
808,5.6370634025110450e-13,1.8563810309146667e-11,1.8000103968895561e-11
809,5.4658890408107828e-13,1.8000103968895561e-11,1.7453515064814482e-11
810,5.2999125383523438e-13,1.7453515064814482e-11,1.6923523810979249e-11
811,5.1389760575925985e-13,1.6923523810979249e-11,1.6409626205219987e-11
812,4.9829265538634933e-13,1.6409626205219987e-11,1.5911333549833639e-11
813,4.8316156298322103e-13,1.5911333549833639e-11,1.5428171986850416e-11
814,4.6848993943807632e-13,1.5428171986850416e-11,1.4959682047412338e-11
815,4.5426383257708479e-13,1.4959682047412338e-11,1.4505418214835253e-11
816,4.4046971389637940e-13,1.4505418214835253e-11,1.4064948500938874e-11
817,4.2709446569694907e-13,1.4064948500938874e-11,1.3637854035241923e-11
818,4.1412536861018858e-13,1.3637854035241923e-11,1.3223728666631734e-11
819,4.0155008950224771e-13,1.3223728666631734e-11,1.2822178577129485e-11
820,3.8935666974567521e-13,1.2822178577129485e-11,1.2432821907383810e-11
821,3.7753351384720369e-13,1.2432821907383810e-11,1.2055288393536604e-11
822,3.6606937842086350e-13,1.2055288393536604e-11,1.1689219015115742e-11
823,3.5495336149593576e-13,1.1689219015115742e-11,1.1334265653619807e-11
824,3.4417489214957998e-13,1.1334265653619807e-11,1.0990090761470226e-11
825,3.3372372045427529e-13,1.0990090761470226e-11,1.0656367041015951e-11
826,3.2358990773051722e-13,1.0656367041015951e-11,1.0332777133285433e-11
827,3.1376381709549883e-13,1.0332777133285433e-11,1.0019013316189933e-11
828,3.0423610429879069e-13,1.0019013316189933e-11,9.7147772118911409e-12
829,2.9499770883630180e-13,9.7147772118911409e-12,9.4197795030548396e-12
830,2.8603984533407462e-13,9.4197795030548396e-12,9.1337396577207637e-12
831,2.7735399519371755e-13,9.1337396577207637e-12,8.8563856625270477e-12
832,2.6893189849153142e-13,8.8563856625270477e-12,8.5874537640355149e-12
833,2.6076554612362618e-13,8.5874537640355149e-12,8.3266882179118882e-12
834,2.5284717218955826e-13,8.3266882179118882e-12,8.0738410457223308e-12
835,2.4516924660724448e-13,8.0738410457223308e-12,7.8286717991150858e-12
836,2.3772446795213207e-13,7.8286717991150858e-12,7.5909473311629541e-12
837,2.3050575651381222e-13,7.5909473311629541e-12,7.3604415746491411e-12
838,2.2350624756347612e-13,7.3604415746491411e-12,7.1369353270856638e-12
839,2.1671928482581083e-13,7.1369353270856638e-12,6.9202160422598528e-12
840,2.1013841414912649e-13,6.9202160422598528e-12,6.7100776281107265e-12
841,2.0375737736769536e-13,6.7100776281107265e-12,6.5063202507430302e-12
842,1.9757010635046702e-13,6.5063202507430302e-12,6.3087501443925639e-12
843,1.9157071723049907e-13,6.3087501443925639e-12,6.1171794271620644e-12
844,1.8575350480961609e-13,6.1171794271620644e-12,5.9314259223524493e-12
845,1.8011293713297630e-13,5.9314259223524493e-12,5.7513129852194713e-12
846,1.7464365022838638e-13,5.7513129852194713e-12,5.5766693349910856e-12
847,1.6934044300536106e-13,5.5766693349910856e-12,5.4073288919857232e-12
848,1.6419827230907793e-13,5.4073288919857232e-12,5.2431306196766465e-12
849,1.5921224812452252e-13,5.2431306196766465e-12,5.0839183715521225e-12
850,1.5437762892626421e-13,5.0839183715521225e-12,4.9295407426258586e-12
851,1.4968981716944030e-13,4.9295407426258586e-12,4.7798509254564185e-12
852,1.4514435491765964e-13,4.7798509254564185e-12,4.6347065705387587e-12
853,1.4073691960366983e-13,4.6347065705387587e-12,4.4939696509350884e-12
854,1.3646331991875441e-13,4.4939696509350884e-12,4.3575063310163342e-12
855,1.3231949182695290e-13,4.3575063310163342e-12,4.2251868391893810e-12
856,1.2830149470031200e-13,4.2251868391893810e-12,4.0968853444890684e-12
857,1.2440550757149373e-13,4.0968853444890684e-12,3.9724798369175751e-12
858,1.2062782550017593e-13,3.9724798369175751e-12,3.8518520114173990e-12
859,1.1696485604979055e-13,3.8518520114173990e-12,3.7348871553676073e-12
860,1.1341311587124875e-13,3.7348871553676073e-12,3.6214740394963594e-12
861,1.0996922739040406e-13,3.6214740394963594e-12,3.5115048121059552e-12
862,1.0662991559610381e-13,3.5115048121059552e-12,3.4048748965098510e-12
863,1.0339200492577402e-13,3.4048748965098510e-12,3.3014828915840769e-12
864,1.0025241624557642e-13,3.3014828915840769e-12,3.2012304753385006e-12
865,9.7208163922265418e-14,3.2012304753385006e-12,3.1040223114162351e-12
866,9.4256352983960881e-14,3.1040223114162351e-12,3.0097659584322744e-12
867,9.1394176367136403e-14,3.0097659584322744e-12,2.9183717820651375e-12
868,8.8618912247205265e-14,2.9183717820651375e-12,2.8297528698179326e-12
869,8.5927921450165478e-14,2.8297528698179326e-12,2.7438249483677666e-12
870,8.3318644942842461e-14,2.7438249483677666e-12,2.6605063034249242e-12
871,8.0788601399342691e-14,2.6605063034249242e-12,2.5797177020255813e-12
872,7.8335384841404149e-14,2.5797177020255813e-12,2.5013823171841769e-12
873,7.5956662350399576e-14,2.5013823171841769e-12,2.4254256548337777e-12
874,7.3650171848816727e-14,2.4254256548337777e-12,2.3517754829849608e-12
875,7.1413719949105946e-14,2.3517754829849608e-12,2.2803617630358547e-12
876,6.9245179867849407e-14,2.2803617630358547e-12,2.2111165831680051e-12
877,6.7142489403268312e-14,2.2111165831680051e-12,2.1439740937647365e-12
878,6.5103648974144977e-14,2.1439740937647365e-12,2.0788704447905917e-12
879,6.3126719718294655e-14,2.0788704447905917e-12,2.0157437250722969e-12
880,6.1209821648779037e-14,2.0157437250722969e-12,1.9545339034235180e-12
881,5.9351131866107906e-14,1.9545339034235180e-12,1.8951827715574100e-12
882,5.7548882824728736e-14,1.8951827715574100e-12,1.8376338887326812e-12
883,5.5801360652156025e-14,1.8376338887326812e-12,1.7818325280805249e-12
884,5.4106903519141673e-14,1.7818325280805249e-12,1.7277256245613833e-12
885,5.2463900059336504e-14,1.7277256245613833e-12,1.6752617245020468e-12
886,5.0870787836940178e-14,1.6752617245020468e-12,1.6243909366651064e-12
887,4.9326051860882360e-14,1.6243909366651064e-12,1.5750648848042240e-12
888,4.7828223144121872e-14,1.5750648848042240e-12,1.5272366616601022e-12
889,4.6375877306694199e-14,1.5272366616601022e-12,1.4808607843534080e-12
890,4.4967633221178517e-14,1.4808607843534080e-12,1.4358931511322294e-12
891,4.3602151699296398e-14,1.4358931511322294e-12,1.3922909994329328e-12
892,4.2278134218393055e-14,1.3922909994329328e-12,1.3500128652145399e-12
893,4.0994321686590095e-14,1.3500128652145399e-12,1.3090185435279496e-12
894,3.9749493245435533e-14,1.3090185435279496e-12,1.2692690502825142e-12
895,3.8542465108912273e-14,1.2692690502825142e-12,1.2307265851736018e-12
896,3.7372089437701290e-14,1.2307265851736018e-12,1.1933544957359006e-12
897,3.6237253247628633e-14,1.1933544957359006e-12,1.1571172424882717e-12
898,3.5136877351258458e-14,1.1571172424882717e-12,1.1219803651370133e-12
899,3.4069915331625522e-14,1.1219803651370133e-12,1.0879104498053878e-12
900,3.3035352547131174e-14,1.0879104498053878e-12,1.0548750972582566e-12
901,3.2032205166656545e-14,1.0548750972582566e-12,1.0228428920916000e-12
902,3.1059519233975388e-14,1.0228428920916000e-12,9.9178337285762460e-13
903,3.0116369760576789e-14,9.9178337285762460e-13,9.6166700309704779e-13
904,2.9201859846035206e-14,9.6166700309704779e-13,9.3246514325101237e-13
905,2.8315119825091155e-14,9.3246514325101237e-13,9.0415002342592149e-13
906,2.7455306440631540e-14,9.0415002342592149e-13,8.7669471698528990e-13
907,2.6621602041783242e-14,8.7669471698528990e-13,8.5007311494350648e-13
908,2.5813213806357192e-14,8.5007311494350648e-13,8.2425990113714929e-13
909,2.5029372986903682e-14,8.2425990113714929e-13,7.9923052815024549e-13
910,2.4269334179661866e-14,7.9923052815024549e-13,7.7496119397058373e-13
911,2.3532374615708142e-14,7.7496119397058373e-13,7.5142881935487550e-13
912,2.2817793473629633e-14,7.5142881935487550e-13,7.2861102588124588e-13
913,2.2124911213068728e-14,7.2861102588124588e-13,7.0648611466817703e-13
914,2.1453068928505280e-14,7.0648611466817703e-13,6.8503304573967179e-13
915,2.0801627722661677e-14,6.8503304573967179e-13,6.6423141801701014e-13
916,2.0169968098935079e-14,6.6423141801701014e-13,6.4406144991807500e-13
917,1.9557489372278943e-14,6.4406144991807500e-13,6.2450396054579608e-13
918,1.8963609097973658e-14,6.2450396054579608e-13,6.0554035144782241e-13
919,1.8387762517743078e-14,6.0554035144782241e-13,5.8715258893007932e-13
920,1.7829402022690172e-14,5.8715258893007932e-13,5.6932318690738907e-13
921,1.7287996632541130e-14,5.6932318690738907e-13,5.5203519027484793e-13
922,1.6763031490702684e-14,5.5203519027484793e-13,5.3527215878414529e-13
923,1.6254007374652427e-14,5.3527215878414529e-13,5.1901815140949283e-13
924,1.5760440221196582e-14,5.1901815140949283e-13,5.0325771118829613e-13
925,1.5281860666143723e-14,5.0325771118829613e-13,4.8797585052215244e-13
926,1.4817813597956720e-14,4.8797585052215244e-13,4.7315803692419571e-13
927,1.4367857724958404e-14,4.7315803692419571e-13,4.5879017919923732e-13
928,1.3931565155679441e-14,4.5879017919923732e-13,4.4485861404355779e-13
929,1.3508520991949302e-14,4.4485861404355779e-13,4.3135009305160847e-13
930,1.3098322934343370e-14,4.3135009305160847e-13,4.1825177011726520e-13
931,1.2700580899610995e-14,4.1825177011726520e-13,4.0555118921765418e-13
932,1.2314916649720699e-14,4.0555118921765418e-13,3.9323627256793342e-13
933,1.1940963432169719e-14,3.9323627256793342e-13,3.8129530913576373e-13
934,1.1578365631215886e-14,3.8129530913576373e-13,3.6971694350454780e-13
935,1.1226778429700149e-14,3.6971694350454780e-13,3.5849016507484766e-13
936,1.0885867481138142e-14,3.5849016507484766e-13,3.4760429759370950e-13
937,1.0555308591769003e-14,3.4760429759370950e-13,3.3704898900194046e-13
938,1.0234787412259027e-14,3.3704898900194046e-13,3.2681420158968145e-13
939,9.9239991387670306e-15,3.2681420158968145e-13,3.1689020245091444e-13
940,9.6226482230871226e-15,3.1689020245091444e-13,3.0726755422782731e-13
941,9.3304480915932335e-15,3.0726755422782731e-13,2.9793710613623403e-13
942,9.0471208727181599e-15,2.9793710613623403e-13,2.8888998526351586e-13
943,8.7723971327079252e-15,2.8888998526351586e-13,2.8011758813080796e-13
944,8.5060156194002000e-15,2.8011758813080796e-13,2.7161157251140773e-13
945,8.2477230137831127e-15,2.7161157251140773e-13,2.6336384949762460e-13
946,7.9972736890982066e-15,2.6336384949762460e-13,2.5536657580852638e-13
947,7.7544294772584222e-15,2.5536657580852638e-13,2.4761214633126791e-13
948,7.5189594423590194e-15,2.4761214633126791e-13,2.4009318688890898e-13
949,7.2906396610660427e-15,2.4009318688890898e-13,2.3280254722784290e-13
950,7.0692530096734594e-15,2.3280254722784290e-13,2.2573329421816941e-13
951,6.8545889576265205e-15,2.2573329421816941e-13,2.1887870526054288e-13
952,6.6464433673149551e-15,2.1887870526054288e-13,2.1223226189322792e-13
953,6.4446182999456054e-15,2.1223226189322792e-13,2.0578764359328230e-13
954,6.2489218273099388e-15,2.0578764359328230e-13,1.9953872176597240e-13
955,6.0591678492673736e-15,1.9953872176597240e-13,1.9347955391670499e-13
956,5.8751759167709100e-15,1.9347955391670499e-13,1.8760437799993405e-13
957,5.6967710602667173e-15,1.8760437799993405e-13,1.8190760693966735e-13
958,5.5237836233045385e-15,1.8190760693966735e-13,1.7638382331636281e-13
959,5.3560491012006480e-15,1.7638382331636281e-13,1.7102777421516214e-13
960,5.1934079845999565e-15,1.7102777421516214e-13,1.6583436623056218e-13
961,5.0357056077884868e-15,1.6583436623056218e-13,1.6079866062277372e-13
962,4.8827920016119689e-15,1.6079866062277372e-13,1.5591586862116172e-13
963,4.7345217508607071e-15,1.5591586862116172e-13,1.5118134687030100e-13
964,4.5907538559850553e-15,1.5118134687030100e-13,1.4659059301431597e-13
965,4.4513515990100456e-15,1.4659059301431597e-13,1.4213924141530590e-13
966,4.3161824135216268e-15,1.4213924141530590e-13,1.3782305900178426e-13
967,4.1851177586008827e-15,1.3782305900178426e-13,1.3363794124318339e-13
968,4.0580329965863524e-15,1.3363794124318339e-13,1.2957990824659704e-13
969,3.9348072745481983e-15,1.2957990824659704e-13,1.2564510097204882e-13
970,3.8153234093615283e-15,1.2564510097204882e-13,1.2182977756268729e-13
971,3.6994677762695515e-15,1.2182977756268729e-13,1.1813030978641774e-13
972,3.5871302008306188e-15,1.1813030978641774e-13,1.1454317958558713e-13
973,3.4782038541463859e-15,1.1454317958558713e-13,1.1106497573144073e-13
974,3.3725851512714658e-15,1.1106497573144073e-13,1.0769239058016926e-13
975,3.2701736527079550e-15,1.0769239058016926e-13,1.0442221692746130e-13
976,3.1708719688911734e-15,1.0442221692746130e-13,1.0125134495857013e-13
977,3.0745856675757714e-15,1.0125134495857013e-13,9.8176759290994343e-14
978,2.9812231840341422e-15,9.8176759290994343e-14,9.5195536106960208e-14
979,2.8906957339817350e-15,9.5195536106960208e-14,9.2304840372978467e-14
980,2.8029172291464725e-15,9.2304840372978467e-14,8.9501923143831997e-14
981,2.7178041954019709e-15,8.9501923143831997e-14,8.6784118948430011e-14
982,2.6352756933867200e-15,8.6784118948430011e-14,8.4148843255043300e-14
983,2.5552532415337307e-15,8.4148843255043300e-14,8.1593590013509558e-14
984,2.4776607414374521e-15,8.1593590013509558e-14,7.9115929272072108e-14
985,2.4024244054869939e-15,7.9115929272072108e-14,7.6713504866585120e-14
986,2.3294726866968192e-15,7.6713504866585120e-14,7.4384032179888295e-14
987,2.2587362106682007e-15,7.4384032179888295e-14,7.2125295969220092e-14
988,2.1901477096167188e-15,7.2125295969220092e-14,6.9935148259603363e-14
989,2.1236419584030749e-15,6.9935148259603363e-14,6.7811506301200293e-14
990,2.0591557125063879e-15,6.7811506301200293e-14,6.5752350588693891e-14
991,1.9966276478809799e-15,6.5752350588693891e-14,6.3755722940812919e-14
992,1.9359983026394696e-15,6.3755722940812919e-14,6.1819724638173447e-14
993,1.8772100205067047e-15,6.1819724638173447e-14,5.9942514617666739e-14
994,1.8202068959907669e-15,5.9942514617666739e-14,5.8122307721675973e-14
995,1.7649347212189086e-15,5.8122307721675973e-14,5.6357373000457059e-14
996,1.7113409343878608e-15,5.6357373000457059e-14,5.4646032066069203e-14
997,1.6593745697794934e-15,5.4646032066069203e-14,5.2986657496289699e-14
998,1.6089862092942937e-15,5.2986657496289699e-14,5.1377671286995405e-14
999,1.5601279354565731e-15,5.1377671286995405e-14,4.9817543351538826e-14
1000,1.5127532858467126e-15,4.9817543351538826e-14,4.8304790065692116e-14
1001,1.4668172089171117e-15,4.8304790065692116e-14,4.6837972856775005e-14
1002,1.4222760211498242e-15,4.6837972856775005e-14,4.5415696835625175e-14
1003,1.3790873655151437e-15,4.5415696835625175e-14,4.4036609470110037e-14
1004,1.3372101711916245e-15,4.4036609470110037e-14,4.2699399298918410e-14
1005,1.2966046145092458e-15,4.2699399298918410e-14,4.1402794684409165e-14
1006,1.2572320810785645e-15,4.1402794684409165e-14,4.0145562603330598e-14
1007,1.2190551290698551e-15,4.0145562603330598e-14,3.8926507474260736e-14
1008,1.1820374536073065e-15,3.8926507474260736e-14,3.7744470020653428e-14
1009,1.1461438522444223e-15,3.7744470020653428e-14,3.6598326168409006e-14
1010,1.1113401914877903e-15,3.6598326168409006e-14,3.5486985976921213e-14
1011,1.0775933743373870e-15,3.5486985976921213e-14,3.4409392602583833e-14
1012,1.0448713088125487e-15,3.4409392602583833e-14,3.3364521293771280e-14
1013,1.0131428774336797e-15,3.3364521293771280e-14,3.2351378416337600e-14
1014,9.8237790763067420e-16,3.2351378416337600e-14,3.1369000508706926e-14
1015,9.5254714304991493e-16,3.1369000508706926e-14,3.0416453365657009e-14
1016,9.2362221573255576e-16,3.0416453365657009e-14,2.9492831149924451e-14
1017,8.9557561913763782e-16,2.9492831149924451e-14,2.8597255530786809e-14
1018,8.6838068198438237e-16,2.8597255530786809e-14,2.7728874848802428e-14
1019,8.4201154288878494e-16,2.7728874848802428e-14,2.6886863305913642e-14
1020,8.1644312577038996e-16,2.6886863305913642e-14,2.6070420180143254e-14
1021,7.9165111600586249e-16,2.6070420180143254e-14,2.5278769064137384e-14
1022,7.6761193730667653e-16,2.5278769064137384e-14,2.4511157126830710e-14
1023,7.4430272929893220e-16,2.4511157126830710e-14,2.3766854397531775e-14
1024,7.2170132578398242e-16,2.3766854397531775e-14,2.3045153071747797e-14
1025,6.9978623365919330e-16,2.3045153071747797e-14,2.2345366838088601e-14
1026,6.7853661247879551e-16,2.2345366838088601e-14,2.1666830225609802e-14
1027,6.5793225463538752e-16,2.1666830225609802e-14,2.1008897970974418e-14
1028,6.3795356614324473e-16,2.1008897970974418e-14,2.0370944404831170e-14
1029,6.1858154800516000e-16,2.0370944404831170e-14,1.9752362856826010e-14
1030,5.9979777814509841e-16,1.9752362856826010e-14,1.9152565078680912e-14
1031,5.8158439388947896e-16,1.9152565078680912e-14,1.8570980684791431e-14
1032,5.6392407498043138e-16,1.8570980684791431e-14,1.8007056609810997e-14
1033,5.4680002710486768e-16,1.8007056609810997e-14,1.7460256582706131e-14
1034,5.3019596592370933e-16,1.7460256582706131e-14,1.6930060616782421e-14
1035,5.1409610158607962e-16,1.6930060616782421e-14,1.6415964515196341e-14
1036,4.9848512371373728e-16,1.6415964515196341e-14,1.5917479391482602e-14
1037,4.8334818684147044e-16,1.5917479391482602e-14,1.5434131204641132e-14
1038,4.6867089629960546e-16,1.5434131204641132e-14,1.4965460308341527e-14
1039,4.5443929452520658e-16,1.4965460308341527e-14,1.4511021013816320e-14
1040,4.4063984778894691e-16,1.4511021013816320e-14,1.4070381166027372e-14
1041,4.2725943332503020e-16,1.4070381166027372e-14,1.3643121732702341e-14
1042,4.1428532685192407e-16,1.3643121732702341e-14,1.3228836405850417e-14
1043,4.0170519047203627e-16,1.3228836405850417e-14,1.2827131215378379e-14
1044,3.8950706093882882e-16,1.2827131215378379e-14,1.2437624154439550e-14
1045,3.7767933828021023e-16,1.2437624154439550e-14,1.2059944816159341e-14
1046,3.6621077476738991e-16,1.2059944816159341e-14,1.1693734041391950e-14
1047,3.5509046421870194e-16,1.1693734041391950e-14,1.1338643577173246e-14
1048,3.4430783162822746e-16,1.1338643577173246e-14,1.0994335745545018e-14
1049,3.3385262310935399e-16,1.0994335745545018e-14,1.0660483122435665e-14
1050,3.2371489614370621e-16,1.0660483122435665e-14,1.0336768226291956e-14
1051,3.1388501012617758e-16,1.0336768226291956e-14,1.0022883216165779e-14
1052,3.0435361719706927e-16,1.0022883216165779e-14,9.7185295989687109e-15
