case_id,near,basin_radius,global_bias,local_bias,hold_strength,classification,score,t1,tv,t2,R_peak,R_valley,p_near,p_far,survival_tail,early_near_fraction,late_far_fraction,binned_roughness,row_stochasticity_error,mass_balance_error,decomposition_error
near5_9_R2p5_g0p08_l0p00_h0p00,"(5, 9)",2.5,0.08,0,0,unimodal,0,12,,,0,1,0.284484,0.408046,0.30747,0,0,0.0461,0,8.99281e-15,4.14869e-19
near5_9_R2p5_g0p08_l0p00_h0p25,"(5, 9)",2.5,0.08,0,0.25,unimodal,0,13,,,0,1,0.280785,0.409987,0.309229,0,0,0.0485157,1.11022e-16,9.10383e-15,3.74933e-19
near5_9_R2p5_g0p08_l0p00_h0p45,"(5, 9)",2.5,0.08,0,0.45,unimodal,0,14,,,0,1,0.277041,0.411944,0.311015,0,0,0.0498633,2.22045e-16,9.32587e-15,3.73429e-19
near5_9_R2p5_g0p08_l0p04_h0p00,"(5, 9)",2.5,0.08,0.04,0,unimodal,0,12,,,0,1,0.315932,0.391562,0.292506,0,0,0.0479691,0,8.88178e-15,4.06152e-19
near5_9_R2p5_g0p08_l0p04_h0p25,"(5, 9)",2.5,0.08,0.04,0.25,unimodal,0,13,,,0,1,0.313189,0.392994,0.293817,0,0,0.0508215,1.11022e-16,9.21485e-15,4.00435e-19
near5_9_R2p5_g0p08_l0p04_h0p45,"(5, 9)",2.5,0.08,0.04,0.45,unimodal,0,13,,,0,1,0.310232,0.39453,0.295238,0,0,0.0524204,2.22045e-16,8.54872e-15,4.15443e-19
near5_9_R2p5_g0p08_l0p08_h0p00,"(5, 9)",2.5,0.08,0.08,0,unimodal,0,12,,,0,1,0.344548,0.376399,0.279054,0,0,0.0493716,0,8.43769e-15,3.86035e-19
near5_9_R2p5_g0p08_l0p08_h0p25,"(5, 9)",2.5,0.08,0.08,0.25,unimodal,0,13,,,0,1,0.342686,0.377353,0.279961,0,0,0.0526173,1.11022e-16,8.10463e-15,4.23516e-19
near5_9_R2p5_g0p08_l0p08_h0p45,"(5, 9)",2.5,0.08,0.08,0.45,unimodal,0,13,,,0,1,0.340477,0.378483,0.28104,0,0,0.0544332,1.11022e-16,8.32667e-15,4.06946e-19
near5_9_R2p5_g0p08_l0p12_h0p00,"(5, 9)",2.5,0.08,0.12,0,unimodal,0,12,,,0,1,0.370678,0.362422,0.2669,0,0,0.0504028,0,9.4369e-15,4.1142e-19
near5_9_R2p5_g0p08_l0p12_h0p25,"(5, 9)",2.5,0.08,0.12,0.25,unimodal,0,12,,,0,1,0.369626,0.362933,0.267441,0,0,0.0540138,1.11022e-16,7.43849e-15,4.21822e-19
near5_9_R2p5_g0p08_l0p12_h0p45,"(5, 9)",2.5,0.08,0.12,0.45,unimodal,0,13,,,0,1,0.368118,0.363678,0.268204,0,0,0.0560219,2.22045e-16,8.43769e-15,4.10387e-19
near5_9_R2p5_g0p12_l0p00_h0p00,"(5, 9)",2.5,0.12,0,0,double_peak,87.7889,11,62,95,0.329368,0.315153,0.217037,0.46895,0.314013,1,0.807717,0.0447448,0,7.54952e-15,3.39184e-19
near5_9_R2p5_g0p12_l0p00_h0p25,"(5, 9)",2.5,0.12,0,0.25,double_peak,88.3141,12,61,96,0.343212,0.326447,0.212572,0.471564,0.315864,1,0.816248,0.0484354,1.11022e-16,6.32827e-15,4.3241e-19
near5_9_R2p5_g0p12_l0p00_h0p45,"(5, 9)",2.5,0.12,0,0.45,double_peak,89.9423,12,61,97,0.356595,0.337,0.208119,0.474163,0.317718,1,0.824518,0.0505773,2.22045e-16,6.77236e-15,3.66765e-19
near5_9_R2p5_g0p12_l0p04_h0p00,"(5, 9)",2.5,0.12,0.04,0,double_peak,76.425,11,70,87,0.289273,0.287664,0.242445,0.454206,0.303348,1,0.73558,0.0465871,2.22045e-16,7.77156e-15,4.03188e-19
near5_9_R2p5_g0p12_l0p04_h0p25,"(5, 9)",2.5,0.12,0.04,0.25,double_peak,76.6037,12,69,88,0.300661,0.298291,0.238483,0.456519,0.304998,1,0.74567,0.0509041,1.11022e-16,7.99361e-15,4.23516e-19
near5_9_R2p5_g0p12_l0p04_h0p45,"(5, 9)",2.5,0.12,0.04,0.45,double_peak,77.8324,12,68,89,0.311039,0.307713,0.234381,0.458904,0.306715,1,0.755608,0.053533,2.22045e-16,7.54952e-15,3.6253e-19
near5_9_R2p5_g0p12_l0p08_h0p00,"(5, 9)",2.5,0.12,0.08,0,unimodal,0,11,,,0,1,0.266161,0.440396,0.293443,0,0,0.049879,2.22045e-16,7.10543e-15,4.1674e-19
near5_9_R2p5_g0p12_l0p08_h0p25,"(5, 9)",2.5,0.12,0.08,0.25,unimodal,0,11,,,0,1,0.262711,0.442401,0.294888,0,0,0.0527449,1.11022e-16,7.21645e-15,4.20975e-19
near5_9_R2p5_g0p12_l0p08_h0p45,"(5, 9)",2.5,0.12,0.08,0.45,unimodal,0,12,,,0,1,0.258993,0.444552,0.296455,0,0,0.0558189,2.22045e-16,7.66054e-15,3.59142e-19
near5_9_R2p5_g0p12_l0p12_h0p00,"(5, 9)",2.5,0.12,0.12,0,unimodal,0,11,,,0,1,0.288348,0.427436,0.284216,0,0,0.0535964,0,7.66054e-15,3.99376e-19
near5_9_R2p5_g0p12_l0p12_h0p25,"(5, 9)",2.5,0.12,0.12,0.25,unimodal,0,11,,,0,1,0.285412,0.429132,0.285456,0,0,0.0540689,1.11022e-16,6.66134e-15,4.13352e-19
near5_9_R2p5_g0p12_l0p12_h0p45,"(5, 9)",2.5,0.12,0.12,0.45,unimodal,0,12,,,0,1,0.2821,0.431038,0.286863,0,0,0.0575557,2.22045e-16,7.43849e-15,4.29161e-19
near5_9_R2p5_g0p16_l0p00_h0p00,"(5, 9)",2.5,0.16,0,0,double_peak,76.5498,11,43,75,0.391075,0.326961,0.174123,0.480198,0.345679,1,0.87032,0.0519225,0,2.22045e-15,4.33681e-19
near5_9_R2p5_g0p16_l0p00_h0p25,"(5, 9)",2.5,0.16,0,0.25,double_peak,77.3485,11,43,75,0.408094,0.337667,0.169282,0.482992,0.347727,1,0.873453,0.0478511,1.11022e-16,2.55351e-15,3.854e-19
near5_9_R2p5_g0p16_l0p00_h0p45,"(5, 9)",2.5,0.16,0,0.45,double_peak,79.4275,11,43,76,0.426247,0.348822,0.164532,0.485724,0.349744,1,0.881846,0.0511234,1.11022e-16,2.77556e-15,4.33681e-19
near5_9_R2p5_g0p16_l0p04_h0p00,"(5, 9)",2.5,0.16,0.04,0,double_peak,71.7969,9,45,73,0.342383,0.305201,0.195027,0.468179,0.336795,1,0.844506,0.0572921,0,3.21965e-15,4.33681e-19
near5_9_R2p5_g0p16_l0p04_h0p25,"(5, 9)",2.5,0.16,0.04,0.25,double_peak,71.1845,11,45,74,0.356816,0.31579,0.190388,0.470845,0.338767,1,0.853796,0.0522207,1.11022e-16,2.77556e-15,4.33681e-19
near5_9_R2p5_g0p16_l0p04_h0p45,"(5, 9)",2.5,0.16,0.04,0.45,double_peak,71.7648,11,45,74,0.371328,0.325976,0.185714,0.473522,0.340765,1,0.856489,0.05362,1.11022e-16,2.77556e-15,4.33681e-19
near5_9_R2p5_g0p16_l0p08_h0p00,"(5, 9)",2.5,0.16,0.08,0,double_peak,66.2571,9,48,71,0.304134,0.284593,0.214838,0.456776,0.328385,1,0.816118,0.0623269,0,1.9984e-15,4.33681e-19
near5_9_R2p5_g0p16_l0p08_h0p25,"(5, 9)",2.5,0.16,0.08,0.25,double_peak,64.411,11,48,71,0.318396,0.296591,0.21044,0.459294,0.330266,1,0.818201,0.0568846,1.11022e-16,2.33147e-15,4.33681e-19
near5_9_R2p5_g0p16_l0p08_h0p45,"(5, 9)",2.5,0.16,0.08,0.45,double_peak,65.8435,11,48,72,0.330443,0.306135,0.205893,0.461887,0.33222,1,0.8283,0.0553715,1.11022e-16,1.77636e-15,4.33681e-19
near5_9_R2p5_g0p16_l0p12_h0p00,"(5, 9)",2.5,0.16,0.12,0,double_peak,60.8409,9,50,68,0.274203,0.265906,0.233651,0.44594,0.320409,1,0.774976,0.0670928,0,1.33227e-15,4.33681e-19
near5_9_R2p5_g0p16_l0p12_h0p25,"(5, 9)",2.5,0.16,0.12,0.25,double_peak,59.9601,11,50,69,0.288716,0.279278,0.229523,0.448293,0.322184,1,0.786162,0.0613819,1.11022e-16,2.9976e-15,4.33681e-19
near5_9_R2p5_g0p16_l0p12_h0p45,"(5, 9)",2.5,0.16,0.12,0.45,double_peak,60.1595,11,50,69,0.299051,0.288316,0.225148,0.450778,0.324074,1,0.787637,0.0568817,2.22045e-16,2.10942e-15,4.33681e-19
near5_9_R2p5_g0p20_l0p00_h0p00,"(5, 9)",2.5,0.2,0,0,double_peak,75.985,9,34,62,0.460742,0.321371,0.143629,0.472567,0.383805,1,0.912212,0.0666156,0,1.19904e-14,4.33681e-19
near5_9_R2p5_g0p20_l0p00_h0p25,"(5, 9)",2.5,0.2,0,0.25,double_peak,77.118,9,34,62,0.493829,0.339388,0.138663,0.4753,0.386037,1,0.914973,0.0615978,1.11022e-16,1.22125e-14,4.33681e-19
near5_9_R2p5_g0p20_l0p00_h0p45,"(5, 9)",2.5,0.2,0,0.45,double_peak,78.3224,10,34,63,0.523784,0.35444,0.133868,0.47793,0.388202,1,0.922464,0.0572431,2.22045e-16,1.22125e-14,4.33681e-19
near5_9_R2p5_g0p20_l0p04_h0p00,"(5, 9)",2.5,0.2,0.04,0,double_peak,69.1137,9,35,61,0.400403,0.301256,0.161107,0.462878,0.376015,1,0.896729,0.0729246,0,1.17684e-14,4.33681e-19
near5_9_R2p5_g0p20_l0p04_h0p25,"(5, 9)",2.5,0.2,0.04,0.25,double_peak,71.2716,9,35,62,0.428655,0.318763,0.156151,0.465592,0.378258,1,0.905165,0.0675631,1.11022e-16,1.25455e-14,4.33681e-19
near5_9_R2p5_g0p20_l0p04_h0p45,"(5, 9)",2.5,0.2,0.04,0.45,double_peak,72.1933,9,35,62,0.454992,0.334028,0.151264,0.468258,0.380478,1,0.907616,0.0629043,2.22045e-16,1.29896e-14,4.33681e-19
near5_9_R2p5_g0p20_l0p08_h0p00,"(5, 9)",2.5,0.2,0.08,0,double_peak,64.9118,9,36,61,0.353883,0.283491,0.177839,0.453612,0.368549,1,0.887109,0.0788681,0,1.22125e-14,4.33681e-19
near5_9_R2p5_g0p20_l0p08_h0p25,"(5, 9)",2.5,0.2,0.08,0.25,double_peak,65.5035,9,36,61,0.379135,0.300977,0.172937,0.456283,0.37078,1,0.889248,0.0731938,0,1.22125e-14,4.33681e-19
near5_9_R2p5_g0p20_l0p08_h0p45,"(5, 9)",2.5,0.2,0.08,0.45,double_peak,66.1831,9,36,61,0.401746,0.315651,0.168012,0.458958,0.37303,1,0.89144,0.0682612,1.11022e-16,1.19904e-14,4.33681e-19
near5_9_R2p5_g0p20_l0p12_h0p00,"(5, 9)",2.5,0.2,0.12,0,double_peak,60.4205,9,37,60,0.316712,0.267332,0.193885,0.444733,0.361382,1,0.870357,0.0845659,0,1.12133e-14,4.33681e-19
near5_9_R2p5_g0p20_l0p12_h0p25,"(5, 9)",2.5,0.2,0.12,0.25,double_peak,60.8211,9,37,60,0.340087,0.285172,0.189078,0.447341,0.363581,1,0.872034,0.0785894,1.11022e-16,1.19904e-14,3.68115e-19
near5_9_R2p5_g0p20_l0p12_h0p45,"(5, 9)",2.5,0.2,0.12,0.45,double_peak,61.3114,9,37,60,0.360163,0.299591,0.184162,0.45,0.365838,1,0.873829,0.0734031,2.22045e-16,1.13243e-14,4.33681e-19
near5_9_R3p5_g0p08_l0p00_h0p00,"(5, 9)",3.5,0.08,0,0,unimodal,0,12,,,0,1,0.284484,0.408046,0.30747,0,0,0.0461,0,8.99281e-15,4.14869e-19
near5_9_R3p5_g0p08_l0p00_h0p25,"(5, 9)",3.5,0.08,0,0.25,unimodal,0,13,,,0,1,0.277024,0.411881,0.311095,0,0,0.0495234,2.22045e-16,7.99361e-15,4.30187e-19
near5_9_R3p5_g0p08_l0p00_h0p45,"(5, 9)",3.5,0.08,0,0.45,double_peak,124.366,14,110,138,0.329562,0.328593,0.26933,0.415821,0.314849,1,0.76321,0.0504876,1.11022e-16,8.99281e-15,3.47305e-19
near5_9_R3p5_g0p08_l0p04_h0p00,"(5, 9)",3.5,0.08,0.04,0,unimodal,0,12,,,0,1,0.333726,0.381835,0.284439,0,0,0.0482626,0,8.21565e-15,4.28387e-19
near5_9_R3p5_g0p08_l0p04_h0p25,"(5, 9)",3.5,0.08,0.04,0.25,unimodal,0,13,,,0,1,0.327958,0.384737,0.287305,0,0,0.0525964,2.22045e-16,8.77076e-15,4.14993e-19
near5_9_R3p5_g0p08_l0p04_h0p45,"(5, 9)",3.5,0.08,0.04,0.45,unimodal,0,14,,,0,1,0.321582,0.387934,0.290485,0,0,0.0543642,1.11022e-16,7.77156e-15,4.28175e-19
near5_9_R3p5_g0p08_l0p08_h0p00,"(5, 9)",3.5,0.08,0.08,0,unimodal,0,12,,,0,1,0.380333,0.356786,0.262881,0,0,0.0497888,0,7.77156e-15,4.33681e-19
near5_9_R3p5_g0p08_l0p08_h0p25,"(5, 9)",3.5,0.08,0.08,0.25,unimodal,0,13,,,0,1,0.376289,0.358735,0.264977,0,0,0.0550229,2.22045e-16,7.32747e-15,4.12854e-19
near5_9_R3p5_g0p08_l0p08_h0p45,"(5, 9)",3.5,0.08,0.08,0.45,unimodal,0,14,,,0,1,0.371324,0.361139,0.267538,0,0,0.0575557,1.11022e-16,7.77156e-15,3.50354e-19
near5_9_R3p5_g0p08_l0p12_h0p00,"(5, 9)",3.5,0.08,0.12,0,unimodal,0,12,,,0,1,0.423939,0.333137,0.242924,0,0,0.050756,0,7.32747e-15,5.92227e-19
near5_9_R3p5_g0p08_l0p12_h0p25,"(5, 9)",3.5,0.08,0.12,0.25,unimodal,0,13,,,0,1,0.421561,0.334162,0.244278,0,0,0.057013,2.22045e-16,6.43929e-15,4.62188e-19
near5_9_R3p5_g0p08_l0p12_h0p45,"(5, 9)",3.5,0.08,0.12,0.45,unimodal,0,14,,,0,1,0.418013,0.335773,0.246213,0,0,0.0601723,1.11022e-16,7.66054e-15,7.83253e-19
near5_9_R3p5_g0p12_l0p00_h0p00,"(5, 9)",3.5,0.12,0,0,double_peak,87.7889,11,62,95,0.329368,0.315153,0.217037,0.46895,0.314013,1,0.807717,0.0447448,0,7.54952e-15,3.39184e-19
near5_9_R3p5_g0p12_l0p00_h0p25,"(5, 9)",3.5,0.12,0,0.25,double_peak,90.0931,12,61,97,0.354131,0.334111,0.20843,0.473996,0.317574,1,0.824945,0.0500646,2.22045e-16,7.77156e-15,4.06811e-19
near5_9_R3p5_g0p12_l0p00_h0p45,"(5, 9)",3.5,0.12,0,0.45,double_peak,93.6827,13,60,100,0.379954,0.352851,0.199746,0.479068,0.321186,1,0.845769,0.0520252,1.11022e-16,6.66134e-15,3.77777e-19
near5_9_R3p5_g0p12_l0p04_h0p00,"(5, 9)",3.5,0.12,0.04,0,unimodal,0,11,,,0,1,0.256266,0.445968,0.297766,0,0,0.0472084,2.22045e-16,7.99361e-15,4.22669e-19
near5_9_R3p5_g0p12_l0p04_h0p25,"(5, 9)",3.5,0.12,0.04,0.25,unimodal,0,12,,,0,1,0.248269,0.450613,0.301118,0,0,0.0540004,2.22045e-16,6.21725e-15,3.27084e-19
near5_9_R3p5_g0p12_l0p04_h0p45,"(5, 9)",3.5,0.12,0.04,0.45,double_peak,74.2778,13,72,87,0.311949,0.310783,0.239844,0.455482,0.304674,1,0.731253,0.0571108,1.11022e-16,6.77236e-15,4.25062e-19
near5_9_R3p5_g0p12_l0p08_h0p00,"(5, 9)",3.5,0.12,0.08,0,unimodal,0,11,,,0,1,0.294611,0.423442,0.281947,0,0,0.0525808,0,7.77156e-15,4.09964e-19
near5_9_R3p5_g0p12_l0p08_h0p25,"(5, 9)",3.5,0.12,0.08,0.25,unimodal,0,12,,,0,1,0.287375,0.427598,0.285027,0,0,0.0569676,2.22045e-16,6.21725e-15,4.09964e-19
near5_9_R3p5_g0p12_l0p08_h0p45,"(5, 9)",3.5,0.12,0.08,0.45,unimodal,0,12,,,0,1,0.279385,0.432162,0.288452,0,0,0.06123,1.11022e-16,6.88338e-15,4.27037e-19
near5_9_R3p5_g0p12_l0p12_h0p00,"(5, 9)",3.5,0.12,0.12,0,unimodal,0,11,,,0,1,0.331715,0.401591,0.266693,0,0,0.0579074,0,6.88338e-15,7.81044e-19
near5_9_R3p5_g0p12_l0p12_h0p25,"(5, 9)",3.5,0.12,0.12,0.25,unimodal,0,11,,,0,1,0.325346,0.405201,0.269453,0,0,0.0590665,2.22045e-16,5.32907e-15,5.89919e-19
near5_9_R3p5_g0p12_l0p12_h0p45,"(5, 9)",3.5,0.12,0.12,0.45,unimodal,0,12,,,0,1,0.317933,0.409383,0.272685,0,0,0.0644717,1.11022e-16,5.88418e-15,8.38616e-19
near5_9_R3p5_g0p16_l0p00_h0p00,"(5, 9)",3.5,0.16,0,0,double_peak,76.5498,11,43,75,0.391075,0.326961,0.174123,0.480198,0.345679,1,0.87032,0.0519225,0,2.22045e-15,4.33681e-19
near5_9_R3p5_g0p16_l0p00_h0p25,"(5, 9)",3.5,0.16,0,0.25,double_peak,79.6201,11,43,76,0.423039,0.345359,0.165068,0.485493,0.349439,1,0.882249,0.0503542,2.22045e-16,1.77636e-15,4.33681e-19
near5_9_R3p5_g0p16_l0p00_h0p45,"(5, 9)",3.5,0.16,0,0.45,double_peak,81.6772,12,43,77,0.459314,0.365529,0.156138,0.490693,0.353169,1,0.893446,0.0541232,1.11022e-16,2.88658e-15,4.33681e-19
near5_9_R3p5_g0p16_l0p04_h0p00,"(5, 9)",3.5,0.16,0.04,0,double_peak,68.4923,9,47,72,0.323581,0.297634,0.206061,0.461686,0.332254,1,0.826476,0.0591995,0,2.10942e-15,4.33681e-19
near5_9_R3p5_g0p16_l0p04_h0p25,"(5, 9)",3.5,0.16,0.04,0.25,double_peak,68.5601,11,46,73,0.348026,0.314725,0.19698,0.466949,0.336071,1,0.840104,0.0537951,2.22045e-16,1.88738e-15,4.33681e-19
near5_9_R3p5_g0p16_l0p04_h0p45,"(5, 9)",3.5,0.16,0.04,0.45,double_peak,71.0564,11,46,74,0.374301,0.331863,0.187735,0.472281,0.339984,1,0.85325,0.0590401,1.11022e-16,2.22045e-15,4.33681e-19
near5_9_R3p5_g0p16_l0p08_h0p00,"(5, 9)",3.5,0.16,0.08,0,double_peak,59.2037,9,51,67,0.274156,0.268581,0.237826,0.443258,0.318916,1,0.752734,0.0664159,0,1.77636e-15,4.33681e-19
near5_9_R3p5_g0p16_l0p08_h0p25,"(5, 9)",3.5,0.16,0.08,0.25,double_peak,59.825,11,51,69,0.295575,0.286558,0.228864,0.448406,0.322729,1,0.779012,0.0574764,2.22045e-16,2.10942e-15,4.33681e-19
near5_9_R3p5_g0p16_l0p08_h0p45,"(5, 9)",3.5,0.16,0.08,0.45,double_peak,62.7085,11,50,71,0.315015,0.301409,0.219453,0.453784,0.326764,1,0.803362,0.0627826,1.11022e-16,2.10942e-15,4.33681e-19
near5_9_R3p5_g0p16_l0p12_h0p00,"(5, 9)",3.5,0.16,0.12,0,unimodal,0,9,,,0,1,0.269147,0.425079,0.305774,0,0,0.0735667,0,2.55351e-15,4.8865e-19
near5_9_R3p5_g0p16_l0p12_h0p25,"(5, 9)",3.5,0.16,0.12,0.25,unimodal,0,11,,,0,1,0.260432,0.430041,0.309527,0,0,0.0639964,2.22045e-16,1.9984e-15,4.20869e-19
near5_9_R3p5_g0p16_l0p12_h0p45,"(5, 9)",3.5,0.16,0.12,0.45,double_peak,53.0926,11,57,64,0.273515,0.273038,0.250992,0.435386,0.313622,1,0.692976,0.0653975,1.11022e-16,1.9984e-15,5.03687e-19
near5_9_R3p5_g0p20_l0p00_h0p00,"(5, 9)",3.5,0.2,0,0,double_peak,75.985,9,34,62,0.460742,0.321371,0.143629,0.472567,0.383805,1,0.912212,0.0666156,0,1.19904e-14,4.33681e-19
near5_9_R3p5_g0p20_l0p00_h0p25,"(5, 9)",3.5,0.2,0,0.25,double_peak,78.5307,10,34,63,0.519157,0.350377,0.134533,0.4777,0.387767,1,0.922771,0.058298,2.22045e-16,1.23235e-14,4.33681e-19
near5_9_R3p5_g0p20_l0p00_h0p45,"(5, 9)",3.5,0.2,0,0.45,double_peak,79.787,11,34,63,0.567455,0.36983,0.125757,0.482629,0.391613,1,0.928064,0.056275,1.11022e-16,1.29896e-14,4.33681e-19
near5_9_R3p5_g0p20_l0p04_h0p00,"(5, 9)",3.5,0.2,0.04,0,double_peak,66.5416,9,36,61,0.376652,0.294341,0.170149,0.457748,0.372103,1,0.889182,0.0753794,0,1.25455e-14,4.33681e-19
near5_9_R3p5_g0p20_l0p04_h0p25,"(5, 9)",3.5,0.2,0.04,0.25,double_peak,69.6951,9,36,62,0.422716,0.321456,0.160663,0.463048,0.376289,1,0.901179,0.0664151,2.22045e-16,1.22125e-14,4.33681e-19
near5_9_R3p5_g0p20_l0p04_h0p45,"(5, 9)",3.5,0.2,0.04,0.45,double_peak,70.455,10,36,62,0.461486,0.340604,0.151274,0.468267,0.380459,1,0.906797,0.0604283,0,1.28786e-14,4.33681e-19
near5_9_R3p5_g0p20_l0p08_h0p00,"(5, 9)",3.5,0.2,0.08,0,double_peak,59.5898,9,38,60,0.315055,0.26964,0.196804,0.44286,0.360336,1,0.863107,0.0841678,0,1.16573e-14,4.33681e-19
near5_9_R3p5_g0p20_l0p08_h0p25,"(5, 9)",3.5,0.2,0.08,0.25,double_peak,60.9314,9,38,60,0.353141,0.295582,0.187045,0.448262,0.364694,1,0.868667,0.0746361,2.22045e-16,1.11022e-14,3.43048e-19
near5_9_R3p5_g0p20_l0p08_h0p45,"(5, 9)",3.5,0.2,0.08,0.45,double_peak,62.5311,10,37,61,0.385969,0.314794,0.177152,0.453707,0.369142,1,0.881844,0.0665559,1.11022e-16,1.21014e-14,4.33681e-19
near5_9_R3p5_g0p20_l0p12_h0p00,"(5, 9)",3.5,0.2,0.12,0,double_peak,55.5269,7,40,58,0.266424,0.244704,0.223392,0.42802,0.348588,1,0.823835,0.0928063,0,1.09912e-14,4.33681e-19
near5_9_R3p5_g0p20_l0p12_h0p25,"(5, 9)",3.5,0.2,0.12,0.25,double_peak,55.3899,9,40,59,0.301545,0.272202,0.213469,0.433463,0.353068,1,0.838707,0.0827361,2.22045e-16,1.12133e-14,4.25634e-19
near5_9_R3p5_g0p20_l0p12_h0p45,"(5, 9)",3.5,0.2,0.12,0.45,double_peak,57.7208,9,39,60,0.330269,0.291814,0.203182,0.439075,0.357743,1,0.853013,0.0742184,1.11022e-16,1.19904e-14,4.33681e-19
near5_9_R4p5_g0p08_l0p00_h0p00,"(5, 9)",4.5,0.08,0,0,unimodal,0,12,,,0,1,0.284484,0.408046,0.30747,0,0,0.0461,0,8.99281e-15,4.14869e-19
near5_9_R4p5_g0p08_l0p00_h0p25,"(5, 9)",4.5,0.08,0,0.25,double_peak,122.207,14,112,136,0.318872,0.318332,0.272647,0.414012,0.31334,1,0.753176,0.0502567,2.22045e-16,8.10463e-15,4.25853e-19
near5_9_R4p5_g0p08_l0p00_h0p45,"(5, 9)",4.5,0.08,0,0.45,double_peak,133.541,15,103,147,0.349291,0.34526,0.260433,0.420153,0.319413,1,0.802036,0.0497651,2.22045e-16,8.54872e-15,4.31479e-19
near5_9_R4p5_g0p08_l0p04_h0p00,"(5, 9)",4.5,0.08,0.04,0,unimodal,0,12,,,0,1,0.358385,0.368027,0.273588,0,0,0.0481652,0,9.32587e-15,4.02791e-19
near5_9_R4p5_g0p08_l0p04_h0p25,"(5, 9)",4.5,0.08,0.04,0.25,unimodal,0,14,,,0,1,0.348184,0.372879,0.278937,0,0,0.0538378,2.22045e-16,8.21565e-15,4.3286e-19
near5_9_R4p5_g0p08_l0p04_h0p45,"(5, 9)",4.5,0.08,0.04,0.45,unimodal,0,15,,,0,1,0.336951,0.378212,0.284838,0,0,0.0545013,2.22045e-16,8.21565e-15,4.31987e-19
near5_9_R4p5_g0p08_l0p08_h0p00,"(5, 9)",4.5,0.08,0.08,0,unimodal,0,12,,,0,1,0.431207,0.328192,0.2406,0,0,0.0498529,0,7.54952e-15,6.21048e-19
near5_9_R4p5_g0p08_l0p08_h0p25,"(5, 9)",4.5,0.08,0.08,0.25,unimodal,0,14,,,0,1,0.423197,0.331668,0.245135,0,0,0.0569203,2.22045e-16,6.43929e-15,4.32781e-19
near5_9_R4p5_g0p08_l0p08_h0p45,"(5, 9)",4.5,0.08,0.08,0.45,unimodal,0,15,,,0,1,0.413589,0.335886,0.250524,0,0,0.0587377,2.22045e-16,7.32747e-15,4.20128e-19
near5_9_R4p5_g0p08_l0p12_h0p00,"(5, 9)",4.5,0.08,0.12,0,unimodal,0,12,,,0,1,0.500725,0.289858,0.209417,0,0,0.0511662,0,5.9952e-15,7.08781e-19
near5_9_R4p5_g0p08_l0p12_h0p25,"(5, 9)",4.5,0.08,0.12,0.25,unimodal,0,13,,,0,1,0.495176,0.291875,0.212949,0,0,0.0595804,2.22045e-16,6.88338e-15,8.61081e-19
near5_9_R4p5_g0p08_l0p12_h0p45,"(5, 9)",4.5,0.08,0.12,0.45,unimodal,0,15,,,0,1,0.487601,0.294839,0.21756,0,0,0.0625743,2.22045e-16,7.10543e-15,8.31238e-19
near5_9_R4p5_g0p12_l0p00_h0p00,"(5, 9)",4.5,0.12,0,0,double_peak,87.7889,11,62,95,0.329368,0.315153,0.217037,0.46895,0.314013,1,0.807717,0.0447448,0,7.54952e-15,3.39184e-19
near5_9_R4p5_g0p12_l0p00_h0p25,"(5, 9)",4.5,0.12,0,0.25,double_peak,93.2404,12,60,99,0.366672,0.342131,0.203863,0.476702,0.319434,1,0.838865,0.0511995,2.22045e-16,7.43849e-15,3.91779e-19
near5_9_R4p5_g0p12_l0p00_h0p45,"(5, 9)",4.5,0.12,0,0.45,double_peak,97.0753,14,59,102,0.406861,0.368825,0.190648,0.484456,0.324896,1,0.862147,0.0524673,2.22045e-16,6.99441e-15,4.10176e-19
near5_9_R4p5_g0p12_l0p04_h0p00,"(5, 9)",4.5,0.12,0.04,0,unimodal,0,11,,,0,1,0.273348,0.435633,0.291019,0,0,0.0479475,2.22045e-16,7.32747e-15,4.24787e-19
near5_9_R4p5_g0p12_l0p04_h0p25,"(5, 9)",4.5,0.12,0.04,0.25,unimodal,0,12,,,0,1,0.260092,0.443248,0.296661,0,0,0.0566824,2.22045e-16,5.55112e-15,3.81165e-19
near5_9_R4p5_g0p12_l0p04_h0p45,"(5, 9)",4.5,0.12,0.04,0.45,double_peak,70.0166,13,77,83,0.315032,0.314958,0.24622,0.45118,0.3026,1,0.680741,0.059627,2.22045e-16,6.99441e-15,4.20602e-19
near5_9_R4p5_g0p12_l0p08_h0p00,"(5, 9)",4.5,0.12,0.08,0,unimodal,0,11,,,0,1,0.330783,0.401494,0.267723,0,0,0.0529617,2.22045e-16,6.55032e-15,7.81044e-19
near5_9_R4p5_g0p12_l0p08_h0p25,"(5, 9)",4.5,0.12,0.08,0.25,unimodal,0,12,,,0,1,0.31792,0.408682,0.273398,0,0,0.0612735,2.22045e-16,6.66134e-15,4.20975e-19
near5_9_R4p5_g0p12_l0p08_h0p45,"(5, 9)",4.5,0.12,0.08,0.45,unimodal,0,13,,,0,1,0.30386,0.416501,0.279638,0,0,0.0657784,2.22045e-16,6.21725e-15,4.06999e-19
near5_9_R4p5_g0p12_l0p12_h0p00,"(5, 9)",4.5,0.12,0.12,0,unimodal,0,11,,,0,1,0.388133,0.367332,0.244535,0,0,0.0588037,0,6.10623e-15,7.81044e-19
near5_9_R4p5_g0p12_l0p12_h0p25,"(5, 9)",4.5,0.12,0.12,0.25,unimodal,0,12,,,0,1,0.376089,0.37386,0.250051,0,0,0.0650487,2.22045e-16,5.44009e-15,7.46645e-19
near5_9_R4p5_g0p12_l0p12_h0p45,"(5, 9)",4.5,0.12,0.12,0.45,unimodal,0,13,,,0,1,0.362302,0.38131,0.256388,0,0,0.0711007,2.22045e-16,5.88418e-15,5.89767e-19
near5_9_R4p5_g0p16_l0p00_h0p00,"(5, 9)",4.5,0.16,0,0,double_peak,76.5498,11,43,75,0.391075,0.326961,0.174123,0.480198,0.345679,1,0.87032,0.0519225,0,2.22045e-15,4.33681e-19
near5_9_R4p5_g0p16_l0p00_h0p25,"(5, 9)",4.5,0.16,0,0.25,double_peak,81.0469,11,43,76,0.440354,0.353166,0.160574,0.488256,0.35117,1,0.886302,0.0523272,2.22045e-16,1.55431e-15,4.33681e-19
near5_9_R4p5_g0p16_l0p00_h0p45,"(5, 9)",4.5,0.16,0,0.45,double_peak,86.0424,12,43,78,0.49698,0.381215,0.147348,0.496093,0.356559,1,0.905376,0.0554131,2.22045e-16,1.66533e-15,4.33681e-19
near5_9_R4p5_g0p16_l0p04_h0p00,"(5, 9)",4.5,0.16,0.04,0,double_peak,64.265,9,49,70,0.311081,0.295276,0.218408,0.454421,0.327171,1,0.793166,0.059588,0,2.88658e-15,4.33681e-19
near5_9_R4p5_g0p16_l0p04_h0p25,"(5, 9)",4.5,0.16,0.04,0.25,double_peak,67.296,11,48,73,0.343655,0.31661,0.203965,0.462853,0.333182,1,0.829602,0.0579436,2.22045e-16,1.22125e-15,4.33681e-19
near5_9_R4p5_g0p16_l0p04_h0p45,"(5, 9)",4.5,0.16,0.04,0.45,double_peak,70.8262,12,47,75,0.380209,0.338197,0.189411,0.471309,0.33928,1,0.854889,0.0633224,2.22045e-16,2.10942e-15,4.30981e-19
near5_9_R4p5_g0p16_l0p08_h0p00,"(5, 9)",4.5,0.16,0.08,0,unimodal,0,9,,,0,1,0.264143,0.427666,0.308191,0,0,0.0675247,0,2.9976e-15,4.8865e-19
near5_9_R4p5_g0p16_l0p08_h0p25,"(5, 9)",4.5,0.16,0.08,0.25,double_peak,54.261,11,55,65,0.281339,0.279985,0.249107,0.436276,0.314618,1,0.69831,0.0623635,2.22045e-16,1.88738e-15,4.33681e-19
near5_9_R4p5_g0p16_l0p08_h0p45,"(5, 9)",4.5,0.16,0.08,0.45,double_peak,59.3996,12,53,70,0.30557,0.29837,0.233492,0.445168,0.321339,1,0.768228,0.070183,2.22045e-16,1.44329e-15,4.13352e-19
near5_9_R4p5_g0p16_l0p12_h0p00,"(5, 9)",4.5,0.16,0.12,0,unimodal,0,9,,,0,1,0.310664,0.400392,0.288943,0,0,0.075656,0,1.44329e-15,4.8865e-19
near5_9_R4p5_g0p16_l0p12_h0p25,"(5, 9)",4.5,0.16,0.12,0.25,unimodal,0,11,,,0,1,0.295344,0.408996,0.29566,0,0,0.0654394,2.22045e-16,1.77636e-15,8.23462e-19
near5_9_R4p5_g0p16_l0p12_h0p45,"(5, 9)",4.5,0.16,0.12,0.45,unimodal,0,11,,,0,1,0.27896,0.418147,0.302893,0,0,0.0757864,2.22045e-16,1.22125e-15,8.60989e-19
near5_9_R4p5_g0p20_l0p00_h0p00,"(5, 9)",4.5,0.2,0,0,double_peak,75.985,9,34,62,0.460742,0.321371,0.143629,0.472567,0.383805,1,0.912212,0.0666156,0,1.19904e-14,4.33681e-19
near5_9_R4p5_g0p20_l0p00_h0p25,"(5, 9)",4.5,0.2,0,0.25,double_peak,80.4192,10,34,63,0.542522,0.357548,0.130224,0.480367,0.389409,1,0.926124,0.0551014,2.22045e-16,1.14353e-14,3.93678e-19
near5_9_R4p5_g0p20_l0p00_h0p45,"(5, 9)",4.5,0.2,0,0.45,double_peak,85.3571,11,34,64,0.620834,0.385489,0.117468,0.487758,0.394775,1,0.938268,0.0587727,2.22045e-16,1.14353e-14,4.33681e-19
near5_9_R4p5_g0p20_l0p04_h0p00,"(5, 9)",4.5,0.2,0.04,0,double_peak,64.0177,9,37,61,0.359688,0.292166,0.179454,0.452603,0.367942,1,0.878594,0.0763229,0,1.21014e-14,4.33681e-19
near5_9_R4p5_g0p20_l0p04_h0p25,"(5, 9)",4.5,0.2,0.04,0.25,double_peak,67.1966,10,36,62,0.421477,0.32616,0.164788,0.46098,0.374232,1,0.895767,0.063991,2.22045e-16,1.16573e-14,4.33681e-19
near5_9_R4p5_g0p20_l0p04_h0p45,"(5, 9)",4.5,0.2,0.04,0.45,double_peak,70.8813,11,36,63,0.472707,0.346788,0.150462,0.469118,0.38042,1,0.911319,0.0657658,2.22045e-16,1.09912e-14,4.33681e-19
near5_9_R4p5_g0p20_l0p08_h0p00,"(5, 9)",4.5,0.2,0.08,0,double_peak,55.0362,9,40,59,0.288935,0.262495,0.216633,0.431745,0.351622,1,0.827764,0.0863667,0,1.21014e-14,4.33681e-19
near5_9_R4p5_g0p20_l0p08_h0p25,"(5, 9)",4.5,0.2,0.08,0.25,double_peak,58.4462,9,39,60,0.338018,0.294954,0.200896,0.440569,0.358535,1,0.848813,0.0733533,2.22045e-16,1.06581e-14,4.33681e-19
near5_9_R4p5_g0p20_l0p08_h0p45,"(5, 9)",4.5,0.2,0.08,0.45,double_peak,61.171,11,38,62,0.374978,0.312629,0.185157,0.449342,0.365501,1,0.875997,0.0718592,2.22045e-16,1.08802e-14,4.33681e-19
near5_9_R4p5_g0p20_l0p12_h0p00,"(5, 9)",4.5,0.2,0.12,0,double_peak,49.0921,7,43,55,0.237098,0.231824,0.254755,0.41029,0.334955,1,0.736399,0.0964657,0,1.14353e-14,4.99247e-19
near5_9_R4p5_g0p20_l0p12_h0p25,"(5, 9)",4.5,0.2,0.12,0.25,double_peak,51.5412,9,42,58,0.278181,0.264466,0.238148,0.419437,0.342415,1,0.788155,0.0828999,2.22045e-16,9.54792e-15,4.33681e-19
near5_9_R4p5_g0p20_l0p12_h0p45,"(5, 9)",4.5,0.2,0.12,0.45,double_peak,53.4497,11,41,60,0.308132,0.28248,0.221168,0.428735,0.350098,1,0.822043,0.0769331,2.22045e-16,1.02141e-14,6.98147e-19
near7_9_R2p5_g0p08_l0p00_h0p00,"(7, 9)",2.5,0.08,0,0,unimodal,0,22,,,0,1,0.302384,0.397546,0.30007,0,0,0.0316708,0,8.88178e-15,2.1684e-19
near7_9_R2p5_g0p08_l0p00_h0p25,"(7, 9)",2.5,0.08,0,0.25,unimodal,0,23,,,0,1,0.299323,0.399188,0.301489,0,0,0.0317845,1.11022e-16,9.10383e-15,2.1684e-19
near7_9_R2p5_g0p08_l0p00_h0p45,"(7, 9)",2.5,0.08,0,0.45,unimodal,0,23,,,0,1,0.296202,0.400852,0.302946,0,0,0.031682,2.22045e-16,9.10383e-15,2.1684e-19
near7_9_R2p5_g0p08_l0p04_h0p00,"(7, 9)",2.5,0.08,0.04,0,unimodal,0,22,,,0,1,0.33258,0.381854,0.285567,0,0,0.0339098,0,9.4369e-15,3.75729e-19
near7_9_R2p5_g0p08_l0p04_h0p25,"(7, 9)",2.5,0.08,0.04,0.25,unimodal,0,22,,,0,1,0.330439,0.383002,0.286559,0,0,0.033466,1.11022e-16,8.21565e-15,3.96511e-19
near7_9_R2p5_g0p08_l0p04_h0p45,"(7, 9)",2.5,0.08,0.04,0.45,unimodal,0,23,,,0,1,0.328081,0.384255,0.287664,0,0,0.0334012,2.22045e-16,8.54872e-15,3.71697e-19
near7_9_R2p5_g0p08_l0p08_h0p00,"(7, 9)",2.5,0.08,0.08,0,unimodal,0,22,,,0,1,0.359881,0.367483,0.272636,0,0,0.0359943,0,8.77076e-15,4.13246e-19
near7_9_R2p5_g0p08_l0p08_h0p25,"(7, 9)",2.5,0.08,0.08,0.25,unimodal,0,22,,,0,1,0.358578,0.368173,0.273249,0,0,0.0349489,1.11022e-16,8.10463e-15,4.23516e-19
near7_9_R2p5_g0p08_l0p08_h0p45,"(7, 9)",2.5,0.08,0.08,0.45,unimodal,0,23,,,0,1,0.356932,0.369035,0.274034,0,0,0.0349153,1.11022e-16,8.54872e-15,4.1547e-19
near7_9_R2p5_g0p08_l0p12_h0p00,"(7, 9)",2.5,0.08,0.12,0,unimodal,0,22,,,0,1,0.384675,0.35429,0.261035,0,0,0.0379488,0,8.32667e-15,4.30892e-19
near7_9_R2p5_g0p08_l0p12_h0p25,"(7, 9)",2.5,0.08,0.12,0.25,unimodal,0,22,,,0,1,0.38413,0.354559,0.261311,0,0,0.0362711,1.11022e-16,8.32667e-15,4.33681e-19
near7_9_R2p5_g0p08_l0p12_h0p45,"(7, 9)",2.5,0.08,0.12,0.45,unimodal,0,23,,,0,1,0.383143,0.355054,0.261803,0,0,0.0362627,2.22045e-16,8.54872e-15,4.13352e-19
near7_9_R2p5_g0p12_l0p00_h0p00,"(7, 9)",2.5,0.12,0,0,unimodal,0,19,,,0,1,0.241181,0.454337,0.304482,0,0,0.0444142,0,7.99361e-15,3.40507e-19
near7_9_R2p5_g0p12_l0p00_h0p25,"(7, 9)",2.5,0.12,0,0.25,unimodal,0,19,,,0,1,0.237484,0.45653,0.305986,0,0,0.0418574,1.11022e-16,9.21485e-15,3.98099e-19
near7_9_R2p5_g0p12_l0p00_h0p45,"(7, 9)",2.5,0.12,0,0.45,unimodal,0,20,,,0,1,0.233761,0.458729,0.307509,0,0,0.039537,2.22045e-16,8.10463e-15,4.33648e-19
near7_9_R2p5_g0p12_l0p04_h0p00,"(7, 9)",2.5,0.12,0.04,0,unimodal,0,19,,,0,1,0.265709,0.440138,0.294153,0,0,0.0477285,2.22045e-16,7.32747e-15,4.3114e-19
near7_9_R2p5_g0p12_l0p04_h0p25,"(7, 9)",2.5,0.12,0.04,0.25,unimodal,0,19,,,0,1,0.26251,0.442031,0.295459,0,0,0.0451078,1.11022e-16,7.99361e-15,4.20128e-19
near7_9_R2p5_g0p12_l0p04_h0p45,"(7, 9)",2.5,0.12,0.04,0.45,unimodal,0,20,,,0,1,0.259146,0.444011,0.296843,0,0,0.042725,2.22045e-16,6.43929e-15,4.32304e-19
near7_9_R2p5_g0p12_l0p08_h0p00,"(7, 9)",2.5,0.12,0.08,0,unimodal,0,19,,,0,1,0.28846,0.426906,0.284633,0,0,0.0508995,2.22045e-16,7.77156e-15,4.33681e-19
near7_9_R2p5_g0p12_l0p08_h0p25,"(7, 9)",2.5,0.12,0.08,0.25,unimodal,0,19,,,0,1,0.28576,0.428498,0.285743,0,0,0.0482439,1.11022e-16,6.77236e-15,4.20128e-19
near7_9_R2p5_g0p12_l0p08_h0p45,"(7, 9)",2.5,0.12,0.08,0.45,unimodal,0,20,,,0,1,0.282777,0.430243,0.28698,0,0,0.0457977,2.22045e-16,6.99441e-15,4.20128e-19
near7_9_R2p5_g0p12_l0p12_h0p00,"(7, 9)",2.5,0.12,0.12,0,unimodal,0,19,,,0,1,0.309629,0.414546,0.275824,0,0,0.0538441,0,6.66134e-15,4.33681e-19
near7_9_R2p5_g0p12_l0p12_h0p25,"(7, 9)",2.5,0.12,0.12,0.25,unimodal,0,19,,,0,1,0.307422,0.415838,0.276739,0,0,0.0511622,1.11022e-16,7.54952e-15,4.06576e-19
near7_9_R2p5_g0p12_l0p12_h0p45,"(7, 9)",2.5,0.12,0.12,0.45,unimodal,0,19,,,0,1,0.304835,0.417342,0.277823,0,0,0.0486709,2.22045e-16,6.88338e-15,4.33681e-19
near7_9_R2p5_g0p16_l0p00_h0p00,"(7, 9)",2.5,0.16,0,0,unimodal,0,17,,,0,1,0.202491,0.463742,0.333767,0,0,0.0607759,0,3.44169e-15,4.33681e-19
near7_9_R2p5_g0p16_l0p00_h0p25,"(7, 9)",2.5,0.16,0,0.25,unimodal,0,17,,,0,1,0.198424,0.466123,0.335452,0,0,0.0581691,1.11022e-16,2.66454e-15,4.33681e-19
near7_9_R2p5_g0p16_l0p00_h0p45,"(7, 9)",2.5,0.16,0,0.45,unimodal,0,17,,,0,1,0.194389,0.468476,0.337135,0,0,0.0557021,1.11022e-16,2.66454e-15,4.33681e-19
near7_9_R2p5_g0p16_l0p04_h0p00,"(7, 9)",2.5,0.16,0.04,0,unimodal,0,17,,,0,1,0.222879,0.452015,0.325106,0,0,0.0650417,0,2.88658e-15,4.33681e-19
near7_9_R2p5_g0p16_l0p04_h0p25,"(7, 9)",2.5,0.16,0.04,0.25,unimodal,0,17,,,0,1,0.219031,0.454258,0.326711,0,0,0.0624221,1.11022e-16,3.66374e-15,4.33681e-19
near7_9_R2p5_g0p16_l0p04_h0p45,"(7, 9)",2.5,0.16,0.04,0.45,unimodal,0,17,,,0,1,0.215099,0.456538,0.328362,0,0,0.0599526,1.11022e-16,2.77556e-15,4.33681e-19
near7_9_R2p5_g0p16_l0p08_h0p00,"(7, 9)",2.5,0.16,0.08,0,unimodal,0,16,,,0,1,0.242094,0.440943,0.316963,0,0,0.0689734,0,3.66374e-15,4.33681e-19
near7_9_R2p5_g0p16_l0p08_h0p25,"(7, 9)",2.5,0.16,0.08,0.25,unimodal,0,17,,,0,1,0.238496,0.443031,0.318474,0,0,0.0663637,1.11022e-16,2.22045e-15,4.33681e-19
near7_9_R2p5_g0p16_l0p08_h0p45,"(7, 9)",2.5,0.16,0.08,0.45,unimodal,0,17,,,0,1,0.234712,0.445214,0.320074,0,0,0.0638918,1.11022e-16,2.22045e-15,4.33681e-19
near7_9_R2p5_g0p16_l0p12_h0p00,"(7, 9)",2.5,0.16,0.12,0,unimodal,0,16,,,0,1,0.260249,0.430467,0.309284,0,0,0.0726658,0,2.22045e-15,4.33681e-19
near7_9_R2p5_g0p16_l0p12_h0p25,"(7, 9)",2.5,0.16,0.12,0.25,unimodal,0,17,,,0,1,0.256925,0.432386,0.310689,0,0,0.0700883,1.11022e-16,1.9984e-15,3.96411e-19
near7_9_R2p5_g0p16_l0p12_h0p45,"(7, 9)",2.5,0.16,0.12,0.45,unimodal,0,17,,,0,1,0.253325,0.434453,0.312222,0,0,0.0676079,2.22045e-16,2.22045e-15,4.33681e-19
near7_9_R2p5_g0p20_l0p00_h0p00,"(7, 9)",2.5,0.2,0,0,double_peak,42.0574,15,40,55,0.554101,0.526994,0.174759,0.455707,0.369533,1,0.740794,0.0805357,0,1.18794e-14,4.33681e-19
near7_9_R2p5_g0p20_l0p00_h0p25,"(7, 9)",2.5,0.2,0,0.25,double_peak,43.4388,15,40,56,0.568094,0.5362,0.170479,0.458102,0.371418,1,0.759233,0.0784677,1.11022e-16,1.12133e-14,4.33681e-19
near7_9_R2p5_g0p20_l0p00_h0p45,"(7, 9)",2.5,0.2,0,0.45,double_peak,43.7982,15,39,56,0.582248,0.545049,0.166297,0.460431,0.373271,1,0.764012,0.0761425,2.22045e-16,1.21014e-14,4.33681e-19
near7_9_R2p5_g0p20_l0p04_h0p00,"(7, 9)",2.5,0.2,0.04,0,double_peak,38.5334,15,42,53,0.508713,0.501672,0.192031,0.446108,0.361862,1,0.688138,0.0856357,0,1.15463e-14,4.33681e-19
near7_9_R2p5_g0p20_l0p04_h0p25,"(7, 9)",2.5,0.2,0.04,0.25,double_peak,38.716,15,42,53,0.520432,0.510807,0.18779,0.448466,0.363745,1,0.692384,0.0836518,1.11022e-16,1.19904e-14,4.33681e-19
near7_9_R2p5_g0p20_l0p04_h0p45,"(7, 9)",2.5,0.2,0.04,0.45,double_peak,39.9553,15,42,54,0.532365,0.519636,0.183553,0.45081,0.365637,1,0.713197,0.0813467,2.22045e-16,1.23235e-14,4.33681e-19
near7_9_R2p5_g0p20_l0p08_h0p00,"(7, 9)",2.5,0.2,0.08,0,unimodal,0,15,,,0,1,0.208483,0.436966,0.354551,0,0,0.0902886,0,1.16573e-14,4.33681e-19
near7_9_R2p5_g0p20_l0p08_h0p25,"(7, 9)",2.5,0.2,0.08,0.25,unimodal,0,15,,,0,1,0.204321,0.439267,0.356412,0,0,0.0884118,0,1.07692e-14,4.33681e-19
near7_9_R2p5_g0p20_l0p08_h0p45,"(7, 9)",2.5,0.2,0.08,0.45,double_peak,35.0387,15,46,50,0.494999,0.494452,0.200079,0.441601,0.35832,1,0.616925,0.0861553,1.11022e-16,1.19904e-14,4.33681e-19
near7_9_R2p5_g0p20_l0p12_h0p00,"(7, 9)",2.5,0.2,0.12,0,unimodal,0,15,,,0,1,0.224191,0.428241,0.347568,0,0,0.0945294,0,1.15463e-14,4.33681e-19
near7_9_R2p5_g0p20_l0p12_h0p25,"(7, 9)",2.5,0.2,0.12,0.25,unimodal,0,15,,,0,1,0.220143,0.430467,0.349389,0,0,0.0927698,1.11022e-16,1.13243e-14,4.33681e-19
near7_9_R2p5_g0p20_l0p12_h0p45,"(7, 9)",2.5,0.2,0.12,0.45,unimodal,0,15,,,0,1,0.215938,0.432769,0.351292,0,0,0.0905805,2.22045e-16,1.11022e-14,4.33681e-19
near7_9_R3p5_g0p08_l0p00_h0p00,"(7, 9)",3.5,0.08,0,0,unimodal,0,22,,,0,1,0.302384,0.397546,0.30007,0,0,0.0316708,0,8.88178e-15,2.1684e-19
near7_9_R3p5_g0p08_l0p00_h0p25,"(7, 9)",3.5,0.08,0,0.25,unimodal,0,23,,,0,1,0.296202,0.400808,0.30299,0,0,0.0317319,2.22045e-16,8.77076e-15,2.1684e-19
near7_9_R3p5_g0p08_l0p00_h0p45,"(7, 9)",3.5,0.08,0,0.45,unimodal,0,24,,,0,1,0.289783,0.404173,0.306045,0,0,0.0312244,1.11022e-16,8.54872e-15,2.1684e-19
near7_9_R3p5_g0p08_l0p04_h0p00,"(7, 9)",3.5,0.08,0.04,0,unimodal,0,22,,,0,1,0.347492,0.373929,0.278579,0,0,0.0344116,0,8.99281e-15,4.29869e-19
near7_9_R3p5_g0p08_l0p04_h0p25,"(7, 9)",3.5,0.08,0.04,0.25,unimodal,0,23,,,0,1,0.342898,0.376312,0.28079,0,0,0.0338646,2.22045e-16,9.10383e-15,3.6253e-19
near7_9_R3p5_g0p08_l0p04_h0p45,"(7, 9)",3.5,0.08,0.04,0.45,unimodal,0,24,,,0,1,0.337732,0.378966,0.283302,0,0,0.0334979,1.11022e-16,8.21565e-15,3.74812e-19
near7_9_R3p5_g0p08_l0p08_h0p00,"(7, 9)",3.5,0.08,0.08,0,unimodal,0,22,,,0,1,0.389542,0.351627,0.25883,0,0,0.0370677,0,8.21565e-15,4.12267e-19
near7_9_R3p5_g0p08_l0p08_h0p25,"(7, 9)",3.5,0.08,0.08,0.25,unimodal,0,23,,,0,1,0.386496,0.353146,0.260358,0,0,0.0357742,2.22045e-16,6.88338e-15,3.93023e-19
near7_9_R3p5_g0p08_l0p08_h0p45,"(7, 9)",3.5,0.08,0.08,0.45,unimodal,0,24,,,0,1,0.382603,0.355075,0.262322,0,0,0.0355405,1.11022e-16,8.32667e-15,4.20187e-19
near7_9_R3p5_g0p08_l0p12_h0p00,"(7, 9)",3.5,0.08,0.12,0,unimodal,0,22,,,0,1,0.42841,0.330774,0.240816,0,0,0.0396638,0,7.88258e-15,4.27752e-19
near7_9_R3p5_g0p08_l0p12_h0p25,"(7, 9)",3.5,0.08,0.12,0.25,unimodal,0,23,,,0,1,0.426818,0.331475,0.241707,0,0,0.0375031,2.22045e-16,7.10543e-15,4.00223e-19
near7_9_R3p5_g0p08_l0p12_h0p45,"(7, 9)",3.5,0.08,0.12,0.45,unimodal,0,23,,,0,1,0.424164,0.3327,0.243136,0,0,0.0373928,1.11022e-16,7.21645e-15,4.26905e-19
near7_9_R3p5_g0p12_l0p00_h0p00,"(7, 9)",3.5,0.12,0,0,unimodal,0,19,,,0,1,0.241181,0.454337,0.304482,0,0,0.0444142,0,7.99361e-15,3.40507e-19
near7_9_R3p5_g0p12_l0p00_h0p25,"(7, 9)",3.5,0.12,0,0.25,unimodal,0,20,,,0,1,0.234109,0.458552,0.307339,0,0,0.0401876,2.22045e-16,7.43849e-15,4.09964e-19
near7_9_R3p5_g0p12_l0p00_h0p45,"(7, 9)",3.5,0.12,0,0.45,unimodal,0,20,,,0,1,0.226905,0.462825,0.31027,0,0,0.0384033,1.11022e-16,7.21645e-15,3.95776e-19
near7_9_R3p5_g0p12_l0p04_h0p00,"(7, 9)",3.5,0.12,0.04,0,unimodal,0,19,,,0,1,0.276874,0.433562,0.289563,0,0,0.0486896,2.22045e-16,7.66054e-15,3.62676e-19
near7_9_R3p5_g0p12_l0p04_h0p25,"(7, 9)",3.5,0.12,0.04,0.25,unimodal,0,20,,,0,1,0.270424,0.437369,0.292207,0,0,0.0444499,2.22045e-16,7.21645e-15,4.30293e-19
near7_9_R3p5_g0p12_l0p04_h0p45,"(7, 9)",3.5,0.12,0.04,0.45,unimodal,0,20,,,0,1,0.263534,0.441407,0.295058,0,0,0.041555,1.11022e-16,6.88338e-15,4.22458e-19
near7_9_R3p5_g0p12_l0p08_h0p00,"(7, 9)",3.5,0.12,0.08,0,unimodal,0,19,,,0,1,0.311176,0.413502,0.275322,0,0,0.0528605,0,6.55032e-15,4.06576e-19
near7_9_R3p5_g0p12_l0p08_h0p25,"(7, 9)",3.5,0.12,0.08,0.25,unimodal,0,19,,,0,1,0.305432,0.416851,0.277716,0,0,0.0486509,2.22045e-16,6.99441e-15,3.79471e-19
near7_9_R3p5_g0p12_l0p08_h0p45,"(7, 9)",3.5,0.12,0.08,0.45,unimodal,0,20,,,0,1,0.29897,0.42059,0.28044,0,0,0.0445672,1.11022e-16,5.66214e-15,4.30716e-19
near7_9_R3p5_g0p12_l0p12_h0p00,"(7, 9)",3.5,0.12,0.12,0,unimodal,0,19,,,0,1,0.343918,0.394278,0.261804,0,0,0.0568124,0,7.99361e-15,4.2034e-19
near7_9_R3p5_g0p12_l0p12_h0p25,"(7, 9)",3.5,0.12,0.12,0.25,unimodal,0,19,,,0,1,0.338938,0.397139,0.263922,0,0,0.0526329,2.22045e-16,6.55032e-15,4.06576e-19
near7_9_R3p5_g0p12_l0p12_h0p45,"(7, 9)",3.5,0.12,0.12,0.45,unimodal,0,20,,,0,1,0.332996,0.400528,0.266475,0,0,0.0484964,1.11022e-16,6.88338e-15,4.07423e-19
near7_9_R3p5_g0p16_l0p00_h0p00,"(7, 9)",3.5,0.16,0,0,unimodal,0,17,,,0,1,0.202491,0.463742,0.333767,0,0,0.0607759,0,3.44169e-15,4.33681e-19
near7_9_R3p5_g0p16_l0p00_h0p25,"(7, 9)",3.5,0.16,0,0.25,unimodal,0,17,,,0,1,0.195003,0.468206,0.336791,0,0,0.0564181,2.22045e-16,1.88738e-15,4.33681e-19
near7_9_R3p5_g0p16_l0p00_h0p45,"(7, 9)",3.5,0.16,0,0.45,double_peak,45.1845,18,53,63,0.553371,0.551111,0.187521,0.472644,0.339835,0.999975,0.65041,0.0522093,1.11022e-16,2.88658e-15,4.33681e-19
near7_9_R3p5_g0p16_l0p04_h0p00,"(7, 9)",3.5,0.16,0.04,0,unimodal,0,17,,,0,1,0.231547,0.446932,0.32152,0,0,0.0663331,0,2.33147e-15,4.33681e-19
near7_9_R3p5_g0p16_l0p04_h0p25,"(7, 9)",3.5,0.16,0.04,0.25,unimodal,0,17,,,0,1,0.224126,0.451311,0.324563,0,0,0.0621395,2.22045e-16,1.77636e-15,4.33681e-19
near7_9_R3p5_g0p16_l0p04_h0p45,"(7, 9)",3.5,0.16,0.04,0.45,unimodal,0,18,,,0,1,0.21646,0.455805,0.327734,0,0,0.0579061,1.11022e-16,2.10942e-15,4.33681e-19
near7_9_R3p5_g0p16_l0p08_h0p00,"(7, 9)",3.5,0.16,0.08,0,unimodal,0,16,,,0,1,0.259941,0.430468,0.309591,0,0,0.0716277,0,1.88738e-15,4.33681e-19
near7_9_R3p5_g0p16_l0p08_h0p25,"(7, 9)",3.5,0.16,0.08,0.25,unimodal,0,17,,,0,1,0.252679,0.434708,0.312613,0,0,0.0676007,2.22045e-16,1.33227e-15,4.33681e-19
near7_9_R3p5_g0p16_l0p08_h0p45,"(7, 9)",3.5,0.16,0.08,0.45,unimodal,0,17,,,0,1,0.24493,0.4392,0.31587,0,0,0.0633774,1.11022e-16,1.9984e-15,4.33681e-19
near7_9_R3p5_g0p16_l0p12_h0p00,"(7, 9)",3.5,0.16,0.12,0,unimodal,0,16,,,0,1,0.28754,0.414437,0.298023,0,0,0.0767106,0,2.33147e-15,4.30293e-19
near7_9_R3p5_g0p16_l0p12_h0p25,"(7, 9)",3.5,0.16,0.12,0.25,unimodal,0,17,,,0,1,0.280522,0.418492,0.300987,0,0,0.0728358,2.22045e-16,1.9984e-15,4.33681e-19
near7_9_R3p5_g0p16_l0p12_h0p45,"(7, 9)",3.5,0.16,0.12,0.45,unimodal,0,17,,,0,1,0.27279,0.422926,0.304284,0,0,0.0686533,1.11022e-16,2.44249e-15,4.33681e-19
near7_9_R3p5_g0p20_l0p00_h0p00,"(7, 9)",3.5,0.2,0,0,double_peak,42.0574,15,40,55,0.554101,0.526994,0.174759,0.455707,0.369533,1,0.740794,0.0805357,0,1.18794e-14,4.33681e-19
near7_9_R3p5_g0p20_l0p00_h0p25,"(7, 9)",3.5,0.2,0,0.25,double_peak,43.8088,15,39,56,0.578745,0.541639,0.167086,0.46014,0.372774,1,0.764218,0.0769016,2.22045e-16,1.18794e-14,4.33681e-19
near7_9_R3p5_g0p20_l0p00_h0p45,"(7, 9)",3.5,0.2,0,0.45,double_peak,44.6273,16,39,57,0.604649,0.555503,0.159561,0.46446,0.375979,0.999989,0.786412,0.0726193,1.11022e-16,1.23235e-14,4.33681e-19
near7_9_R3p5_g0p20_l0p04_h0p00,"(7, 9)",3.5,0.2,0.04,0,double_peak,36.1632,15,44,51,0.495159,0.492925,0.198988,0.442145,0.358867,1,0.640316,0.0872568,0,1.11022e-14,4.33681e-19
near7_9_R3p5_g0p20_l0p04_h0p25,"(7, 9)",3.5,0.2,0.04,0.25,double_peak,38.4947,15,43,53,0.513321,0.506725,0.191069,0.446662,0.362268,1,0.686471,0.0839533,2.22045e-16,1.11022e-14,4.33681e-19
near7_9_R3p5_g0p20_l0p04_h0p45,"(7, 9)",3.5,0.2,0.04,0.45,double_peak,39.9676,15,42,54,0.533029,0.520125,0.183105,0.451175,0.36572,1,0.712944,0.0798058,0,1.19904e-14,4.33681e-19
near7_9_R3p5_g0p20_l0p08_h0p00,"(7, 9)",3.5,0.2,0.08,0,unimodal,0,15,,,0,1,0.222905,0.428745,0.34835,0,0,0.0934771,0,1.14353e-14,4.33681e-19
near7_9_R3p5_g0p20_l0p08_h0p25,"(7, 9)",3.5,0.2,0.08,0.25,unimodal,0,15,,,0,1,0.214817,0.433306,0.351877,0,0,0.0905691,2.22045e-16,1.06581e-14,4.33681e-19
near7_9_R3p5_g0p20_l0p08_h0p45,"(7, 9)",3.5,0.2,0.08,0.45,unimodal,0,15,,,0,1,0.206489,0.437968,0.355543,0,0,0.0866145,1.11022e-16,1.07692e-14,4.33681e-19
near7_9_R3p5_g0p20_l0p12_h0p00,"(7, 9)",3.5,0.2,0.12,0,unimodal,0,15,,,0,1,0.246412,0.415571,0.338017,0,0,0.0992936,0,1.11022e-14,8.65879e-19
near7_9_R3p5_g0p20_l0p12_h0p25,"(7, 9)",3.5,0.2,0.12,0.25,unimodal,0,15,,,0,1,0.238232,0.420134,0.341634,0,0,0.0968025,2.22045e-16,1.03251e-14,6.66112e-19
near7_9_R3p5_g0p20_l0p12_h0p45,"(7, 9)",3.5,0.2,0.12,0.45,unimodal,0,15,,,0,1,0.229621,0.424904,0.345476,0,0,0.0930915,1.11022e-16,1.09912e-14,7.13361e-19
near7_9_R4p5_g0p08_l0p00_h0p00,"(7, 9)",4.5,0.08,0,0,unimodal,0,22,,,0,1,0.302384,0.397546,0.30007,0,0,0.0316708,0,8.88178e-15,2.1684e-19
near7_9_R4p5_g0p08_l0p00_h0p25,"(7, 9)",4.5,0.08,0,0.25,unimodal,0,23,,,0,1,0.292685,0.402598,0.304718,0,0,0.0316487,2.22045e-16,8.32667e-15,2.1684e-19
near7_9_R4p5_g0p08_l0p00_h0p45,"(7, 9)",4.5,0.08,0,0.45,unimodal,0,25,,,0,1,0.282629,0.407802,0.30957,0,0,0.030576,2.22045e-16,8.88178e-15,2.1684e-19
near7_9_R4p5_g0p08_l0p04_h0p00,"(7, 9)",4.5,0.08,0.04,0,unimodal,0,22,,,0,1,0.37023,0.36199,0.26778,0,0,0.0363334,0,9.88098e-15,4.33681e-19
near7_9_R4p5_g0p08_l0p04_h0p25,"(7, 9)",4.5,0.08,0.04,0.25,unimodal,0,23,,,0,1,0.361894,0.366099,0.272007,0,0,0.0350546,2.22045e-16,7.88258e-15,4.13352e-19
near7_9_R4p5_g0p08_l0p04_h0p45,"(7, 9)",4.5,0.08,0.04,0.45,unimodal,0,24,,,0,1,0.352623,0.37063,0.276747,0,0,0.0343981,2.22045e-16,7.88258e-15,4.10381e-19
near7_9_R4p5_g0p08_l0p08_h0p00,"(7, 9)",4.5,0.08,0.08,0,unimodal,0,21,,,0,1,0.436512,0.326487,0.237001,0,0,0.0409454,0,7.99361e-15,4.28599e-19
near7_9_R4p5_g0p08_l0p08_h0p25,"(7, 9)",4.5,0.08,0.08,0.25,unimodal,0,23,,,0,1,0.429978,0.329429,0.240594,0,0,0.0380561,2.22045e-16,6.99441e-15,4.26905e-19
near7_9_R4p5_g0p08_l0p08_h0p45,"(7, 9)",4.5,0.08,0.08,0.45,unimodal,0,24,,,0,1,0.422008,0.333027,0.244965,0,0,0.0378378,2.22045e-16,7.88258e-15,4.31631e-19
near7_9_R4p5_g0p08_l0p12_h0p00,"(7, 9)",4.5,0.08,0.12,0,unimodal,0,21,,,0,1,0.499506,0.292193,0.208301,0,0,0.0455888,0,7.32747e-15,4.31563e-19
near7_9_R4p5_g0p08_l0p12_h0p25,"(7, 9)",4.5,0.08,0.12,0.25,unimodal,0,22,,,0,1,0.495002,0.293891,0.211107,0,0,0.0407121,2.22045e-16,6.99441e-15,4.24999e-19
near7_9_R4p5_g0p08_l0p12_h0p45,"(7, 9)",4.5,0.08,0.12,0.45,unimodal,0,23,,,0,1,0.488677,0.296432,0.214891,0,0,0.0409737,2.22045e-16,6.77236e-15,4.1997e-19
near7_9_R4p5_g0p12_l0p00_h0p00,"(7, 9)",4.5,0.12,0,0,unimodal,0,19,,,0,1,0.241181,0.454337,0.304482,0,0,0.0444142,0,7.99361e-15,3.40507e-19
near7_9_R4p5_g0p12_l0p00_h0p25,"(7, 9)",4.5,0.12,0,0.25,unimodal,0,20,,,0,1,0.230555,0.460733,0.308712,0,0,0.0385009,2.22045e-16,6.77236e-15,4.3114e-19
near7_9_R4p5_g0p12_l0p00_h0p45,"(7, 9)",4.5,0.12,0,0.45,unimodal,0,21,,,0,1,0.219813,0.467172,0.313015,0,0,0.0385027,2.22045e-16,6.43929e-15,4.21434e-19
near7_9_R4p5_g0p12_l0p04_h0p00,"(7, 9)",4.5,0.12,0.04,0,unimodal,0,19,,,0,1,0.292893,0.42431,0.282797,0,0,0.0515739,2.22045e-16,6.88338e-15,4.20128e-19
near7_9_R4p5_g0p12_l0p04_h0p25,"(7, 9)",4.5,0.12,0.04,0.25,unimodal,0,20,,,0,1,0.282112,0.430637,0.287251,0,0,0.0454699,2.22045e-16,6.99441e-15,4.33681e-19
near7_9_R4p5_g0p12_l0p04_h0p45,"(7, 9)",4.5,0.12,0.04,0.45,unimodal,0,21,,,0,1,0.27072,0.437281,0.291999,0,0,0.0436925,2.22045e-16,6.21725e-15,4.07846e-19
near7_9_R4p5_g0p12_l0p08_h0p00,"(7, 9)",4.5,0.12,0.08,0,unimodal,0,18,,,0,1,0.345059,0.393678,0.261263,0,0,0.0586044,2.22045e-16,6.66134e-15,4.33681e-19
near7_9_R4p5_g0p12_l0p08_h0p25,"(7, 9)",4.5,0.12,0.08,0.25,unimodal,0,19,,,0,1,0.334503,0.399698,0.265799,0,0,0.0524906,2.22045e-16,4.996e-15,4.26905e-19
near7_9_R4p5_g0p12_l0p08_h0p45,"(7, 9)",4.5,0.12,0.08,0.45,unimodal,0,20,,,0,1,0.322836,0.406305,0.270859,0,0,0.0484382,2.22045e-16,5.9952e-15,4.31388e-19
near7_9_R4p5_g0p12_l0p12_h0p00,"(7, 9)",4.5,0.12,0.12,0,unimodal,0,18,,,0,1,0.396782,0.363097,0.240121,0,0,0.0653312,0,5.9952e-15,7.81044e-19
near7_9_R4p5_g0p12_l0p12_h0p25,"(7, 9)",4.5,0.12,0.12,0.25,unimodal,0,19,,,0,1,0.386809,0.368609,0.244582,0,0,0.0593864,2.22045e-16,5.44009e-15,4.33583e-19
near7_9_R4p5_g0p12_l0p12_h0p45,"(7, 9)",4.5,0.12,0.12,0.45,unimodal,0,20,,,0,1,0.375254,0.374961,0.249785,0,0,0.0532076,2.22045e-16,5.32907e-15,4.33681e-19
near7_9_R4p5_g0p16_l0p00_h0p00,"(7, 9)",4.5,0.16,0,0,unimodal,0,17,,,0,1,0.202491,0.463742,0.333767,0,0,0.0607759,0,3.44169e-15,4.33681e-19
near7_9_R4p5_g0p16_l0p00_h0p25,"(7, 9)",4.5,0.16,0,0.25,double_peak,44.0831,17,54,61,0.543112,0.542089,0.191552,0.47043,0.338018,0.999994,0.616722,0.0546425,2.22045e-16,1.44329e-15,4.33681e-19
near7_9_R4p5_g0p16_l0p00_h0p45,"(7, 9)",4.5,0.16,0,0.45,double_peak,48.6709,18,51,66,0.568691,0.560852,0.180729,0.477016,0.342254,0.999978,0.701483,0.0485773,2.22045e-16,1.66533e-15,4.33681e-19
near7_9_R4p5_g0p16_l0p04_h0p00,"(7, 9)",4.5,0.16,0.04,0,unimodal,0,16,,,0,1,0.243504,0.440215,0.316282,0,0,0.0698518,0,2.66454e-15,4.33681e-19
near7_9_R4p5_g0p16_l0p04_h0p25,"(7, 9)",4.5,0.16,0.04,0.25,unimodal,0,17,,,0,1,0.231703,0.447278,0.321019,0,0,0.0638566,2.22045e-16,2.9976e-15,4.33681e-19
near7_9_R4p5_g0p16_l0p04_h0p45,"(7, 9)",4.5,0.16,0.04,0.45,unimodal,0,18,,,0,1,0.219655,0.454445,0.3259,0,0,0.0575916,2.22045e-16,1.55431e-15,4.33681e-19
near7_9_R4p5_g0p16_l0p08_h0p00,"(7, 9)",4.5,0.16,0.08,0,unimodal,0,16,,,0,1,0.285324,0.415972,0.298704,0,0,0.0787173,0,1.77636e-15,4.8865e-19
near7_9_R4p5_g0p16_l0p08_h0p25,"(7, 9)",4.5,0.16,0.08,0.25,unimodal,0,17,,,0,1,0.272902,0.423247,0.303851,0,0,0.0730031,2.22045e-16,9.99201e-16,4.19065e-19
near7_9_R4p5_g0p16_l0p08_h0p45,"(7, 9)",4.5,0.16,0.08,0.45,unimodal,0,17,,,0,1,0.259839,0.430844,0.309317,0,0,0.0667231,2.22045e-16,1.66533e-15,4.33681e-19
near7_9_R4p5_g0p16_l0p12_h0p00,"(7, 9)",4.5,0.16,0.12,0,unimodal,0,15,,,0,1,0.327483,0.391383,0.281134,0,0,0.0873358,0,2.77556e-15,5.70371e-19
near7_9_R4p5_g0p16_l0p12_h0p25,"(7, 9)",4.5,0.16,0.12,0.25,unimodal,0,16,,,0,1,0.314696,0.398713,0.286591,0,0,0.0822964,2.22045e-16,2.66454e-15,8.61856e-19
near7_9_R4p5_g0p16_l0p12_h0p45,"(7, 9)",4.5,0.16,0.12,0.45,unimodal,0,17,,,0,1,0.300859,0.406589,0.292552,0,0,0.0758518,2.22045e-16,1.27676e-15,8.54233e-19
near7_9_R4p5_g0p20_l0p00_h0p00,"(7, 9)",4.5,0.2,0,0,double_peak,42.0574,15,40,55,0.554101,0.526994,0.174759,0.455707,0.369533,1,0.740794,0.0805357,0,1.18794e-14,4.33681e-19
near7_9_R4p5_g0p20_l0p00_h0p25,"(7, 9)",4.5,0.2,0,0.25,double_peak,45.3714,15,39,57,0.590449,0.546575,0.163751,0.462335,0.373914,1,0.782507,0.0751984,2.22045e-16,1.21014e-14,4.33681e-19
near7_9_R4p5_g0p20_l0p00_h0p45,"(7, 9)",4.5,0.2,0,0.45,double_peak,46.7887,16,39,58,0.628612,0.564275,0.153069,0.468727,0.378204,0.999991,0.80873,0.0687409,2.22045e-16,1.08802e-14,4.33681e-19
near7_9_R4p5_g0p20_l0p04_h0p00,"(7, 9)",4.5,0.2,0.04,0,unimodal,0,15,,,0,1,0.208374,0.43722,0.354407,0,0,0.0910162,0,1.11022e-14,4.33681e-19
near7_9_R4p5_g0p20_l0p04_h0p25,"(7, 9)",4.5,0.2,0.04,0.25,double_peak,38.3688,15,44,53,0.494878,0.490121,0.196192,0.44439,0.359418,1,0.683997,0.086465,2.22045e-16,1.03251e-14,4.33681e-19
near7_9_R4p5_g0p20_l0p04_h0p45,"(7, 9)",4.5,0.2,0.04,0.45,double_peak,40.1584,16,42,55,0.521094,0.506063,0.184082,0.451466,0.364452,0.999993,0.733308,0.0801384,2.22045e-16,1.08802e-14,4.33681e-19
near7_9_R4p5_g0p20_l0p08_h0p00,"(7, 9)",4.5,0.2,0.08,0,unimodal,0,13,,,0,1,0.242778,0.418065,0.339157,0,0,0.100783,0,1.12133e-14,5.09596e-19
near7_9_R4p5_g0p20_l0p08_h0p25,"(7, 9)",4.5,0.2,0.08,0.25,unimodal,0,15,,,0,1,0.229575,0.425667,0.344758,0,0,0.097385,2.22045e-16,1.08802e-14,8.24163e-19
near7_9_R4p5_g0p20_l0p08_h0p45,"(7, 9)",4.5,0.2,0.08,0.45,unimodal,0,15,,,0,1,0.21616,0.433332,0.350508,0,0,0.0914727,2.22045e-16,1.05471e-14,4.33681e-19
near7_9_R4p5_g0p20_l0p12_h0p00,"(7, 9)",4.5,0.2,0.12,0,double_peak,6.52886,7,8,13,0.472408,0.434141,0.277685,0.39849,0.323825,1,0,0.109832,0,1.06581e-14,6.03723e-19
near7_9_R4p5_g0p20_l0p12_h0p25,"(7, 9)",4.5,0.2,0.12,0.25,unimodal,0,15,,,0,1,0.263628,0.406418,0.329954,0,0,0.107864,2.22045e-16,1.08802e-14,7.30989e-19
near7_9_R4p5_g0p20_l0p12_h0p45,"(7, 9)",4.5,0.2,0.12,0.45,unimodal,0,15,,,0,1,0.249051,0.414577,0.336372,0,0,0.102698,2.22045e-16,1.02141e-14,8.18115e-19
near5_3_R2p5_g0p08_l0p00_h0p00,"(5, 3)",2.5,0.08,0,0,unimodal,0,12,,,0,1,0.284484,0.408046,0.30747,0,0,0.0461,0,8.65974e-15,4.14869e-19
near5_3_R2p5_g0p08_l0p00_h0p25,"(5, 3)",2.5,0.08,0,0.25,unimodal,0,13,,,0,1,0.280785,0.409987,0.309229,0,0,0.0485157,1.11022e-16,9.21485e-15,3.74933e-19
near5_3_R2p5_g0p08_l0p00_h0p45,"(5, 3)",2.5,0.08,0,0.45,unimodal,0,14,,,0,1,0.277041,0.411944,0.311015,0,0,0.0498633,2.22045e-16,9.54792e-15,3.73442e-19
near5_3_R2p5_g0p08_l0p04_h0p00,"(5, 3)",2.5,0.08,0.04,0,unimodal,0,12,,,0,1,0.315932,0.391562,0.292506,0,0,0.0479691,0,8.99281e-15,4.06576e-19
near5_3_R2p5_g0p08_l0p04_h0p25,"(5, 3)",2.5,0.08,0.04,0.25,unimodal,0,13,,,0,1,0.313189,0.392994,0.293817,0,0,0.0508215,1.11022e-16,8.88178e-15,4.00647e-19
near5_3_R2p5_g0p08_l0p04_h0p45,"(5, 3)",2.5,0.08,0.04,0.45,unimodal,0,13,,,0,1,0.310232,0.39453,0.295238,0,0,0.0524204,2.22045e-16,8.43769e-15,4.15417e-19
near5_3_R2p5_g0p08_l0p08_h0p00,"(5, 3)",2.5,0.08,0.08,0,unimodal,0,12,,,0,1,0.344548,0.376399,0.279054,0,0,0.0493716,0,8.32667e-15,3.86035e-19
near5_3_R2p5_g0p08_l0p08_h0p25,"(5, 3)",2.5,0.08,0.08,0.25,unimodal,0,13,,,0,1,0.342686,0.377353,0.279961,0,0,0.0526173,1.11022e-16,8.10463e-15,4.23516e-19
near5_3_R2p5_g0p08_l0p08_h0p45,"(5, 3)",2.5,0.08,0.08,0.45,unimodal,0,13,,,0,1,0.340477,0.378483,0.28104,0,0,0.0544332,1.11022e-16,8.32667e-15,4.06893e-19
near5_3_R2p5_g0p08_l0p12_h0p00,"(5, 3)",2.5,0.08,0.12,0,unimodal,0,12,,,0,1,0.370678,0.362422,0.2669,0,0,0.0504028,0,9.10383e-15,4.11446e-19
near5_3_R2p5_g0p08_l0p12_h0p25,"(5, 3)",2.5,0.08,0.12,0.25,unimodal,0,12,,,0,1,0.369626,0.362933,0.267441,0,0,0.0540138,1.11022e-16,7.54952e-15,4.21822e-19
near5_3_R2p5_g0p08_l0p12_h0p45,"(5, 3)",2.5,0.08,0.12,0.45,unimodal,0,13,,,0,1,0.368118,0.363678,0.268204,0,0,0.0560219,2.22045e-16,8.65974e-15,4.09964e-19
near5_3_R2p5_g0p12_l0p00_h0p00,"(5, 3)",2.5,0.12,0,0,double_peak,87.7889,11,62,95,0.329368,0.315153,0.217037,0.46895,0.314013,1,0.807717,0.0447448,0,7.43849e-15,3.39184e-19
near5_3_R2p5_g0p12_l0p00_h0p25,"(5, 3)",2.5,0.12,0,0.25,double_peak,88.3141,12,61,96,0.343212,0.326447,0.212572,0.471564,0.315864,1,0.816248,0.0484354,1.11022e-16,6.88338e-15,4.32834e-19
near5_3_R2p5_g0p12_l0p00_h0p45,"(5, 3)",2.5,0.12,0,0.45,double_peak,89.9423,12,61,97,0.356595,0.337,0.208119,0.474163,0.317718,1,0.824518,0.0505773,2.22045e-16,7.10543e-15,3.66765e-19
near5_3_R2p5_g0p12_l0p04_h0p00,"(5, 3)",2.5,0.12,0.04,0,double_peak,76.425,11,70,87,0.289273,0.287664,0.242445,0.454206,0.303348,1,0.73558,0.0465871,2.22045e-16,7.99361e-15,4.02341e-19
near5_3_R2p5_g0p12_l0p04_h0p25,"(5, 3)",2.5,0.12,0.04,0.25,double_peak,76.6037,12,69,88,0.300661,0.298291,0.238483,0.456519,0.304998,1,0.74567,0.0509041,1.11022e-16,7.99361e-15,4.24364e-19
near5_3_R2p5_g0p12_l0p04_h0p45,"(5, 3)",2.5,0.12,0.04,0.45,double_peak,77.8324,12,68,89,0.311039,0.307713,0.234381,0.458904,0.306715,1,0.755608,0.053533,2.22045e-16,7.54952e-15,3.63377e-19
near5_3_R2p5_g0p12_l0p08_h0p00,"(5, 3)",2.5,0.12,0.08,0,unimodal,0,11,,,0,1,0.266161,0.440396,0.293443,0,0,0.049879,2.22045e-16,6.99441e-15,4.15893e-19
near5_3_R2p5_g0p12_l0p08_h0p25,"(5, 3)",2.5,0.12,0.08,0.25,unimodal,0,11,,,0,1,0.262711,0.442401,0.294888,0,0,0.0527449,1.11022e-16,7.77156e-15,4.20975e-19
near5_3_R2p5_g0p12_l0p08_h0p45,"(5, 3)",2.5,0.12,0.08,0.45,unimodal,0,12,,,0,1,0.258993,0.444552,0.296455,0,0,0.0558189,2.22045e-16,8.10463e-15,3.59142e-19
near5_3_R2p5_g0p12_l0p12_h0p00,"(5, 3)",2.5,0.12,0.12,0,unimodal,0,11,,,0,1,0.288348,0.427436,0.284216,0,0,0.0535964,0,7.66054e-15,3.99376e-19
near5_3_R2p5_g0p12_l0p12_h0p25,"(5, 3)",2.5,0.12,0.12,0.25,unimodal,0,11,,,0,1,0.285412,0.429132,0.285456,0,0,0.0540689,1.11022e-16,6.88338e-15,4.13352e-19
near5_3_R2p5_g0p12_l0p12_h0p45,"(5, 3)",2.5,0.12,0.12,0.45,unimodal,0,12,,,0,1,0.2821,0.431038,0.286863,0,0,0.0575557,2.22045e-16,7.43849e-15,4.29161e-19
near5_3_R2p5_g0p16_l0p00_h0p00,"(5, 3)",2.5,0.16,0,0,double_peak,76.5498,11,43,75,0.391075,0.326961,0.174123,0.480198,0.345679,1,0.87032,0.0519225,0,1.88738e-15,4.33681e-19
near5_3_R2p5_g0p16_l0p00_h0p25,"(5, 3)",2.5,0.16,0,0.25,double_peak,77.3485,11,43,75,0.408094,0.337667,0.169282,0.482992,0.347727,1,0.873453,0.0478511,1.11022e-16,2.88658e-15,4.33681e-19
near5_3_R2p5_g0p16_l0p00_h0p45,"(5, 3)",2.5,0.16,0,0.45,double_peak,79.4275,11,43,76,0.426247,0.348822,0.164532,0.485724,0.349744,1,0.881846,0.0511234,1.11022e-16,2.66454e-15,3.78711e-19
near5_3_R2p5_g0p16_l0p04_h0p00,"(5, 3)",2.5,0.16,0.04,0,double_peak,71.7969,9,45,73,0.342383,0.305201,0.195027,0.468179,0.336795,1,0.844506,0.0572921,0,3.21965e-15,4.33681e-19
near5_3_R2p5_g0p16_l0p04_h0p25,"(5, 3)",2.5,0.16,0.04,0.25,double_peak,71.1845,11,45,74,0.356816,0.31579,0.190388,0.470845,0.338767,1,0.853796,0.0522207,1.11022e-16,2.66454e-15,4.33681e-19
near5_3_R2p5_g0p16_l0p04_h0p45,"(5, 3)",2.5,0.16,0.04,0.45,double_peak,71.7648,11,45,74,0.371328,0.325976,0.185714,0.473522,0.340765,1,0.856489,0.05362,1.11022e-16,2.88658e-15,4.33681e-19
near5_3_R2p5_g0p16_l0p08_h0p00,"(5, 3)",2.5,0.16,0.08,0,double_peak,66.2571,9,48,71,0.304134,0.284593,0.214838,0.456776,0.328385,1,0.816118,0.0623269,0,1.9984e-15,4.33681e-19
near5_3_R2p5_g0p16_l0p08_h0p25,"(5, 3)",2.5,0.16,0.08,0.25,double_peak,64.411,11,48,71,0.318396,0.296591,0.21044,0.459294,0.330266,1,0.818201,0.0568846,1.11022e-16,2.66454e-15,4.33681e-19
near5_3_R2p5_g0p16_l0p08_h0p45,"(5, 3)",2.5,0.16,0.08,0.45,double_peak,65.8435,11,48,72,0.330443,0.306135,0.205893,0.461887,0.33222,1,0.8283,0.0553715,1.11022e-16,1.77636e-15,4.31987e-19
near5_3_R2p5_g0p16_l0p12_h0p00,"(5, 3)",2.5,0.16,0.12,0,double_peak,60.8409,9,50,68,0.274203,0.265906,0.233651,0.44594,0.320409,1,0.774976,0.0670928,0,1.55431e-15,4.33681e-19
near5_3_R2p5_g0p16_l0p12_h0p25,"(5, 3)",2.5,0.16,0.12,0.25,double_peak,59.9601,11,50,69,0.288716,0.279278,0.229523,0.448293,0.322184,1,0.786162,0.0613819,1.11022e-16,3.10862e-15,4.33681e-19
near5_3_R2p5_g0p16_l0p12_h0p45,"(5, 3)",2.5,0.16,0.12,0.45,double_peak,60.1595,11,50,69,0.299051,0.288316,0.225148,0.450778,0.324074,1,0.787637,0.0568817,2.22045e-16,2.10942e-15,4.33681e-19
near5_3_R2p5_g0p20_l0p00_h0p00,"(5, 3)",2.5,0.2,0,0,double_peak,75.985,9,34,62,0.460742,0.321371,0.143629,0.472567,0.383805,1,0.912212,0.0666156,0,1.23235e-14,4.33681e-19
near5_3_R2p5_g0p20_l0p00_h0p25,"(5, 3)",2.5,0.2,0,0.25,double_peak,77.118,9,34,62,0.493829,0.339388,0.138663,0.4753,0.386037,1,0.914973,0.0615978,1.11022e-16,1.24345e-14,4.33681e-19
near5_3_R2p5_g0p20_l0p00_h0p45,"(5, 3)",2.5,0.2,0,0.45,double_peak,78.3224,10,34,63,0.523784,0.35444,0.133868,0.47793,0.388202,1,0.922464,0.0572431,2.22045e-16,1.24345e-14,4.33681e-19
near5_3_R2p5_g0p20_l0p04_h0p00,"(5, 3)",2.5,0.2,0.04,0,double_peak,69.1137,9,35,61,0.400403,0.301256,0.161107,0.462878,0.376015,1,0.896729,0.0729246,0,1.18794e-14,4.33681e-19
near5_3_R2p5_g0p20_l0p04_h0p25,"(5, 3)",2.5,0.2,0.04,0.25,double_peak,71.2716,9,35,62,0.428655,0.318763,0.156151,0.465592,0.378258,1,0.905165,0.0675631,1.11022e-16,1.25455e-14,4.33681e-19
near5_3_R2p5_g0p20_l0p04_h0p45,"(5, 3)",2.5,0.2,0.04,0.45,double_peak,72.1933,9,35,62,0.454992,0.334028,0.151264,0.468258,0.380478,1,0.907616,0.0629043,2.22045e-16,1.32117e-14,4.33681e-19
near5_3_R2p5_g0p20_l0p08_h0p00,"(5, 3)",2.5,0.2,0.08,0,double_peak,64.9118,9,36,61,0.353883,0.283491,0.177839,0.453612,0.368549,1,0.887109,0.0788681,0,1.18794e-14,4.33681e-19
near5_3_R2p5_g0p20_l0p08_h0p25,"(5, 3)",2.5,0.2,0.08,0.25,double_peak,65.5035,9,36,61,0.379135,0.300977,0.172937,0.456283,0.37078,1,0.889248,0.0731938,0,1.22125e-14,4.33681e-19
near5_3_R2p5_g0p20_l0p08_h0p45,"(5, 3)",2.5,0.2,0.08,0.45,double_peak,66.1831,9,36,61,0.401746,0.315651,0.168012,0.458958,0.37303,1,0.89144,0.0682612,1.11022e-16,1.19904e-14,4.33681e-19
near5_3_R2p5_g0p20_l0p12_h0p00,"(5, 3)",2.5,0.2,0.12,0,double_peak,60.4205,9,37,60,0.316712,0.267332,0.193885,0.444733,0.361382,1,0.870357,0.0845659,0,1.09912e-14,4.33681e-19
near5_3_R2p5_g0p20_l0p12_h0p25,"(5, 3)",2.5,0.2,0.12,0.25,double_peak,60.8211,9,37,60,0.340087,0.285172,0.189078,0.447341,0.363581,1,0.872034,0.0785894,1.11022e-16,1.16573e-14,4.33681e-19
near5_3_R2p5_g0p20_l0p12_h0p45,"(5, 3)",2.5,0.2,0.12,0.45,double_peak,61.3114,9,37,60,0.360163,0.299591,0.184162,0.45,0.365838,1,0.873829,0.0734031,2.22045e-16,1.14353e-14,4.33681e-19
near5_3_R3p5_g0p08_l0p00_h0p00,"(5, 3)",3.5,0.08,0,0,unimodal,0,12,,,0,1,0.284484,0.408046,0.30747,0,0,0.0461,0,8.65974e-15,4.14869e-19
near5_3_R3p5_g0p08_l0p00_h0p25,"(5, 3)",3.5,0.08,0,0.25,unimodal,0,13,,,0,1,0.277024,0.411881,0.311095,0,0,0.0495234,2.22045e-16,7.99361e-15,4.30187e-19
near5_3_R3p5_g0p08_l0p00_h0p45,"(5, 3)",3.5,0.08,0,0.45,double_peak,124.366,14,110,138,0.329562,0.328593,0.26933,0.415821,0.314849,1,0.76321,0.0504876,1.11022e-16,8.99281e-15,3.47305e-19
near5_3_R3p5_g0p08_l0p04_h0p00,"(5, 3)",3.5,0.08,0.04,0,unimodal,0,12,,,0,1,0.333726,0.381835,0.284439,0,0,0.0482626,0,8.43769e-15,4.28281e-19
near5_3_R3p5_g0p08_l0p04_h0p25,"(5, 3)",3.5,0.08,0.04,0.25,unimodal,0,13,,,0,1,0.327958,0.384737,0.287305,0,0,0.0525964,2.22045e-16,8.88178e-15,4.15e-19
near5_3_R3p5_g0p08_l0p04_h0p45,"(5, 3)",3.5,0.08,0.04,0.45,unimodal,0,14,,,0,1,0.321582,0.387934,0.290485,0,0,0.0543642,1.11022e-16,7.77156e-15,4.28175e-19
near5_3_R3p5_g0p08_l0p08_h0p00,"(5, 3)",3.5,0.08,0.08,0,unimodal,0,12,,,0,1,0.380333,0.356786,0.262881,0,0,0.0497888,0,7.66054e-15,4.33681e-19
near5_3_R3p5_g0p08_l0p08_h0p25,"(5, 3)",3.5,0.08,0.08,0.25,unimodal,0,13,,,0,1,0.376289,0.358735,0.264977,0,0,0.0550229,2.22045e-16,7.10543e-15,4.12853e-19
near5_3_R3p5_g0p08_l0p08_h0p45,"(5, 3)",3.5,0.08,0.08,0.45,unimodal,0,14,,,0,1,0.371324,0.361139,0.267538,0,0,0.0575557,1.11022e-16,7.88258e-15,3.50248e-19
near5_3_R3p5_g0p08_l0p12_h0p00,"(5, 3)",3.5,0.08,0.12,0,unimodal,0,12,,,0,1,0.423939,0.333137,0.242924,0,0,0.050756,0,7.43849e-15,5.92226e-19
near5_3_R3p5_g0p08_l0p12_h0p25,"(5, 3)",3.5,0.08,0.12,0.25,unimodal,0,13,,,0,1,0.421561,0.334162,0.244278,0,0,0.057013,2.22045e-16,6.55032e-15,4.62188e-19
near5_3_R3p5_g0p08_l0p12_h0p45,"(5, 3)",3.5,0.08,0.12,0.45,unimodal,0,14,,,0,1,0.418013,0.335773,0.246213,0,0,0.0601723,1.11022e-16,7.88258e-15,7.83253e-19
near5_3_R3p5_g0p12_l0p00_h0p00,"(5, 3)",3.5,0.12,0,0,double_peak,87.7889,11,62,95,0.329368,0.315153,0.217037,0.46895,0.314013,1,0.807717,0.0447448,0,7.43849e-15,3.39184e-19
near5_3_R3p5_g0p12_l0p00_h0p25,"(5, 3)",3.5,0.12,0,0.25,double_peak,90.0931,12,61,97,0.354131,0.334111,0.20843,0.473996,0.317574,1,0.824945,0.0500646,2.22045e-16,7.66054e-15,4.06811e-19
near5_3_R3p5_g0p12_l0p00_h0p45,"(5, 3)",3.5,0.12,0,0.45,double_peak,93.6827,13,60,100,0.379954,0.352851,0.199746,0.479068,0.321186,1,0.845769,0.0520252,1.11022e-16,6.66134e-15,3.77777e-19
near5_3_R3p5_g0p12_l0p04_h0p00,"(5, 3)",3.5,0.12,0.04,0,unimodal,0,11,,,0,1,0.256266,0.445968,0.297766,0,0,0.0472084,2.22045e-16,8.21565e-15,4.23516e-19
near5_3_R3p5_g0p12_l0p04_h0p25,"(5, 3)",3.5,0.12,0.04,0.25,unimodal,0,12,,,0,1,0.248269,0.450613,0.301118,0,0,0.0540004,2.22045e-16,6.10623e-15,3.27087e-19
near5_3_R3p5_g0p12_l0p04_h0p45,"(5, 3)",3.5,0.12,0.04,0.45,double_peak,74.2778,13,72,87,0.311949,0.310783,0.239844,0.455482,0.304674,1,0.731253,0.0571108,1.11022e-16,6.77236e-15,4.25062e-19
near5_3_R3p5_g0p12_l0p08_h0p00,"(5, 3)",3.5,0.12,0.08,0,unimodal,0,11,,,0,1,0.294611,0.423442,0.281947,0,0,0.0525808,0,7.88258e-15,4.10387e-19
near5_3_R3p5_g0p12_l0p08_h0p25,"(5, 3)",3.5,0.12,0.08,0.25,unimodal,0,12,,,0,1,0.287375,0.427598,0.285027,0,0,0.0569676,2.22045e-16,6.10623e-15,4.06576e-19
near5_3_R3p5_g0p12_l0p08_h0p45,"(5, 3)",3.5,0.12,0.08,0.45,unimodal,0,12,,,0,1,0.279385,0.432162,0.288452,0,0,0.06123,1.11022e-16,6.99441e-15,4.2704e-19
near5_3_R3p5_g0p12_l0p12_h0p00,"(5, 3)",3.5,0.12,0.12,0,unimodal,0,11,,,0,1,0.331715,0.401591,0.266693,0,0,0.0579074,0,6.77236e-15,7.81044e-19
near5_3_R3p5_g0p12_l0p12_h0p25,"(5, 3)",3.5,0.12,0.12,0.25,unimodal,0,11,,,0,1,0.325346,0.405201,0.269453,0,0,0.0590665,2.22045e-16,5.66214e-15,5.89915e-19
near5_3_R3p5_g0p12_l0p12_h0p45,"(5, 3)",3.5,0.12,0.12,0.45,unimodal,0,12,,,0,1,0.317933,0.409383,0.272685,0,0,0.0644717,1.11022e-16,5.88418e-15,8.38616e-19
near5_3_R3p5_g0p16_l0p00_h0p00,"(5, 3)",3.5,0.16,0,0,double_peak,76.5498,11,43,75,0.391075,0.326961,0.174123,0.480198,0.345679,1,0.87032,0.0519225,0,1.88738e-15,4.33681e-19
near5_3_R3p5_g0p16_l0p00_h0p25,"(5, 3)",3.5,0.16,0,0.25,double_peak,79.6201,11,43,76,0.423039,0.345359,0.165068,0.485493,0.349439,1,0.882249,0.0503542,2.22045e-16,1.88738e-15,4.33681e-19
near5_3_R3p5_g0p16_l0p00_h0p45,"(5, 3)",3.5,0.16,0,0.45,double_peak,81.6772,12,43,77,0.459314,0.365529,0.156138,0.490693,0.353169,1,0.893446,0.0541232,1.11022e-16,2.66454e-15,4.33681e-19
near5_3_R3p5_g0p16_l0p04_h0p00,"(5, 3)",3.5,0.16,0.04,0,double_peak,68.4923,9,47,72,0.323581,0.297634,0.206061,0.461686,0.332254,1,0.826476,0.0591995,0,2.10942e-15,4.33681e-19
near5_3_R3p5_g0p16_l0p04_h0p25,"(5, 3)",3.5,0.16,0.04,0.25,double_peak,68.5601,11,46,73,0.348026,0.314725,0.19698,0.466949,0.336071,1,0.840104,0.0537951,2.22045e-16,1.9984e-15,4.33681e-19
near5_3_R3p5_g0p16_l0p04_h0p45,"(5, 3)",3.5,0.16,0.04,0.45,double_peak,71.0564,11,46,74,0.374301,0.331863,0.187735,0.472281,0.339984,1,0.85325,0.0590401,1.11022e-16,1.77636e-15,4.33681e-19
near5_3_R3p5_g0p16_l0p08_h0p00,"(5, 3)",3.5,0.16,0.08,0,double_peak,59.2037,9,51,67,0.274156,0.268581,0.237826,0.443258,0.318916,1,0.752734,0.0664159,0,1.77636e-15,4.33681e-19
near5_3_R3p5_g0p16_l0p08_h0p25,"(5, 3)",3.5,0.16,0.08,0.25,double_peak,59.825,11,51,69,0.295575,0.286558,0.228864,0.448406,0.322729,1,0.779012,0.0574764,2.22045e-16,2.22045e-15,4.33681e-19
near5_3_R3p5_g0p16_l0p08_h0p45,"(5, 3)",3.5,0.16,0.08,0.45,double_peak,62.7085,11,50,71,0.315015,0.301409,0.219453,0.453784,0.326764,1,0.803362,0.0627826,1.11022e-16,1.9984e-15,4.03664e-19
near5_3_R3p5_g0p16_l0p12_h0p00,"(5, 3)",3.5,0.16,0.12,0,unimodal,0,9,,,0,1,0.269147,0.425079,0.305774,0,0,0.0735667,0,2.77556e-15,4.8865e-19
near5_3_R3p5_g0p16_l0p12_h0p25,"(5, 3)",3.5,0.16,0.12,0.25,unimodal,0,11,,,0,1,0.260432,0.430041,0.309527,0,0,0.0639964,2.22045e-16,1.88738e-15,4.33681e-19
near5_3_R3p5_g0p16_l0p12_h0p45,"(5, 3)",3.5,0.16,0.12,0.45,double_peak,53.0926,11,57,64,0.273515,0.273038,0.250992,0.435386,0.313622,1,0.692976,0.0653975,1.11022e-16,1.9984e-15,5.03687e-19
near5_3_R3p5_g0p20_l0p00_h0p00,"(5, 3)",3.5,0.2,0,0,double_peak,75.985,9,34,62,0.460742,0.321371,0.143629,0.472567,0.383805,1,0.912212,0.0666156,0,1.23235e-14,4.33681e-19
near5_3_R3p5_g0p20_l0p00_h0p25,"(5, 3)",3.5,0.2,0,0.25,double_peak,78.5307,10,34,63,0.519157,0.350377,0.134533,0.4777,0.387767,1,0.922771,0.058298,2.22045e-16,1.26565e-14,4.33681e-19
near5_3_R3p5_g0p20_l0p00_h0p45,"(5, 3)",3.5,0.2,0,0.45,double_peak,79.787,11,34,63,0.567455,0.36983,0.125757,0.482629,0.391613,1,0.928064,0.056275,1.11022e-16,1.29896e-14,4.33681e-19
near5_3_R3p5_g0p20_l0p04_h0p00,"(5, 3)",3.5,0.2,0.04,0,double_peak,66.5416,9,36,61,0.376652,0.294341,0.170149,0.457748,0.372103,1,0.889182,0.0753794,0,1.25455e-14,4.33681e-19
near5_3_R3p5_g0p20_l0p04_h0p25,"(5, 3)",3.5,0.2,0.04,0.25,double_peak,69.6951,9,36,62,0.422716,0.321456,0.160663,0.463048,0.376289,1,0.901179,0.0664151,2.22045e-16,1.18794e-14,4.33681e-19
near5_3_R3p5_g0p20_l0p04_h0p45,"(5, 3)",3.5,0.2,0.04,0.45,double_peak,70.455,10,36,62,0.461486,0.340604,0.151274,0.468267,0.380459,1,0.906797,0.0604283,0,1.27676e-14,4.33681e-19
near5_3_R3p5_g0p20_l0p08_h0p00,"(5, 3)",3.5,0.2,0.08,0,double_peak,59.5898,9,38,60,0.315055,0.26964,0.196804,0.44286,0.360336,1,0.863107,0.0841678,0,1.18794e-14,4.33681e-19
near5_3_R3p5_g0p20_l0p08_h0p25,"(5, 3)",3.5,0.2,0.08,0.25,double_peak,60.9314,9,38,60,0.353141,0.295582,0.187045,0.448262,0.364694,1,0.868667,0.0746361,2.22045e-16,1.11022e-14,4.33681e-19
near5_3_R3p5_g0p20_l0p08_h0p45,"(5, 3)",3.5,0.2,0.08,0.45,double_peak,62.5311,10,37,61,0.385969,0.314794,0.177152,0.453707,0.369142,1,0.881844,0.0665559,1.11022e-16,1.18794e-14,4.33681e-19
near5_3_R3p5_g0p20_l0p12_h0p00,"(5, 3)",3.5,0.2,0.12,0,double_peak,55.5269,7,40,58,0.266424,0.244704,0.223392,0.42802,0.348588,1,0.823835,0.0928063,0,1.08802e-14,4.33681e-19
near5_3_R3p5_g0p20_l0p12_h0p25,"(5, 3)",3.5,0.2,0.12,0.25,double_peak,55.3899,9,40,59,0.301545,0.272202,0.213469,0.433463,0.353068,1,0.838707,0.0827361,2.22045e-16,1.09912e-14,4.33681e-19
near5_3_R3p5_g0p20_l0p12_h0p45,"(5, 3)",3.5,0.2,0.12,0.45,double_peak,57.7208,9,39,60,0.330269,0.291814,0.203182,0.439075,0.357743,1,0.853013,0.0742184,1.11022e-16,1.21014e-14,4.33681e-19
near5_3_R4p5_g0p08_l0p00_h0p00,"(5, 3)",4.5,0.08,0,0,unimodal,0,12,,,0,1,0.284484,0.408046,0.30747,0,0,0.0461,0,8.65974e-15,4.14869e-19
near5_3_R4p5_g0p08_l0p00_h0p25,"(5, 3)",4.5,0.08,0,0.25,double_peak,122.207,14,112,136,0.318872,0.318332,0.272647,0.414012,0.31334,1,0.753176,0.0502567,2.22045e-16,8.32667e-15,4.25853e-19
near5_3_R4p5_g0p08_l0p00_h0p45,"(5, 3)",4.5,0.08,0,0.45,double_peak,133.541,15,103,147,0.349291,0.34526,0.260433,0.420153,0.319413,1,0.802036,0.0497651,2.22045e-16,8.32667e-15,4.31479e-19
near5_3_R4p5_g0p08_l0p04_h0p00,"(5, 3)",4.5,0.08,0.04,0,unimodal,0,12,,,0,1,0.358385,0.368027,0.273588,0,0,0.0481652,0,9.4369e-15,4.02791e-19
near5_3_R4p5_g0p08_l0p04_h0p25,"(5, 3)",4.5,0.08,0.04,0.25,unimodal,0,14,,,0,1,0.348184,0.372879,0.278937,0,0,0.0538378,2.22045e-16,8.10463e-15,4.32913e-19
near5_3_R4p5_g0p08_l0p04_h0p45,"(5, 3)",4.5,0.08,0.04,0.45,unimodal,0,15,,,0,1,0.336951,0.378212,0.284838,0,0,0.0545013,2.22045e-16,8.32667e-15,4.31987e-19
near5_3_R4p5_g0p08_l0p08_h0p00,"(5, 3)",4.5,0.08,0.08,0,unimodal,0,12,,,0,1,0.431207,0.328192,0.2406,0,0,0.0498529,0,7.43849e-15,6.21048e-19
near5_3_R4p5_g0p08_l0p08_h0p25,"(5, 3)",4.5,0.08,0.08,0.25,unimodal,0,14,,,0,1,0.423197,0.331668,0.245135,0,0,0.0569203,2.22045e-16,6.43929e-15,4.32728e-19
near5_3_R4p5_g0p08_l0p08_h0p45,"(5, 3)",4.5,0.08,0.08,0.45,unimodal,0,15,,,0,1,0.413589,0.335886,0.250524,0,0,0.0587377,2.22045e-16,7.32747e-15,4.20128e-19
near5_3_R4p5_g0p08_l0p12_h0p00,"(5, 3)",4.5,0.08,0.12,0,unimodal,0,12,,,0,1,0.500725,0.289858,0.209417,0,0,0.0511662,0,6.32827e-15,7.08755e-19
near5_3_R4p5_g0p08_l0p12_h0p25,"(5, 3)",4.5,0.08,0.12,0.25,unimodal,0,13,,,0,1,0.495176,0.291875,0.212949,0,0,0.0595804,2.22045e-16,7.10543e-15,8.61081e-19
near5_3_R4p5_g0p08_l0p12_h0p45,"(5, 3)",4.5,0.08,0.12,0.45,unimodal,0,15,,,0,1,0.487601,0.294839,0.21756,0,0,0.0625743,2.22045e-16,6.88338e-15,8.31238e-19
near5_3_R4p5_g0p12_l0p00_h0p00,"(5, 3)",4.5,0.12,0,0,double_peak,87.7889,11,62,95,0.329368,0.315153,0.217037,0.46895,0.314013,1,0.807717,0.0447448,0,7.43849e-15,3.39184e-19
near5_3_R4p5_g0p12_l0p00_h0p25,"(5, 3)",4.5,0.12,0,0.25,double_peak,93.2404,12,60,99,0.366672,0.342131,0.203863,0.476702,0.319434,1,0.838865,0.0511995,2.22045e-16,7.32747e-15,3.91776e-19
near5_3_R4p5_g0p12_l0p00_h0p45,"(5, 3)",4.5,0.12,0,0.45,double_peak,97.0753,14,59,102,0.406861,0.368825,0.190648,0.484456,0.324896,1,0.862147,0.0524673,2.22045e-16,6.77236e-15,4.10229e-19
near5_3_R4p5_g0p12_l0p04_h0p00,"(5, 3)",4.5,0.12,0.04,0,unimodal,0,11,,,0,1,0.273348,0.435633,0.291019,0,0,0.0479475,2.22045e-16,7.54952e-15,4.24364e-19
near5_3_R4p5_g0p12_l0p04_h0p25,"(5, 3)",4.5,0.12,0.04,0.25,unimodal,0,12,,,0,1,0.260092,0.443248,0.296661,0,0,0.0566824,2.22045e-16,5.66214e-15,3.82859e-19
near5_3_R4p5_g0p12_l0p04_h0p45,"(5, 3)",4.5,0.12,0.04,0.45,double_peak,70.0166,13,77,83,0.315032,0.314958,0.24622,0.45118,0.3026,1,0.680741,0.059627,2.22045e-16,7.21645e-15,4.20602e-19
near5_3_R4p5_g0p12_l0p08_h0p00,"(5, 3)",4.5,0.12,0.08,0,unimodal,0,11,,,0,1,0.330783,0.401494,0.267723,0,0,0.0529617,2.22045e-16,6.77236e-15,7.81044e-19
near5_3_R4p5_g0p12_l0p08_h0p25,"(5, 3)",4.5,0.12,0.08,0.25,unimodal,0,12,,,0,1,0.31792,0.408682,0.273398,0,0,0.0612735,2.22045e-16,6.88338e-15,4.20975e-19
near5_3_R4p5_g0p12_l0p08_h0p45,"(5, 3)",4.5,0.12,0.08,0.45,unimodal,0,13,,,0,1,0.30386,0.416501,0.279638,0,0,0.0657784,2.22045e-16,6.32827e-15,4.07423e-19
near5_3_R4p5_g0p12_l0p12_h0p00,"(5, 3)",4.5,0.12,0.12,0,unimodal,0,11,,,0,1,0.388133,0.367332,0.244535,0,0,0.0588037,0,5.88418e-15,7.81044e-19
near5_3_R4p5_g0p12_l0p12_h0p25,"(5, 3)",4.5,0.12,0.12,0.25,unimodal,0,12,,,0,1,0.376089,0.37386,0.250051,0,0,0.0650487,2.22045e-16,5.21805e-15,7.46645e-19
near5_3_R4p5_g0p12_l0p12_h0p45,"(5, 3)",4.5,0.12,0.12,0.45,unimodal,0,13,,,0,1,0.362302,0.38131,0.256388,0,0,0.0711007,2.22045e-16,5.88418e-15,5.89767e-19
near5_3_R4p5_g0p16_l0p00_h0p00,"(5, 3)",4.5,0.16,0,0,double_peak,76.5498,11,43,75,0.391075,0.326961,0.174123,0.480198,0.345679,1,0.87032,0.0519225,0,1.88738e-15,4.33681e-19
near5_3_R4p5_g0p16_l0p00_h0p25,"(5, 3)",4.5,0.16,0,0.25,double_peak,81.0469,11,43,76,0.440354,0.353166,0.160574,0.488256,0.35117,1,0.886302,0.0523272,2.22045e-16,1.33227e-15,4.33681e-19
near5_3_R4p5_g0p16_l0p00_h0p45,"(5, 3)",4.5,0.16,0,0.45,double_peak,86.0424,12,43,78,0.49698,0.381215,0.147348,0.496093,0.356559,1,0.905376,0.0554131,2.22045e-16,1.66533e-15,4.33681e-19
near5_3_R4p5_g0p16_l0p04_h0p00,"(5, 3)",4.5,0.16,0.04,0,double_peak,64.265,9,49,70,0.311081,0.295276,0.218408,0.454421,0.327171,1,0.793166,0.059588,0,2.77556e-15,4.33681e-19
near5_3_R4p5_g0p16_l0p04_h0p25,"(5, 3)",4.5,0.16,0.04,0.25,double_peak,67.296,11,48,73,0.343655,0.31661,0.203965,0.462853,0.333182,1,0.829602,0.0579436,2.22045e-16,1.66533e-15,4.21822e-19
near5_3_R4p5_g0p16_l0p04_h0p45,"(5, 3)",4.5,0.16,0.04,0.45,double_peak,70.8262,12,47,75,0.380209,0.338197,0.189411,0.471309,0.33928,1,0.854889,0.0633224,2.22045e-16,2.22045e-15,4.33681e-19
near5_3_R4p5_g0p16_l0p08_h0p00,"(5, 3)",4.5,0.16,0.08,0,unimodal,0,9,,,0,1,0.264143,0.427666,0.308191,0,0,0.0675247,0,2.88658e-15,4.8865e-19
near5_3_R4p5_g0p16_l0p08_h0p25,"(5, 3)",4.5,0.16,0.08,0.25,double_peak,54.261,11,55,65,0.281339,0.279985,0.249107,0.436276,0.314618,1,0.69831,0.0623635,2.22045e-16,2.10942e-15,3.75553e-19
near5_3_R4p5_g0p16_l0p08_h0p45,"(5, 3)",4.5,0.16,0.08,0.45,double_peak,59.3996,12,53,70,0.30557,0.29837,0.233492,0.445168,0.321339,1,0.768228,0.070183,2.22045e-16,1.16573e-15,4.33681e-19
near5_3_R4p5_g0p16_l0p12_h0p00,"(5, 3)",4.5,0.16,0.12,0,unimodal,0,9,,,0,1,0.310664,0.400392,0.288943,0,0,0.075656,0,1.66533e-15,4.8865e-19
near5_3_R4p5_g0p16_l0p12_h0p25,"(5, 3)",4.5,0.16,0.12,0.25,unimodal,0,11,,,0,1,0.295344,0.408996,0.29566,0,0,0.0654394,2.22045e-16,1.77636e-15,8.23462e-19
near5_3_R4p5_g0p16_l0p12_h0p45,"(5, 3)",4.5,0.16,0.12,0.45,unimodal,0,11,,,0,1,0.27896,0.418147,0.302893,0,0,0.0757864,2.22045e-16,1.33227e-15,8.60989e-19
near5_3_R4p5_g0p20_l0p00_h0p00,"(5, 3)",4.5,0.2,0,0,double_peak,75.985,9,34,62,0.460742,0.321371,0.143629,0.472567,0.383805,1,0.912212,0.0666156,0,1.23235e-14,4.33681e-19
near5_3_R4p5_g0p20_l0p00_h0p25,"(5, 3)",4.5,0.2,0,0.25,double_peak,80.4192,10,34,63,0.542522,0.357548,0.130224,0.480367,0.389409,1,0.926124,0.0551014,2.22045e-16,1.13243e-14,4.33681e-19
near5_3_R4p5_g0p20_l0p00_h0p45,"(5, 3)",4.5,0.2,0,0.45,double_peak,85.3571,11,34,64,0.620834,0.385489,0.117468,0.487758,0.394775,1,0.938268,0.0587727,2.22045e-16,1.15463e-14,4.33681e-19
near5_3_R4p5_g0p20_l0p04_h0p00,"(5, 3)",4.5,0.2,0.04,0,double_peak,64.0177,9,37,61,0.359688,0.292166,0.179454,0.452603,0.367942,1,0.878594,0.0763229,0,1.21014e-14,4.33681e-19
near5_3_R4p5_g0p20_l0p04_h0p25,"(5, 3)",4.5,0.2,0.04,0.25,double_peak,67.1966,10,36,62,0.421477,0.32616,0.164788,0.46098,0.374232,1,0.895767,0.063991,2.22045e-16,1.14353e-14,4.33681e-19
near5_3_R4p5_g0p20_l0p04_h0p45,"(5, 3)",4.5,0.2,0.04,0.45,double_peak,70.8813,11,36,63,0.472707,0.346788,0.150462,0.469118,0.38042,1,0.911319,0.0657658,2.22045e-16,1.13243e-14,4.33681e-19
near5_3_R4p5_g0p20_l0p08_h0p00,"(5, 3)",4.5,0.2,0.08,0,double_peak,55.0362,9,40,59,0.288935,0.262495,0.216633,0.431745,0.351622,1,0.827764,0.0863667,0,1.22125e-14,4.33681e-19
near5_3_R4p5_g0p20_l0p08_h0p25,"(5, 3)",4.5,0.2,0.08,0.25,double_peak,58.4462,9,39,60,0.338018,0.294954,0.200896,0.440569,0.358535,1,0.848813,0.0733533,2.22045e-16,1.05471e-14,4.33681e-19
near5_3_R4p5_g0p20_l0p08_h0p45,"(5, 3)",4.5,0.2,0.08,0.45,double_peak,61.171,11,38,62,0.374978,0.312629,0.185157,0.449342,0.365501,1,0.875997,0.0718592,2.22045e-16,1.08802e-14,4.33681e-19
near5_3_R4p5_g0p20_l0p12_h0p00,"(5, 3)",4.5,0.2,0.12,0,double_peak,49.0921,7,43,55,0.237098,0.231824,0.254755,0.41029,0.334955,1,0.736399,0.0964657,0,1.08802e-14,4.99247e-19
near5_3_R4p5_g0p20_l0p12_h0p25,"(5, 3)",4.5,0.2,0.12,0.25,double_peak,51.5412,9,42,58,0.278181,0.264466,0.238148,0.419437,0.342415,1,0.788155,0.0828999,2.22045e-16,9.88098e-15,4.33681e-19
near5_3_R4p5_g0p20_l0p12_h0p45,"(5, 3)",4.5,0.2,0.12,0.45,double_peak,53.4497,11,41,60,0.308132,0.28248,0.221168,0.428735,0.350098,1,0.822043,0.0769331,2.22045e-16,9.99201e-15,6.98147e-19
near7_3_R2p5_g0p08_l0p00_h0p00,"(7, 3)",2.5,0.08,0,0,unimodal,0,22,,,0,1,0.302384,0.397546,0.30007,0,0,0.0316708,0,9.21485e-15,2.1684e-19
near7_3_R2p5_g0p08_l0p00_h0p25,"(7, 3)",2.5,0.08,0,0.25,unimodal,0,23,,,0,1,0.299323,0.399188,0.301489,0,0,0.0317845,1.11022e-16,9.10383e-15,2.1684e-19
near7_3_R2p5_g0p08_l0p00_h0p45,"(7, 3)",2.5,0.08,0,0.45,unimodal,0,23,,,0,1,0.296202,0.400852,0.302946,0,0,0.031682,2.22045e-16,9.21485e-15,2.1684e-19
near7_3_R2p5_g0p08_l0p04_h0p00,"(7, 3)",2.5,0.08,0.04,0,unimodal,0,22,,,0,1,0.33258,0.381854,0.285567,0,0,0.0339098,0,9.10383e-15,3.75729e-19
near7_3_R2p5_g0p08_l0p04_h0p25,"(7, 3)",2.5,0.08,0.04,0.25,unimodal,0,22,,,0,1,0.330439,0.383002,0.286559,0,0,0.033466,1.11022e-16,8.10463e-15,3.96514e-19
near7_3_R2p5_g0p08_l0p04_h0p45,"(7, 3)",2.5,0.08,0.04,0.45,unimodal,0,23,,,0,1,0.328081,0.384255,0.287664,0,0,0.0334012,2.22045e-16,8.65974e-15,3.71698e-19
near7_3_R2p5_g0p08_l0p08_h0p00,"(7, 3)",2.5,0.08,0.08,0,unimodal,0,22,,,0,1,0.359881,0.367483,0.272636,0,0,0.0359943,0,8.77076e-15,4.13352e-19
near7_3_R2p5_g0p08_l0p08_h0p25,"(7, 3)",2.5,0.08,0.08,0.25,unimodal,0,22,,,0,1,0.358578,0.368173,0.273249,0,0,0.0349489,1.11022e-16,8.21565e-15,4.23516e-19
near7_3_R2p5_g0p08_l0p08_h0p45,"(7, 3)",2.5,0.08,0.08,0.45,unimodal,0,23,,,0,1,0.356932,0.369035,0.274034,0,0,0.0349153,1.11022e-16,8.77076e-15,4.1547e-19
near7_3_R2p5_g0p08_l0p12_h0p00,"(7, 3)",2.5,0.08,0.12,0,unimodal,0,22,,,0,1,0.384675,0.35429,0.261035,0,0,0.0379488,0,8.65974e-15,4.30885e-19
near7_3_R2p5_g0p08_l0p12_h0p25,"(7, 3)",2.5,0.08,0.12,0.25,unimodal,0,22,,,0,1,0.38413,0.354559,0.261311,0,0,0.0362711,1.11022e-16,8.32667e-15,4.33681e-19
near7_3_R2p5_g0p08_l0p12_h0p45,"(7, 3)",2.5,0.08,0.12,0.45,unimodal,0,23,,,0,1,0.383143,0.355054,0.261803,0,0,0.0362627,2.22045e-16,8.54872e-15,4.20128e-19
near7_3_R2p5_g0p12_l0p00_h0p00,"(7, 3)",2.5,0.12,0,0,unimodal,0,19,,,0,1,0.241181,0.454337,0.304482,0,0,0.0444142,0,7.88258e-15,3.39184e-19
near7_3_R2p5_g0p12_l0p00_h0p25,"(7, 3)",2.5,0.12,0,0.25,unimodal,0,19,,,0,1,0.237484,0.45653,0.305986,0,0,0.0418574,1.11022e-16,9.32587e-15,3.98099e-19
near7_3_R2p5_g0p12_l0p00_h0p45,"(7, 3)",2.5,0.12,0,0.45,unimodal,0,20,,,0,1,0.233761,0.458729,0.307509,0,0,0.039537,2.22045e-16,7.88258e-15,4.33661e-19
near7_3_R2p5_g0p12_l0p04_h0p00,"(7, 3)",2.5,0.12,0.04,0,unimodal,0,19,,,0,1,0.265709,0.440138,0.294153,0,0,0.0477285,2.22045e-16,7.43849e-15,4.30928e-19
near7_3_R2p5_g0p12_l0p04_h0p25,"(7, 3)",2.5,0.12,0.04,0.25,unimodal,0,19,,,0,1,0.26251,0.442031,0.295459,0,0,0.0451078,1.11022e-16,7.54952e-15,4.13352e-19
near7_3_R2p5_g0p12_l0p04_h0p45,"(7, 3)",2.5,0.12,0.04,0.45,unimodal,0,20,,,0,1,0.259146,0.444011,0.296843,0,0,0.042725,2.22045e-16,6.77236e-15,4.32304e-19
near7_3_R2p5_g0p12_l0p08_h0p00,"(7, 3)",2.5,0.12,0.08,0,unimodal,0,19,,,0,1,0.28846,0.426906,0.284633,0,0,0.0508995,2.22045e-16,7.99361e-15,4.33681e-19
near7_3_R2p5_g0p12_l0p08_h0p25,"(7, 3)",2.5,0.12,0.08,0.25,unimodal,0,19,,,0,1,0.28576,0.428498,0.285743,0,0,0.0482439,1.11022e-16,6.77236e-15,4.13352e-19
near7_3_R2p5_g0p12_l0p08_h0p45,"(7, 3)",2.5,0.12,0.08,0.45,unimodal,0,20,,,0,1,0.282777,0.430243,0.28698,0,0,0.0457977,2.22045e-16,6.99441e-15,4.1674e-19
near7_3_R2p5_g0p12_l0p12_h0p00,"(7, 3)",2.5,0.12,0.12,0,unimodal,0,19,,,0,1,0.309629,0.414546,0.275824,0,0,0.0538441,0,6.55032e-15,4.33681e-19
near7_3_R2p5_g0p12_l0p12_h0p25,"(7, 3)",2.5,0.12,0.12,0.25,unimodal,0,19,,,0,1,0.307422,0.415838,0.276739,0,0,0.0511622,1.11022e-16,7.32747e-15,4.06576e-19
near7_3_R2p5_g0p12_l0p12_h0p45,"(7, 3)",2.5,0.12,0.12,0.45,unimodal,0,19,,,0,1,0.304835,0.417342,0.277823,0,0,0.0486709,2.22045e-16,6.77236e-15,4.33681e-19
near7_3_R2p5_g0p16_l0p00_h0p00,"(7, 3)",2.5,0.16,0,0,unimodal,0,17,,,0,1,0.202491,0.463742,0.333767,0,0,0.0607759,0,3.55271e-15,4.33681e-19
near7_3_R2p5_g0p16_l0p00_h0p25,"(7, 3)",2.5,0.16,0,0.25,unimodal,0,17,,,0,1,0.198424,0.466123,0.335452,0,0,0.0581691,1.11022e-16,2.66454e-15,4.33681e-19
near7_3_R2p5_g0p16_l0p00_h0p45,"(7, 3)",2.5,0.16,0,0.45,unimodal,0,17,,,0,1,0.194389,0.468476,0.337135,0,0,0.0557021,1.11022e-16,2.10942e-15,4.33681e-19
near7_3_R2p5_g0p16_l0p04_h0p00,"(7, 3)",2.5,0.16,0.04,0,unimodal,0,17,,,0,1,0.222879,0.452015,0.325106,0,0,0.0650417,0,2.88658e-15,4.33681e-19
near7_3_R2p5_g0p16_l0p04_h0p25,"(7, 3)",2.5,0.16,0.04,0.25,unimodal,0,17,,,0,1,0.219031,0.454258,0.326711,0,0,0.0624221,1.11022e-16,3.33067e-15,4.33681e-19
near7_3_R2p5_g0p16_l0p04_h0p45,"(7, 3)",2.5,0.16,0.04,0.45,unimodal,0,17,,,0,1,0.215099,0.456538,0.328362,0,0,0.0599526,1.11022e-16,2.77556e-15,4.33681e-19
near7_3_R2p5_g0p16_l0p08_h0p00,"(7, 3)",2.5,0.16,0.08,0,unimodal,0,16,,,0,1,0.242094,0.440943,0.316963,0,0,0.0689734,0,3.33067e-15,4.33681e-19
near7_3_R2p5_g0p16_l0p08_h0p25,"(7, 3)",2.5,0.16,0.08,0.25,unimodal,0,17,,,0,1,0.238496,0.443031,0.318474,0,0,0.0663637,1.11022e-16,2.33147e-15,4.33681e-19
near7_3_R2p5_g0p16_l0p08_h0p45,"(7, 3)",2.5,0.16,0.08,0.45,unimodal,0,17,,,0,1,0.234712,0.445214,0.320074,0,0,0.0638918,1.11022e-16,2.33147e-15,4.33681e-19
near7_3_R2p5_g0p16_l0p12_h0p00,"(7, 3)",2.5,0.16,0.12,0,unimodal,0,16,,,0,1,0.260249,0.430467,0.309284,0,0,0.0726658,0,1.9984e-15,4.33681e-19
near7_3_R2p5_g0p16_l0p12_h0p25,"(7, 3)",2.5,0.16,0.12,0.25,unimodal,0,17,,,0,1,0.256925,0.432386,0.310689,0,0,0.0700883,1.11022e-16,1.88738e-15,4.33681e-19
near7_3_R2p5_g0p16_l0p12_h0p45,"(7, 3)",2.5,0.16,0.12,0.45,unimodal,0,17,,,0,1,0.253325,0.434453,0.312222,0,0,0.0676079,2.22045e-16,1.9984e-15,4.33681e-19
near7_3_R2p5_g0p20_l0p00_h0p00,"(7, 3)",2.5,0.2,0,0,double_peak,42.0574,15,40,55,0.554101,0.526994,0.174759,0.455707,0.369533,1,0.740794,0.0805357,0,1.22125e-14,4.33681e-19
near7_3_R2p5_g0p20_l0p00_h0p25,"(7, 3)",2.5,0.2,0,0.25,double_peak,43.4388,15,40,56,0.568094,0.5362,0.170479,0.458102,0.371418,1,0.759233,0.0784677,1.11022e-16,1.13243e-14,4.33681e-19
near7_3_R2p5_g0p20_l0p00_h0p45,"(7, 3)",2.5,0.2,0,0.45,double_peak,43.7982,15,39,56,0.582248,0.545049,0.166297,0.460431,0.373271,1,0.764012,0.0761425,2.22045e-16,1.23235e-14,4.33681e-19
near7_3_R2p5_g0p20_l0p04_h0p00,"(7, 3)",2.5,0.2,0.04,0,double_peak,38.5334,15,42,53,0.508713,0.501672,0.192031,0.446108,0.361862,1,0.688138,0.0856357,0,1.15463e-14,4.33681e-19
near7_3_R2p5_g0p20_l0p04_h0p25,"(7, 3)",2.5,0.2,0.04,0.25,double_peak,38.716,15,42,53,0.520432,0.510807,0.18779,0.448466,0.363745,1,0.692384,0.0836518,1.11022e-16,1.21014e-14,4.33681e-19
near7_3_R2p5_g0p20_l0p04_h0p45,"(7, 3)",2.5,0.2,0.04,0.45,double_peak,39.9553,15,42,54,0.532365,0.519636,0.183553,0.45081,0.365637,1,0.713197,0.0813467,2.22045e-16,1.22125e-14,4.33681e-19
near7_3_R2p5_g0p20_l0p08_h0p00,"(7, 3)",2.5,0.2,0.08,0,unimodal,0,15,,,0,1,0.208483,0.436966,0.354551,0,0,0.0902886,0,1.17684e-14,4.33681e-19
near7_3_R2p5_g0p20_l0p08_h0p25,"(7, 3)",2.5,0.2,0.08,0.25,unimodal,0,15,,,0,1,0.204321,0.439267,0.356412,0,0,0.0884118,0,1.08802e-14,4.33681e-19
near7_3_R2p5_g0p20_l0p08_h0p45,"(7, 3)",2.5,0.2,0.08,0.45,double_peak,35.0387,15,46,50,0.494999,0.494452,0.200079,0.441601,0.35832,1,0.616925,0.0861553,1.11022e-16,1.21014e-14,4.33681e-19
near7_3_R2p5_g0p20_l0p12_h0p00,"(7, 3)",2.5,0.2,0.12,0,unimodal,0,15,,,0,1,0.224191,0.428241,0.347568,0,0,0.0945294,0,1.18794e-14,4.33681e-19
near7_3_R2p5_g0p20_l0p12_h0p25,"(7, 3)",2.5,0.2,0.12,0.25,unimodal,0,15,,,0,1,0.220143,0.430467,0.349389,0,0,0.0927698,1.11022e-16,1.13243e-14,4.33681e-19
near7_3_R2p5_g0p20_l0p12_h0p45,"(7, 3)",2.5,0.2,0.12,0.45,unimodal,0,15,,,0,1,0.215938,0.432769,0.351292,0,0,0.0905805,2.22045e-16,1.15463e-14,4.33681e-19
near7_3_R3p5_g0p08_l0p00_h0p00,"(7, 3)",3.5,0.08,0,0,unimodal,0,22,,,0,1,0.302384,0.397546,0.30007,0,0,0.0316708,0,9.21485e-15,2.1684e-19
near7_3_R3p5_g0p08_l0p00_h0p25,"(7, 3)",3.5,0.08,0,0.25,unimodal,0,23,,,0,1,0.296202,0.400808,0.30299,0,0,0.0317319,2.22045e-16,8.77076e-15,2.1684e-19
near7_3_R3p5_g0p08_l0p00_h0p45,"(7, 3)",3.5,0.08,0,0.45,unimodal,0,24,,,0,1,0.289783,0.404173,0.306045,0,0,0.0312244,1.11022e-16,8.77076e-15,2.1684e-19
near7_3_R3p5_g0p08_l0p04_h0p00,"(7, 3)",3.5,0.08,0.04,0,unimodal,0,22,,,0,1,0.347492,0.373929,0.278579,0,0,0.0344116,0,8.99281e-15,4.29869e-19
near7_3_R3p5_g0p08_l0p04_h0p25,"(7, 3)",3.5,0.08,0.04,0.25,unimodal,0,23,,,0,1,0.342898,0.376312,0.28079,0,0,0.0338646,2.22045e-16,9.10383e-15,3.6253e-19
near7_3_R3p5_g0p08_l0p04_h0p45,"(7, 3)",3.5,0.08,0.04,0.45,unimodal,0,24,,,0,1,0.337732,0.378966,0.283302,0,0,0.0334979,1.11022e-16,8.43769e-15,3.74812e-19
near7_3_R3p5_g0p08_l0p08_h0p00,"(7, 3)",3.5,0.08,0.08,0,unimodal,0,22,,,0,1,0.389542,0.351627,0.25883,0,0,0.0370677,0,7.99361e-15,4.20128e-19
near7_3_R3p5_g0p08_l0p08_h0p25,"(7, 3)",3.5,0.08,0.08,0.25,unimodal,0,23,,,0,1,0.386496,0.353146,0.260358,0,0,0.0357742,2.22045e-16,6.88338e-15,3.98105e-19
near7_3_R3p5_g0p08_l0p08_h0p45,"(7, 3)",3.5,0.08,0.08,0.45,unimodal,0,24,,,0,1,0.382603,0.355075,0.262322,0,0,0.0355405,1.11022e-16,8.32667e-15,4.20187e-19
near7_3_R3p5_g0p08_l0p12_h0p00,"(7, 3)",3.5,0.08,0.12,0,unimodal,0,22,,,0,1,0.42841,0.330774,0.240816,0,0,0.0396638,0,7.88258e-15,4.27752e-19
near7_3_R3p5_g0p08_l0p12_h0p25,"(7, 3)",3.5,0.08,0.12,0.25,unimodal,0,23,,,0,1,0.426818,0.331475,0.241707,0,0,0.0375031,2.22045e-16,7.21645e-15,4.06576e-19
near7_3_R3p5_g0p08_l0p12_h0p45,"(7, 3)",3.5,0.08,0.12,0.45,unimodal,0,23,,,0,1,0.424164,0.3327,0.243136,0,0,0.0373928,1.11022e-16,7.54952e-15,4.33681e-19
near7_3_R3p5_g0p12_l0p00_h0p00,"(7, 3)",3.5,0.12,0,0,unimodal,0,19,,,0,1,0.241181,0.454337,0.304482,0,0,0.0444142,0,7.88258e-15,3.39184e-19
near7_3_R3p5_g0p12_l0p00_h0p25,"(7, 3)",3.5,0.12,0,0.25,unimodal,0,20,,,0,1,0.234109,0.458552,0.307339,0,0,0.0401876,2.22045e-16,7.54952e-15,4.09117e-19
near7_3_R3p5_g0p12_l0p00_h0p45,"(7, 3)",3.5,0.12,0,0.45,unimodal,0,20,,,0,1,0.226905,0.462825,0.31027,0,0,0.0384033,1.11022e-16,7.32747e-15,3.95776e-19
near7_3_R3p5_g0p12_l0p04_h0p00,"(7, 3)",3.5,0.12,0.04,0,unimodal,0,19,,,0,1,0.276874,0.433562,0.289563,0,0,0.0486896,2.22045e-16,7.21645e-15,3.79471e-19
near7_3_R3p5_g0p12_l0p04_h0p25,"(7, 3)",3.5,0.12,0.04,0.25,unimodal,0,20,,,0,1,0.270424,0.437369,0.292207,0,0,0.0444499,2.22045e-16,7.54952e-15,4.28599e-19
near7_3_R3p5_g0p12_l0p04_h0p45,"(7, 3)",3.5,0.12,0.04,0.45,unimodal,0,20,,,0,1,0.263534,0.441407,0.295058,0,0,0.041555,1.11022e-16,6.99441e-15,4.22511e-19
near7_3_R3p5_g0p12_l0p08_h0p00,"(7, 3)",3.5,0.12,0.08,0,unimodal,0,19,,,0,1,0.311176,0.413502,0.275322,0,0,0.0528605,0,6.66134e-15,4.06576e-19
near7_3_R3p5_g0p12_l0p08_h0p25,"(7, 3)",3.5,0.12,0.08,0.25,unimodal,0,19,,,0,1,0.305432,0.416851,0.277716,0,0,0.0486509,2.22045e-16,6.88338e-15,3.79471e-19
near7_3_R3p5_g0p12_l0p08_h0p45,"(7, 3)",3.5,0.12,0.08,0.45,unimodal,0,20,,,0,1,0.29897,0.42059,0.28044,0,0,0.0445672,1.11022e-16,5.44009e-15,4.30504e-19
near7_3_R3p5_g0p12_l0p12_h0p00,"(7, 3)",3.5,0.12,0.12,0,unimodal,0,19,,,0,1,0.343918,0.394278,0.261804,0,0,0.0568124,0,7.77156e-15,4.2034e-19
near7_3_R3p5_g0p12_l0p12_h0p25,"(7, 3)",3.5,0.12,0.12,0.25,unimodal,0,19,,,0,1,0.338938,0.397139,0.263922,0,0,0.0526329,2.22045e-16,6.66134e-15,4.06576e-19
near7_3_R3p5_g0p12_l0p12_h0p45,"(7, 3)",3.5,0.12,0.12,0.45,unimodal,0,20,,,0,1,0.332996,0.400528,0.266475,0,0,0.0484964,1.11022e-16,6.77236e-15,4.33681e-19
near7_3_R3p5_g0p16_l0p00_h0p00,"(7, 3)",3.5,0.16,0,0,unimodal,0,17,,,0,1,0.202491,0.463742,0.333767,0,0,0.0607759,0,3.55271e-15,4.33681e-19
near7_3_R3p5_g0p16_l0p00_h0p25,"(7, 3)",3.5,0.16,0,0.25,unimodal,0,17,,,0,1,0.195003,0.468206,0.336791,0,0,0.0564181,2.22045e-16,1.88738e-15,4.33681e-19
near7_3_R3p5_g0p16_l0p00_h0p45,"(7, 3)",3.5,0.16,0,0.45,double_peak,45.1845,18,53,63,0.553371,0.551111,0.187521,0.472644,0.339835,0.999975,0.65041,0.0522093,1.11022e-16,2.77556e-15,4.33681e-19
near7_3_R3p5_g0p16_l0p04_h0p00,"(7, 3)",3.5,0.16,0.04,0,unimodal,0,17,,,0,1,0.231547,0.446932,0.32152,0,0,0.0663331,0,2.55351e-15,4.33681e-19
near7_3_R3p5_g0p16_l0p04_h0p25,"(7, 3)",3.5,0.16,0.04,0.25,unimodal,0,17,,,0,1,0.224126,0.451311,0.324563,0,0,0.0621395,2.22045e-16,1.55431e-15,4.33681e-19
near7_3_R3p5_g0p16_l0p04_h0p45,"(7, 3)",3.5,0.16,0.04,0.45,unimodal,0,18,,,0,1,0.21646,0.455805,0.327734,0,0,0.0579061,1.11022e-16,2.10942e-15,4.33681e-19
near7_3_R3p5_g0p16_l0p08_h0p00,"(7, 3)",3.5,0.16,0.08,0,unimodal,0,16,,,0,1,0.259941,0.430468,0.309591,0,0,0.0716277,0,2.10942e-15,4.33681e-19
near7_3_R3p5_g0p16_l0p08_h0p25,"(7, 3)",3.5,0.16,0.08,0.25,unimodal,0,17,,,0,1,0.252679,0.434708,0.312613,0,0,0.0676007,2.22045e-16,1.33227e-15,4.33681e-19
near7_3_R3p5_g0p16_l0p08_h0p45,"(7, 3)",3.5,0.16,0.08,0.45,unimodal,0,17,,,0,1,0.24493,0.4392,0.31587,0,0,0.0633774,1.11022e-16,2.10942e-15,4.33681e-19
near7_3_R3p5_g0p16_l0p12_h0p00,"(7, 3)",3.5,0.16,0.12,0,unimodal,0,16,,,0,1,0.28754,0.414437,0.298023,0,0,0.0767106,0,2.22045e-15,4.33681e-19
near7_3_R3p5_g0p16_l0p12_h0p25,"(7, 3)",3.5,0.16,0.12,0.25,unimodal,0,17,,,0,1,0.280522,0.418492,0.300987,0,0,0.0728358,2.22045e-16,2.10942e-15,3.87094e-19
near7_3_R3p5_g0p16_l0p12_h0p45,"(7, 3)",3.5,0.16,0.12,0.45,unimodal,0,17,,,0,1,0.27279,0.422926,0.304284,0,0,0.0686533,1.11022e-16,2.44249e-15,4.06576e-19
near7_3_R3p5_g0p20_l0p00_h0p00,"(7, 3)",3.5,0.2,0,0,double_peak,42.0574,15,40,55,0.554101,0.526994,0.174759,0.455707,0.369533,1,0.740794,0.0805357,0,1.22125e-14,4.33681e-19
near7_3_R3p5_g0p20_l0p00_h0p25,"(7, 3)",3.5,0.2,0,0.25,double_peak,43.8088,15,39,56,0.578745,0.541639,0.167086,0.46014,0.372774,1,0.764218,0.0769016,2.22045e-16,1.13243e-14,4.33681e-19
near7_3_R3p5_g0p20_l0p00_h0p45,"(7, 3)",3.5,0.2,0,0.45,double_peak,44.6273,16,39,57,0.604649,0.555503,0.159561,0.46446,0.375979,0.999989,0.786412,0.0726193,1.11022e-16,1.22125e-14,4.33681e-19
near7_3_R3p5_g0p20_l0p04_h0p00,"(7, 3)",3.5,0.2,0.04,0,double_peak,36.1632,15,44,51,0.495159,0.492925,0.198988,0.442145,0.358867,1,0.640316,0.0872568,0,1.12133e-14,4.33681e-19
near7_3_R3p5_g0p20_l0p04_h0p25,"(7, 3)",3.5,0.2,0.04,0.25,double_peak,38.4947,15,43,53,0.513321,0.506725,0.191069,0.446662,0.362268,1,0.686471,0.0839533,2.22045e-16,1.11022e-14,4.33681e-19
near7_3_R3p5_g0p20_l0p04_h0p45,"(7, 3)",3.5,0.2,0.04,0.45,double_peak,39.9676,15,42,54,0.533029,0.520125,0.183105,0.451175,0.36572,1,0.712944,0.0798058,0,1.19904e-14,4.33681e-19
near7_3_R3p5_g0p20_l0p08_h0p00,"(7, 3)",3.5,0.2,0.08,0,unimodal,0,15,,,0,1,0.222905,0.428745,0.34835,0,0,0.0934771,0,1.13243e-14,4.33681e-19
near7_3_R3p5_g0p20_l0p08_h0p25,"(7, 3)",3.5,0.2,0.08,0.25,unimodal,0,15,,,0,1,0.214817,0.433306,0.351877,0,0,0.0905691,2.22045e-16,1.05471e-14,4.33681e-19
near7_3_R3p5_g0p20_l0p08_h0p45,"(7, 3)",3.5,0.2,0.08,0.45,unimodal,0,15,,,0,1,0.206489,0.437968,0.355543,0,0,0.0866145,1.11022e-16,1.08802e-14,4.33681e-19
near7_3_R3p5_g0p20_l0p12_h0p00,"(7, 3)",3.5,0.2,0.12,0,unimodal,0,15,,,0,1,0.246412,0.415571,0.338017,0,0,0.0992936,0,1.13243e-14,8.65456e-19
near7_3_R3p5_g0p20_l0p12_h0p25,"(7, 3)",3.5,0.2,0.12,0.25,unimodal,0,15,,,0,1,0.238232,0.420134,0.341634,0,0,0.0968025,2.22045e-16,1.03251e-14,6.66112e-19
near7_3_R3p5_g0p20_l0p12_h0p45,"(7, 3)",3.5,0.2,0.12,0.45,unimodal,0,15,,,0,1,0.229621,0.424904,0.345476,0,0,0.0930915,1.11022e-16,1.03251e-14,7.13361e-19
near7_3_R4p5_g0p08_l0p00_h0p00,"(7, 3)",4.5,0.08,0,0,unimodal,0,22,,,0,1,0.302384,0.397546,0.30007,0,0,0.0316708,0,9.21485e-15,2.1684e-19
near7_3_R4p5_g0p08_l0p00_h0p25,"(7, 3)",4.5,0.08,0,0.25,unimodal,0,23,,,0,1,0.292685,0.402598,0.304718,0,0,0.0316487,2.22045e-16,8.10463e-15,2.1684e-19
near7_3_R4p5_g0p08_l0p00_h0p45,"(7, 3)",4.5,0.08,0,0.45,unimodal,0,25,,,0,1,0.282629,0.407802,0.30957,0,0,0.030576,2.22045e-16,8.77076e-15,2.1684e-19
near7_3_R4p5_g0p08_l0p04_h0p00,"(7, 3)",4.5,0.08,0.04,0,unimodal,0,22,,,0,1,0.37023,0.36199,0.26778,0,0,0.0363334,0,9.65894e-15,4.31987e-19
near7_3_R4p5_g0p08_l0p04_h0p25,"(7, 3)",4.5,0.08,0.04,0.25,unimodal,0,23,,,0,1,0.361894,0.366099,0.272007,0,0,0.0350546,2.22045e-16,8.21565e-15,4.13352e-19
near7_3_R4p5_g0p08_l0p04_h0p45,"(7, 3)",4.5,0.08,0.04,0.45,unimodal,0,24,,,0,1,0.352623,0.37063,0.276747,0,0,0.0343981,2.22045e-16,7.88258e-15,4.10374e-19
near7_3_R4p5_g0p08_l0p08_h0p00,"(7, 3)",4.5,0.08,0.08,0,unimodal,0,21,,,0,1,0.436512,0.326487,0.237001,0,0,0.0409454,0,7.99361e-15,4.26905e-19
near7_3_R4p5_g0p08_l0p08_h0p25,"(7, 3)",4.5,0.08,0.08,0.25,unimodal,0,23,,,0,1,0.429978,0.329429,0.240594,0,0,0.0380561,2.22045e-16,7.21645e-15,4.26905e-19
near7_3_R4p5_g0p08_l0p08_h0p45,"(7, 3)",4.5,0.08,0.08,0.45,unimodal,0,24,,,0,1,0.422008,0.333027,0.244965,0,0,0.0378378,2.22045e-16,7.99361e-15,4.31631e-19
near7_3_R4p5_g0p08_l0p12_h0p00,"(7, 3)",4.5,0.08,0.12,0,unimodal,0,21,,,0,1,0.499506,0.292193,0.208301,0,0,0.0455888,0,7.32747e-15,4.31775e-19
near7_3_R4p5_g0p08_l0p12_h0p25,"(7, 3)",4.5,0.08,0.12,0.25,unimodal,0,22,,,0,1,0.495002,0.293891,0.211107,0,0,0.0407121,2.22045e-16,7.21645e-15,4.25025e-19
near7_3_R4p5_g0p08_l0p12_h0p45,"(7, 3)",4.5,0.08,0.12,0.45,unimodal,0,23,,,0,1,0.488677,0.296432,0.214891,0,0,0.0409737,2.22045e-16,6.88338e-15,4.19943e-19
near7_3_R4p5_g0p12_l0p00_h0p00,"(7, 3)",4.5,0.12,0,0,unimodal,0,19,,,0,1,0.241181,0.454337,0.304482,0,0,0.0444142,0,7.88258e-15,3.39184e-19
near7_3_R4p5_g0p12_l0p00_h0p25,"(7, 3)",4.5,0.12,0,0.25,unimodal,0,20,,,0,1,0.230555,0.460733,0.308712,0,0,0.0385009,2.22045e-16,6.77236e-15,4.3114e-19
near7_3_R4p5_g0p12_l0p00_h0p45,"(7, 3)",4.5,0.12,0,0.45,unimodal,0,21,,,0,1,0.219813,0.467172,0.313015,0,0,0.0385027,2.22045e-16,6.21725e-15,4.21434e-19
near7_3_R4p5_g0p12_l0p04_h0p00,"(7, 3)",4.5,0.12,0.04,0,unimodal,0,19,,,0,1,0.292893,0.42431,0.282797,0,0,0.0515739,2.22045e-16,6.99441e-15,4.20128e-19
near7_3_R4p5_g0p12_l0p04_h0p25,"(7, 3)",4.5,0.12,0.04,0.25,unimodal,0,20,,,0,1,0.282112,0.430637,0.287251,0,0,0.0454699,2.22045e-16,6.99441e-15,3.93023e-19
near7_3_R4p5_g0p12_l0p04_h0p45,"(7, 3)",4.5,0.12,0.04,0.45,unimodal,0,21,,,0,1,0.27072,0.437281,0.291999,0,0,0.0436925,2.22045e-16,6.10623e-15,4.08693e-19
near7_3_R4p5_g0p12_l0p08_h0p00,"(7, 3)",4.5,0.12,0.08,0,unimodal,0,18,,,0,1,0.345059,0.393678,0.261263,0,0,0.0586044,2.22045e-16,6.77236e-15,4.33681e-19
near7_3_R4p5_g0p12_l0p08_h0p25,"(7, 3)",4.5,0.12,0.08,0.25,unimodal,0,19,,,0,1,0.334503,0.399698,0.265799,0,0,0.0524906,2.22045e-16,4.996e-15,4.20128e-19
near7_3_R4p5_g0p12_l0p08_h0p45,"(7, 3)",4.5,0.12,0.08,0.45,unimodal,0,20,,,0,1,0.322836,0.406305,0.270859,0,0,0.0484382,2.22045e-16,6.10623e-15,4.31388e-19
near7_3_R4p5_g0p12_l0p12_h0p00,"(7, 3)",4.5,0.12,0.12,0,unimodal,0,18,,,0,1,0.396782,0.363097,0.240121,0,0,0.0653312,0,6.10623e-15,7.81044e-19
near7_3_R4p5_g0p12_l0p12_h0p25,"(7, 3)",4.5,0.12,0.12,0.25,unimodal,0,19,,,0,1,0.386809,0.368609,0.244582,0,0,0.0593864,2.22045e-16,5.44009e-15,4.33583e-19
near7_3_R4p5_g0p12_l0p12_h0p45,"(7, 3)",4.5,0.12,0.12,0.45,unimodal,0,20,,,0,1,0.375254,0.374961,0.249785,0,0,0.0532076,2.22045e-16,5.32907e-15,4.33681e-19
near7_3_R4p5_g0p16_l0p00_h0p00,"(7, 3)",4.5,0.16,0,0,unimodal,0,17,,,0,1,0.202491,0.463742,0.333767,0,0,0.0607759,0,3.55271e-15,4.33681e-19
near7_3_R4p5_g0p16_l0p00_h0p25,"(7, 3)",4.5,0.16,0,0.25,double_peak,44.0831,17,54,61,0.543112,0.542089,0.191552,0.47043,0.338018,0.999994,0.616722,0.0546425,2.22045e-16,1.88738e-15,4.33681e-19
near7_3_R4p5_g0p16_l0p00_h0p45,"(7, 3)",4.5,0.16,0,0.45,double_peak,48.6709,18,51,66,0.568691,0.560852,0.180729,0.477016,0.342254,0.999978,0.701483,0.0485773,2.22045e-16,1.44329e-15,4.33681e-19
near7_3_R4p5_g0p16_l0p04_h0p00,"(7, 3)",4.5,0.16,0.04,0,unimodal,0,16,,,0,1,0.243504,0.440215,0.316282,0,0,0.0698518,0,2.9976e-15,4.33681e-19
near7_3_R4p5_g0p16_l0p04_h0p25,"(7, 3)",4.5,0.16,0.04,0.25,unimodal,0,17,,,0,1,0.231703,0.447278,0.321019,0,0,0.0638566,2.22045e-16,2.9976e-15,4.33681e-19
near7_3_R4p5_g0p16_l0p04_h0p45,"(7, 3)",4.5,0.16,0.04,0.45,unimodal,0,18,,,0,1,0.219655,0.454445,0.3259,0,0,0.0575916,2.22045e-16,1.55431e-15,4.33681e-19
near7_3_R4p5_g0p16_l0p08_h0p00,"(7, 3)",4.5,0.16,0.08,0,unimodal,0,16,,,0,1,0.285324,0.415972,0.298704,0,0,0.0787173,0,2.10942e-15,4.8865e-19
near7_3_R4p5_g0p16_l0p08_h0p25,"(7, 3)",4.5,0.16,0.08,0.25,unimodal,0,17,,,0,1,0.272902,0.423247,0.303851,0,0,0.0730031,2.22045e-16,9.99201e-16,4.33681e-19
near7_3_R4p5_g0p16_l0p08_h0p45,"(7, 3)",4.5,0.16,0.08,0.45,unimodal,0,17,,,0,1,0.259839,0.430844,0.309317,0,0,0.0667231,2.22045e-16,1.77636e-15,4.33681e-19
near7_3_R4p5_g0p16_l0p12_h0p00,"(7, 3)",4.5,0.16,0.12,0,unimodal,0,15,,,0,1,0.327483,0.391383,0.281134,0,0,0.0873358,0,2.66454e-15,5.70159e-19
near7_3_R4p5_g0p16_l0p12_h0p25,"(7, 3)",4.5,0.16,0.12,0.25,unimodal,0,16,,,0,1,0.314696,0.398713,0.286591,0,0,0.0822964,2.22045e-16,2.66454e-15,8.61433e-19
near7_3_R4p5_g0p16_l0p12_h0p45,"(7, 3)",4.5,0.16,0.12,0.45,unimodal,0,17,,,0,1,0.300859,0.406589,0.292552,0,0,0.0758518,2.22045e-16,1.22125e-15,8.54339e-19
near7_3_R4p5_g0p20_l0p00_h0p00,"(7, 3)",4.5,0.2,0,0,double_peak,42.0574,15,40,55,0.554101,0.526994,0.174759,0.455707,0.369533,1,0.740794,0.0805357,0,1.22125e-14,4.33681e-19
near7_3_R4p5_g0p20_l0p00_h0p25,"(7, 3)",4.5,0.2,0,0.25,double_peak,45.3714,15,39,57,0.590449,0.546575,0.163751,0.462335,0.373914,1,0.782507,0.0751984,2.22045e-16,1.23235e-14,4.33681e-19
near7_3_R4p5_g0p20_l0p00_h0p45,"(7, 3)",4.5,0.2,0,0.45,double_peak,46.7887,16,39,58,0.628612,0.564275,0.153069,0.468727,0.378204,0.999991,0.80873,0.0687409,2.22045e-16,1.08802e-14,4.33681e-19
near7_3_R4p5_g0p20_l0p04_h0p00,"(7, 3)",4.5,0.2,0.04,0,unimodal,0,15,,,0,1,0.208374,0.43722,0.354407,0,0,0.0910162,0,1.12133e-14,4.33681e-19
near7_3_R4p5_g0p20_l0p04_h0p25,"(7, 3)",4.5,0.2,0.04,0.25,double_peak,38.3688,15,44,53,0.494878,0.490121,0.196192,0.44439,0.359418,1,0.683997,0.086465,2.22045e-16,1.05471e-14,4.33681e-19
near7_3_R4p5_g0p20_l0p04_h0p45,"(7, 3)",4.5,0.2,0.04,0.45,double_peak,40.1584,16,42,55,0.521094,0.506063,0.184082,0.451466,0.364452,0.999993,0.733308,0.0801384,2.22045e-16,1.07692e-14,4.33681e-19
near7_3_R4p5_g0p20_l0p08_h0p00,"(7, 3)",4.5,0.2,0.08,0,unimodal,0,13,,,0,1,0.242778,0.418065,0.339157,0,0,0.100783,0,1.14353e-14,5.09596e-19
near7_3_R4p5_g0p20_l0p08_h0p25,"(7, 3)",4.5,0.2,0.08,0.25,unimodal,0,15,,,0,1,0.229575,0.425667,0.344758,0,0,0.097385,2.22045e-16,1.04361e-14,8.24163e-19
near7_3_R4p5_g0p20_l0p08_h0p45,"(7, 3)",4.5,0.2,0.08,0.45,unimodal,0,15,,,0,1,0.21616,0.433332,0.350508,0,0,0.0914727,2.22045e-16,1.05471e-14,4.33681e-19
near7_3_R4p5_g0p20_l0p12_h0p00,"(7, 3)",4.5,0.2,0.12,0,double_peak,6.52886,7,8,13,0.472408,0.434141,0.277685,0.39849,0.323825,1,0,0.109832,0,1.06581e-14,6.03723e-19
near7_3_R4p5_g0p20_l0p12_h0p25,"(7, 3)",4.5,0.2,0.12,0.25,unimodal,0,15,,,0,1,0.263628,0.406418,0.329954,0,0,0.107864,2.22045e-16,1.08802e-14,7.30989e-19
near7_3_R4p5_g0p20_l0p12_h0p45,"(7, 3)",4.5,0.2,0.12,0.45,unimodal,0,15,,,0,1,0.249051,0.414577,0.336372,0,0,0.102698,2.22045e-16,1.03251e-14,8.18115e-19
