t,f_total,f_target1,f_target2,survival
0,0.0,0.0,0.0,1.0
1,0.0,0.0,0.0,1.0
2,0.0,0.0,0.0,1.0
3,0.0,0.0,0.0,1.0
4,0.0003160493827160494,0.0003160493827160494,0.0,0.999683950617284
5,0.00042139917695473253,0.00042139917695473253,0.0,0.9992625514403293
6,0.0004410644718792867,0.0004410644718792867,0.0,0.99882148696845
7,0.0004139076360310929,0.0004139076360310929,0.0,0.9984075793324191
8,0.00036870242950769704,0.00036870242950769704,0.0,0.9980388769029114
9,0.0003189565167911396,0.0003189565167911396,0.0,0.9977199203861203
10,0.0002712134259208455,0.0002712134259208455,0.0,0.9974487069601996
11,0.00022819677596572346,0.00022819677596572346,0.0,0.9972205101842339
12,0.00019074789656770938,0.00019074789656770938,0.0,0.9970297622876662
13,0.000158796940463181,0.000158796940463181,0.0,0.9968709653472029
14,0.00013187258420768353,0.00013187258420768353,0.0,0.9967390927629952
15,0.00010936014614633967,0.00010936014614633967,0.0,0.996629732616849
16,9.062910299100971e-05,9.062910299100971e-05,0.0,0.996539103513858
17,7.509195679892102e-05,7.509195679892102e-05,0.0,0.9964640115570591
18,6.222759158269094e-05,6.222759158269094e-05,0.0,0.9964017839654764
19,5.158667455064394e-05,5.158667455064394e-05,0.0,0.9963501972909259
20,4.2788438132893156e-05,4.2788438132893156e-05,0.0,0.9963074088527929
21,3.551376169425853e-05,3.551376169425853e-05,0.0,0.9962718950910989
22,2.9497095226594963e-05,2.9497095226594963e-05,0.0,0.9962423979958721
23,2.4518486279244758e-05,2.4518486279244758e-05,0.0,0.996217879509593
24,2.039628533564599e-05,2.039628533564599e-05,0.0,0.9961974832242574
25,1.6980743216373346e-05,1.6980743216373346e-05,0.0,0.996180502481041
26,1.4148529608887658e-05,1.4148529608887658e-05,0.0,0.9961663539514322
27,1.1798113608312944e-05,1.1798113608312944e-05,0.0,0.9961545558378239
28,9.84591057151609e-06,9.84591057151609e-06,0.0,0.9961447099272522
29,8.223089977308957e-06,8.223089977308957e-06,0.0,0.9961364868372751
30,6.879398746801902e-06,6.87294277182978e-06,6.455974972121984e-09,0.9961296074385283
31,5.813276214688792e-06,5.748716464967573e-06,6.455974972121987e-08,0.9961237941623137
32,5.159169542302595e-06,4.811838088802432e-06,3.473314535001629e-07,0.9961186349927715
33,5.363352823898164e-06,4.030457013357542e-06,1.332895810540622e-06,0.9961132716399476
34,7.463874650061485e-06,3.3782505812446546e-06,4.08562406881683e-06,0.9961058077652976
35,1.3461690109968791e-05,2.833445189818937e-06,1.0628244920149854e-05,0.9960923460751874
36,2.673775515308041e-05,2.3780137386391283e-06,2.435974141444128e-05,0.9960656083200344
37,5.244550810933708e-05,1.9970173425752642e-06,5.044849076676181e-05,0.9960131628119252
38,9.779760724285386e-05,1.6780650237108694e-06,9.611954221914299e-05,0.9959153652046823
39,0.00017217290837656635,1.4108698956548463e-06,0.00017076203848091152,0.9957431922963058
40,0.00028699230413730434,1.1868842967982165e-06,0.00028580541984050614,0.9954561999921685
41,0.00045534454697512307,9.989995557520387e-07,0.00045434554741937105,0.9950008554451933
42,0.000691378472962421,8.412987064328197e-07,0.0006905371742559882,0.9943094769722309
43,0.0010095095626653176,7.088526175973399e-07,0.0010088007100477203,0.9932999674095657
44,0.0014235117272509493,5.975517506279233e-07,0.0014229141755003213,0.9918764556823148
45,0.0019455771199169928,5.039671834670507e-07,0.0019450731527335258,0.9899308785623977
46,0.0025854274107823603,4.2523569821334645e-07,0.002585002175084147,0.9873454511516154
47,0.0033495508475956787,3.5896467445518004e-07,0.0033491918829212236,0.9839959003040197
48,0.004240623167197857,3.031533002333554e-07,0.004240320013897623,0.9797552771368219
49,0.005257150069852663,2.561272403610571e-07,0.005256893942612302,0.9744981270669693
50,0.006393347460835113,2.1648441429265853e-07,0.00639313097642082,0.9681047796061341
51,0.00763925546603784,1.830499544033414e-07,0.007639072416083436,0.9604655241400963
52,0.008981065134111918,1.5483875791577602e-07,0.008980910295354002,0.9514844590059846
53,0.010401623819348152,1.3102432597452214e-07,0.010401492795022178,0.9410828351866364
54,0.011881076906847622,1.1091281302824965e-07,0.011880965994034594,0.9292017582797888
55,0.01339759966420233,9.392139806941403e-08,0.013397505742804261,0.9158041586155865
56,0.014928173062553327,7.956024398019246e-08,0.014928093502309347,0.9008759855530333
57,0.016449360647620922,6.741743840134359e-08,0.01644929323018252,0.8844266249054124
58,0.017938049097441316,5.7146414186468534e-08,0.01793799195102713,0.8664885758079709
59,0.019372122119978297,4.845543370600224e-08,0.01937207366454459,0.8471164536879928
60,0.020731045040747256,4.109879234652263e-08,0.02073100394195491,0.8263854086472454
61,0.021996345153499065,3.48694552228307e-08,0.021996310284043842,0.8043890634937464
62,0.023151980148492207,2.9592889596900085e-08,0.02315195055560261,0.7812370833452542
63,0.024184593335574944,2.512189558945977e-08,0.024184568213679355,0.7570524900096793
64,0.025083659725045174,2.133227095827805e-08,0.025083638392774218,0.7319688302846343
65,0.02584153121982375,1.8119173216142278e-08,0.025841513100650533,0.7061272990648103
66,0.026453392206112442,1.539406516685089e-08,0.026453376812047274,0.6796739068586979
67,0.026917138776764077,1.3082148866919094e-08,0.02691712569461521,0.6527567680819338
68,0.027233195801532495,1.1120208746277981e-08,0.027233184681323748,0.6255235722804013
69,0.02740428621956753,9.454797696095613e-09,0.027404276764769836,0.5981192860608339
70,0.027435166432590655,8.040710811545993e-09,0.027435158391879842,0.5706841196282434
71,0.027332340682053546,6.839700537543794e-09,0.027332333842353007,0.5433517789461899
72,0.02710376595011956,5.819394516192054e-09,0.027103760130725046,0.5162480129960703
73,0.026758557366178954,4.952383732101478e-09,0.02675855241379522,0.4894894556298913
74,0.02630670244177818,4.215453807648094e-09,0.026306698226324372,0.46318275318811314
75,0.02575879079023632,3.5889366899596023e-09,0.02575878720129963,0.4374239623978768
76,0.025125764384981902,3.0561636402005144e-09,0.02512576132881826,0.41229819801289486
77,0.024418691925527217,2.6030035039907458e-09,0.024418689322523713,0.38787950608736765
78,0.023648569547477034,2.217472809481725e-09,0.023648567330004224,0.36423093653989064
79,0.02282614895373388,1.8894063897347677e-09,0.022826147064327493,0.34140478758615683
80,0.021961793066642293,1.6101790275956628e-09,0.021961791456463264,0.3194429945195145
81,0.021065358504149957,1.3724701316351658e-09,0.021065357131679827,0.2983776360153646
82,0.020146103558890592,1.1700647187122561e-09,0.020146102388825873,0.278231532456474
83,0.01921261989406273,9.976850421273403e-10,0.019212618896377688,0.2590189125624113
84,0.01827278584747436,8.508480973587114e-10,0.018272784996626264,0.2407461267149369
85,0.01733373903676285,7.257449877113984e-10,0.017333738311017862,0.22341238767817415
86,0.016401865865630937,6.191387629746432e-10,0.016401865246492172,0.20701052181254315
87,0.015482805524356569,5.282778746999121e-10,0.015482804996078695,0.1915277162881866
88,0.014581466140242501,4.5082283812482e-10,0.014581465689419664,0.17694625014794407
89,0.013702050848939724,3.847840665889737e-10,0.013702050464155657,0.16324419929900436
90,0.012848091711315589,3.2846916082342106e-10,0.012848091382846427,0.15039610758768882
91,0.0120224895802215,2.804382022169761e-10,0.012022489299783298,0.1383736180074673
92,0.011227558216520734,2.394658240070268e-10,0.01122755797705491,0.12714605979094656
93,0.01046507115527238,2.045090239645959e-10,0.010465070950763355,0.11668098863567418
94,0.009736310023959843,1.7467984212677366e-10,0.00973630984928,0.10694467861171435
95,0.009042113209592586,1.4922216216093088e-10,0.009042113060370423,0.09790256540212176
96,0.008382923956278049,1.2749200896050637e-10,0.00838292382878604,0.08951964144584369
97,0.007758837146541933,1.089408113791213e-10,0.007758837037601122,0.08176080429930177
98,0.007169644176376978,9.310118038885413e-11,0.007169644083275798,0.07459116012292479
99,0.006614875474679063,7.957482173842881e-11,0.006614875395104241,0.06797628464824572
100,0.006093840342026257,6.802226035582825e-11,0.006093840274003996,0.06188244430621947
101,0.005605663891853971,5.815410294425053e-11,0.005605663833699868,0.05627678041436551
102,0.005149320969569513,4.972360685581996e-11,0.005149320919845906,0.05112745944479599
103,0.004723667002924268,4.252035856986238e-11,0.004723666960403909,0.04640379244187173
104,0.004327465801117207,3.636489494303069e-11,0.004327465764752313,0.04207632664075452
105,0.003959414371861266,3.110412567299161e-11,0.003959414340757141,0.03811691226889326
106,0.00361816486628813,2.660743683094536e-11,0.003618164839680693,0.03449874740260513
107,0.0033023437923924907,2.2763373466109034e-11,0.003302343769629117,0.031196403610212642
108,0.003010568659991516,1.9476814669953078e-11,0.003010568640514701,0.028185834950221127
109,0.0027414622351109664,1.6666567533857567e-11,0.002741462218444399,0.025444372715110162
110,0.0024936645904410086,1.4263317499556466e-11,0.002493664576177691,0.02295070812466915
111,0.002265843142077557,1.2207881990363715e-11,0.0022658431298696754,0.020684864982591592
112,0.002056700862126612,1.044972217900207e-11,0.00205670085167689,0.018628164120464984
113,0.0018649828527468933,8.94567451164396e-12,0.0018649828438012188,0.016763181267718093
114,0.0016894814605874484,7.658869350919204e-12,0.001689481452928579,0.015073699807130641
115,0.0015290401019924568,6.55780897836592e-12,0.0015290400954346478,0.013544659705138185
116,0.0013825559593542108,5.6155813405083636e-12,0.0013825559537386295,0.012162103745783977
117,0.0012489816980709384,4.809189443728447e-12,0.001248981693261749,0.010913122047713037
118,0.00112732634210449,4.1189792956324055e-12,0.0011273263379855108,0.009785795705608549
119,0.0010166554344592184,3.5281518345893008e-12,0.0010166554309310666,0.008769140271149329
120,0.0009160905972800924,3.0223464522488176e-12,0.0009160905942577459,0.007853049673869236
121,0.0008248085949025712,2.5892855535455716e-12,0.0008248085923132857,0.007028241078966666
122,0.0007420399922382019,2.218471163657794e-12,0.0007420399900197307,0.006286201086728465
123,0.0006670674904663867,1.900925922916118e-12,0.0006670674885654608,0.005619133596262078
124,0.0005992240122073249,1.6289719438036054e-12,0.000599224010578353,0.005019909584054753
125,0.0005378905992275269,1.3960419687005e-12,0.000537890597831485,0.004482018984827227
126,0.00048249417730714095,1.1965180881628259e-12,0.00048249417611062286,0.0039995248075200855
127,0.00043250523518755115,1.0255939787302444e-12,0.00043250523416195715,0.0035670195723325345
128,0.00038743545751263996,8.791572147526043e-13,0.00038743545663348276,0.003179584114819894
129,0.00034683534535984086,7.536887159833311e-13,0.00034683534460615214,0.0028327487694600547
130,0.00031029185230053237,6.461768248632822e-13,0.0003102918516543555,0.0025224569171595213
131,0.00027742605889959245,5.540438756898223e-13,0.00027742605834554855,0.002245030858259929
132,0.00024789090412259023,4.750834317365499e-13,0.0002478909036475068,0.0019971399541373397
133,0.0002213689882248211,4.07406633940871e-13,0.00022136898781741445,0.0017757709659125185
134,0.00019757045830641167,3.4939633288308627e-13,0.00019757045795701535,0.0015782005076061065
135,0.00017623098478897382,2.9966787028916886e-13,0.00017623098448930595,0.0014019695228171328
136,0.00015710983455926038,2.5703554217537717e-13,0.00015710983430222483,0.0012448596882578722
137,0.00013998804439278615,2.2048391725051956e-13,0.00013998804417230222,0.0011048716438650864
138,0.00012466669647598838,1.8914330490534184e-13,0.00012466669628684508,0.0009802049473890979
139,0.00011096529635195681,1.622687701167181e-13,0.00011096529618968804,0.0008692396510371411
140,9.872025238718888e-05,1.3922218049008623e-13,9.87202522479667e-05,0.0007705193986499524
141,8.778345486288956e-05,1.1945684568235608e-13,8.778345474343273e-05,0.0006827359437870629
142,7.802095200429304e-05,1.0250437348508601e-13,7.802095190178866e-05,0.0006047149917827697
143,6.93117196481884e-05,8.796342151924983e-14,6.931171956022498e-05,0.0005354032721345813
144,6.154652078767236e-05,7.549007017477036e-14,6.154652071218229e-05,0.00047385675134690904
145,5.4626850901959836e-05,6.47895822932402e-14,5.462685083717025e-05,0.0004192299004449492
146,4.846396475802402e-05,5.560934914084824e-14,4.846396470241467e-05,0.0003707659356869252
147,4.297798024226321e-05,4.773285130301793e-14,4.297798019453036e-05,0.00032778795544466193
148,3.8097054728700173e-05,4.097448797961492e-14,3.8097054687725686e-05,0.0002896909007159618
149,3.3756629501695494e-05,3.517514938979012e-14,3.3756629466520344e-05,0.00025593427121426636
150,2.9898737813815683e-05,3.0198425137434135e-14,2.9898737783617258e-05,0.00022603553340045057
151,2.6471372262935156e-05,2.5927356892991475e-14,2.64713722370078e-05,0.0001995641611375155
152,2.3427907307886162e-05,2.2261656999968022e-14,2.3427907285624506e-05,0.00017613625382962932
153,2.0726572901308504e-05,1.9115325943362902e-14,2.072657288219318e-05,0.00015540968092832082
154,1.8329975395238957e-05,1.641461130284096e-14,1.8329975378824346e-05,0.0001370797055330819
155,1.620466206388827e-05,1.4096259095061353e-14,1.6204662049792012e-05,0.00012087504346919361
156,1.4320725784351001e-05,1.210601549151502e-14,1.4320725772244986e-05,0.00010655431768484261
157,1.265144661583967e-05,1.0397342954958236e-14,1.2651446605442327e-05,9.390287106900294e-05
158,1.117296721828315e-05,8.930320018044054e-15,1.117296720935283e-05,8.272990385071979e-05
159,9.863999249232605e-06,7.670698359290132e-15,9.863999241561907e-06,7.28659046014872e-05
160,8.705558071949435e-06,6.589094622769795e-15,8.70555806536034e-06,6.416034652953777e-05
161,7.680723295727585e-06,5.6602976717256795e-15,7.680723290067287e-06,5.647962323381017e-05
162,6.774422850726575e-06,4.862674742016125e-15,6.7744228458639e-06,4.9705200383083606e-05
163,5.9732384729834294e-06,4.17766233670592e-15,5.973238468805767e-06,4.3731961910100175e-05
164,5.265230640225032e-06,3.589329736140889e-15,5.265230636635702e-06,3.846673126987514e-05
165,4.639781155236255e-06,3.084004738019743e-15,4.63978115215225e-06,3.38269501146389e-05
166,4.0874517206603075e-06,2.6499527316266977e-15,4.087451718010355e-06,2.9739498393978585e-05
167,3.599856987174892e-06,2.2771014857035255e-15,3.5998569848977904e-06,2.6139641406803692e-05
168,3.1695506860834016e-06,1.956805121362289e-15,3.1695506841265966e-06,2.2970090720720292e-05
169,2.7899235776642416e-06,1.6816416764292684e-15,2.7899235759826e-06,2.0180167143056052e-05
170,2.455112058389615e-06,1.4452394682947479e-15,2.4551120569443758e-06,1.7725055084666436e-05
171,2.159916373671115e-06,1.2421281480764978e-15,2.159916372428987e-06,1.5565138710995324e-05
172,1.899727478468798e-06,1.0676109262423073e-15,1.899727477401187e-06,1.3665411232526524e-05
173,1.670461676297654e-06,9.176549529418212e-16,1.670461675379999e-06,1.1994949556228872e-05
174,1.4685022482830565e-06,7.887972672876497e-16,1.4685022474942592e-06,1.0526447307945814e-05
175,1.2906473583669332e-06,6.780640990688105e-16,1.2906473576888692e-06,9.235799949578882e-06
176,1.1340635889629392e-06,5.829016227489211e-16,1.1340635883800376e-06,8.101736360615945e-06
177,9.96244523712012e-07,5.011165346909193e-16,9.962445232108955e-07,7.105491836903932e-06
178,8.749738509011784e-07,4.3082505685912545e-16,8.749738504703533e-07,6.230517986002755e-06
179,7.682925129682304e-07,3.704091693419063e-16,7.682925125978212e-07,5.462225473034524e-06
180,6.744694746982212e-07,3.1847904467710087e-16,6.744694743797421e-07,4.7877559983363025e-06
181,5.919757255834007e-07,2.738408032256766e-16,5.919757253095599e-07,4.195780272752902e-06
182,5.194611707071916e-07,2.3546883421855303e-16,5.194611704717228e-07,3.67631910204571e-06
183,4.557340997473484e-07,2.024820345872077e-16,4.557340995448664e-07,3.2205850022983624e-06
184,3.9974295557680226e-07,1.7412340984127272e-16,3.9974295540267886e-07,2.82084204672156e-06
185,3.5056015275697726e-07,1.4974256026901414e-16,3.505601526072347e-07,2.4702818939645826e-06
186,3.073677222327702e-07,1.2878064348793644e-16,3.073677221039895e-07,2.1629141717318122e-06
187,2.6944458199764584e-07,1.1075746247200944e-16,2.694445818868884e-07,1.893469589734167e-06
188,2.3615525463019048e-07,9.526037800780971e-17,2.361552545349301e-07,1.6573143351039763e-06
189,2.0693987162157388e-07,8.193478726537473e-17,2.0693987153963909e-07,1.4503744634824023e-06
190,1.813053215118365e-07,7.047594682287126e-17,1.8130532144136054e-07,1.269069141970566e-06
191,1.5881741421128073e-07,6.062194992454158e-17,1.5881741415065876e-07,1.1102517277592853e-06
192,1.3909394766633552e-07,5.214769472204462e-17,1.3909394761418783e-07,9.7115778009295e-07
193,1.2179857538807546e-07,4.4859703387239226e-17,1.2179857534321575e-07,8.493592047048744e-07
194,1.0663538443415864e-07,3.859167183563459e-17,1.0663538439556697e-07,7.427238202707159e-07
195,9.334410334730316e-08,3.320064683215633e-17,9.334410331410251e-08,6.493797169234126e-07
196,8.169586842032592e-08,2.856374186573647e-17,8.169586839176218e-08,5.676838485030867e-07
197,7.148948458363684e-08,2.4575315720476405e-17,7.148948455906153e-08,4.961943639194498e-07
198,6.254812429072959e-08,2.1144548433646708e-17,6.254812426958504e-08,4.3364623962872035e-07
199,5.471641409663545e-08,1.8193358567426274e-17,5.471641407844209e-08,3.789298255320849e-07
200,4.7857864261382774e-08,1.565461364886814e-17,4.785786424572816e-08,3.310719612707022e-07
201,4.185260173567021e-08,1.3470592437046366e-17,4.185260172219962e-08,2.8921935953503196e-07
202,3.659537136284678e-08,1.159166351715359e-17,3.6595371351255114e-08,2.526239881721852e-07
203,3.199377411730684e-08,9.975149735250725e-18,3.199377410733169e-08,2.2063021405487833e-07
204,2.796671474629708e-08,8.58435229173367e-18,2.7966714737712727e-08,1.9266349930858122e-07
205,2.444303433648196e-08,7.387712007007367e-18,2.4443034329094247e-08,1.6822046497209926e-07
206,2.1360306130320025e-08,6.3580884456731805e-18,2.1360306123961937e-08,1.4686015884177925e-07
207,1.8663775408015098e-08,5.472140309803158e-18,1.8663775402542957e-08,1.2819638343376417e-07
208,1.6305426462313874e-08,4.709792851136862e-18,1.630542645760408e-08,1.1189095697145027e-07
209,1.4243161656036082e-08,4.05378006081485e-18,1.4243161651982302e-08,9.764779531541422e-08
210,1.244007929310164e-08,3.4892511203412346e-18,1.2440079289612388e-08,8.520771602231257e-08
211,1.0863838577278653e-08,3.0034320789928894e-18,1.0863838574275221e-08,7.434387744503393e-08
212,9.4861013006704e-09,2.5853349953185638e-18,9.486101298085066e-09,6.485777614436354e-08
213,8.282041115535126e-09,2.2255078732666284e-18,8.282041113309618e-09,5.657573502882839e-08
214,7.229912315761607e-09,1.9158196622249896e-18,7.229912313845787e-09,4.93458227130668e-08
215,6.310671003711905e-09,1.6492753966348817e-18,6.310671002062629e-09,4.3035151709354895e-08
216,5.5076423580229486e-09,1.4198572435513401e-18,5.507642356603091e-09,3.7527509351331945e-08
217,4.80622846066102e-09,1.2223878216196471e-18,4.806228459438632e-09,3.2721280890670916e-08
218,4.193651798032404e-09,1.052412666199924e-18,4.193651796979991e-09,2.8527629092638528e-08
219,3.6587301310492718e-09,9.06099154632932e-19,3.6587301301431728e-09,2.4868898961589253e-08
220,3.1916789414340108e-09,7.801495830575908e-19,3.191678940653861e-09,2.1677220020155242e-08
221,2.7839381139556367e-09,6.717264104872799e-19,2.78393811328391e-09,1.8893281906199608e-08
222,2.4280199136060036e-09,5.783879645176226e-19,2.4280199130276157e-09,1.6465261992593603e-08
223,2.117375669049851e-09,4.980331425050518e-19,2.117375668551818e-09,1.4347886323543751e-08
224,1.8462788844448378e-09,4.288538478466506e-19,1.846278884015984e-09,1.2501607439098912e-08
225,1.6097227757378283e-09,3.6929407785134886e-19,1.6097227753685341e-09,1.0891884663361086e-08
226,1.403330469070002e-09,3.1801473169491833e-19,1.4033304687519873e-09,9.488554194291084e-09
227,1.2232763117492848e-09,2.7386333759585594e-19,1.2232763114754214e-09,8.2652778825418e-09
228,1.0662169337265657e-09,2.3584801064215866e-19,1.0662169334907177e-09,7.199060948815233e-09
229,9.292308626112303e-10,2.0311504922232633e-19,9.292308624081153e-10,6.269830086204003e-09
230,8.097656406099656e-10,1.7492966098586739e-19,8.097656404350359e-10,5.460064445594038e-09
231,7.055915196964052e-10,1.506593805847725e-19,7.055915195457458e-10,4.754472925897633e-09
232,6.147609238750369e-10,1.2975980276505685e-19,6.147609237452771e-10,4.139712002022596e-09
233,5.355729664096848e-10,1.1176230709320416e-19,5.355729662979225e-10,3.604139035612911e-09
234,4.665423969522036e-10,9.626349592478495e-20,4.665423968559401e-10,3.1375966386607077e-09
235,4.063724300508103e-10,8.291610619019031e-20,4.0637242996789416e-10,2.7312242086098973e-09
236,3.5393097379380584e-10,7.142118907771505e-20,3.5393097372238463e-10,2.3772932348160915e-09
237,3.082298364603287e-10,6.152138050401324e-20,3.082298363988073e-10,2.0690633983557624e-09
238,2.6840654098219597e-10,5.2995110035275555e-20,2.6840654092920083e-10,1.800656857373567e-09
239,2.3370842263161583e-10,4.5651617225726987e-20,2.337084225859642e-10,1.5669484347419515e-09
240,2.0347872539860434e-10,3.9326662660005164e-20,2.0347872535927766e-10,1.3634697093433472e-09
241,1.7714444767926845e-10,3.387883674104881e-20,1.7714444764538961e-10,1.1863252616640787e-09
242,1.5420571875218273e-10,2.918638281492348e-20,1.5420571872299636e-10,1.0321195429118958e-09
243,1.3422651459503649e-10,2.5144462877665242e-20,1.3422651456989203e-10,8.978930283168597e-10
244,1.168265453456969e-10,2.1662804132454382e-20,1.168265453240341e-10,7.810664829711626e-10
245,1.0167416754417619e-10,1.8663673286674296e-20,1.0167416752551251e-10,6.793923154269865e-10
246,8.848019255973461e-11,1.6080132894041682e-20,8.848019254365448e-11,5.909121228672519e-10
247,7.699247862290693e-11,1.3854540425844702e-20,7.699247860905239e-11,5.13919644244345e-10
248,6.69912079204258e-11,1.1937256242548525e-20,6.699120790848855e-11,4.4692843632391915e-10
249,5.828476251352152e-11,1.0285531357424245e-20,5.828476250323599e-11,3.886436738103976e-10
250,5.0706123619401344e-11,8.862549944735514e-21,5.0706123610538795e-11,3.3793755019099623e-10
251,4.410972823863126e-11,7.636605038646967e-21,4.410972823099466e-11,2.9382782195236505e-10
252,3.8368725381790633e-11,6.580388874742415e-21,3.8368725375210244e-11,2.5545909657057436e-10
253,3.3372581391342276e-11,5.670381912087773e-21,3.3372581385671895e-11,2.2208651517923214e-10
254,2.9024990195802335e-11,4.886326798818584e-21,2.9024990190916008e-11,1.9306152498342984e-10
255,2.5242049884217144e-11,4.210775458734573e-21,2.5242049880006368e-11,1.6781947509921262e-10
256,2.1950671847285882e-11,3.628699123741381e-21,2.1950671843657183e-11,1.4586880325192677e-10
257,1.9087192982896558e-11,3.1271525545166977e-21,1.9087192979769405e-11,1.2678161026903022e-10
258,1.6596165183558246e-11,2.6949849115970263e-21,1.6596165180863263e-11,1.1018544508547198e-10
259,1.4429299577178098e-11,2.322590788794676e-21,1.4429299574855508e-11,9.575614550829387e-11
