stage2_rank,is_control,source,stage1_rank,N,start_a,start_b,q1,q2,scan_mode,scan_tail_mass,scan_reached_tol,scan_steps,base_mass,base_tail_mass,base_reached_tol,base_mean,stage2_label,final_label,artifact_reason,stage2_score,final_score,t_main,t_late,min_late_t,raw_peaks,raw_late_ratio,raw_late_valley_ratio,smooth7_peaks,smooth11_peaks,smooth21_peaks,smooth31_peaks,smooth7_late_t,smooth11_late_t,smooth21_late_t,smooth31_late_t,smoothing_persistence,f2_peaks_n,f2_main_n,f2_main_t,f2_late_t,f2_peak_late_ratio,f2_peak_late_valley_ratio,f2_shoulder_t,f2_shoulder_excess,f2_shoulder_score,oscillation_index,repeat2_peaks,early_window,late_window,early_window_mass,late_window_mass,top_k_early,top_k_late,top_k_delta,max_delta,jsd_early_late_bits,C_early_top5,C_late_top5,Delta_top5,attribution_label,top_channel_label,top_channel_t_late,top_channel_f2_late_t,crossing_label,crossing_artifact_reason,crossing_t_late,crossing_score,crossing_mean,crossing_tail_mass,crossing_survives,bounce_label,bounce_artifact_reason,bounce_t_late,bounce_score,bounce_mean,bounce_tail_mass,bounce_survives
1,False,stage2_scan,,31,1,5,0.05,0.02,all_ordered_starts,0.010495857099462557,False,6000.0,0.9999999999738278,2.615102887487444e-11,False,562.1927615208496,robust_shoulder,robust_shoulder,none,154.6062637638424,154.6062637638424,90,136,135,90,0.0,1.0,90,90,90,90,,,,,0,45,45,90,136,0.0,1.0,136,5.238360415899993,23.363910667778974,0.04987492728217532,False,81-99,127-145,0.05695619553809535,0.05081853604507626,4,4,4,-0.03756419709024228,0.0064471017751358654,k=4:0.335122;k=3:0.257083;k=5:0.218927;k=2:0.10869;k=6:0.0539774,k=4:0.297557;k=3:0.244827;k=5:0.21185;k=2:0.117812;k=6:0.082663,k=4:-0.0375642;k=6:0.0286856;k=7:0.0125739;k=3:-0.012256;k=2:0.00912226,same_target_multi_path,robust_shoulder,116,116,robust_shoulder,none,136,154.25229951191864,558.8808014858403,2.550533127893794e-11,True,robust_shoulder,none,114,145.5750153059551,456.044346234106,5.186503535463187e-12,True
2,False,stage2_scan,,31,27,31,0.02,0.05,all_ordered_starts,0.01049585709946255,False,6000.0,0.9999999999738276,2.6151028874874422e-11,False,562.1927615208494,robust_shoulder,robust_shoulder,none,154.60626376384238,154.60626376384238,90,136,135,90,0.0,1.0,90,90,90,90,,,,,0,45,45,90,136,0.0,1.0,136,5.238360415899993,23.36391066777897,0.04987492728217538,False,81-99,127-145,0.05695619553809534,0.050818536045076246,28,28,28,-0.03756419709024228,0.006447101775135838,k=28:0.335122;k=29:0.257083;k=27:0.218927;k=30:0.10869;k=26:0.0539774,k=28:0.297557;k=29:0.244827;k=27:0.21185;k=30:0.117812;k=26:0.082663,k=28:-0.0375642;k=26:0.0286856;k=25:0.0125739;k=29:-0.012256;k=30:0.00912226,same_target_multi_path,robust_shoulder,116,116,robust_shoulder,none,136,154.25229951191858,558.8808014858396,2.5505331278937918e-11,True,robust_shoulder,none,114,145.5750153059551,456.04434623410623,5.186503535463191e-12,True
3,False,stage2_scan,,31,31,27,0.05,0.02,all_ordered_starts,0.010495857099462555,False,6000.0,0.9999999999738283,2.615102887487447e-11,False,562.1927615208499,robust_shoulder,robust_shoulder,none,154.60626376384226,154.60626376384226,90,136,135,90,0.0,1.0,90,90,90,90,,,,,0,45,45,90,136,0.0,1.0,136,5.23836041589999,23.363910667778956,0.04987492728217542,False,81-99,127-145,0.05695619553809537,0.050818536045076274,28,28,28,-0.037564197090242446,0.006447101775135848,k=28:0.335122;k=29:0.257083;k=27:0.218927;k=30:0.10869;k=26:0.0539774,k=28:0.297557;k=29:0.244827;k=27:0.21185;k=30:0.117812;k=26:0.082663,k=28:-0.0375642;k=26:0.0286856;k=25:0.0125739;k=29:-0.012256;k=30:0.00912226,same_target_multi_path,robust_shoulder,116,116,robust_shoulder,none,136,154.2522995119186,558.8808014858413,2.5505331278937908e-11,True,robust_shoulder,none,114,145.5750153059551,456.04434623410657,5.186503535463184e-12,True
4,False,stage2_scan,,31,5,1,0.02,0.05,all_ordered_starts,0.010495857099462545,False,6000.0,0.9999999999738282,2.6151028874874445e-11,False,562.1927615208498,robust_shoulder,robust_shoulder,none,154.6062637638422,154.6062637638422,90,136,135,90,0.0,1.0,90,90,90,90,,,,,0,45,45,90,136,0.0,1.0,136,5.238360415899989,23.363910667778942,0.04987492728217536,False,81-99,127-145,0.056956195538095375,0.05081853604507626,4,4,4,-0.037564197090242335,0.006447101775135784,k=4:0.335122;k=3:0.257083;k=5:0.218927;k=2:0.10869;k=6:0.0539774,k=4:0.297557;k=3:0.244827;k=5:0.21185;k=2:0.117812;k=6:0.082663,k=4:-0.0375642;k=6:0.0286856;k=7:0.0125739;k=3:-0.012256;k=2:0.00912226,same_target_multi_path,robust_shoulder,116,116,robust_shoulder,none,136,154.25229951191864,558.8808014858419,2.5505331278937937e-11,True,robust_shoulder,none,114,145.5750153059551,456.0443462341061,5.18650353546319e-12,True
5,False,stage2_scan,,31,1,7,0.1,0.02,all_ordered_starts,0.004978079440274241,False,6000.0,0.9999999999990112,9.997905227270636e-13,True,508.93902048154195,robust_shoulder,robust_shoulder,none,133.38179856970964,133.38179856970964,115,174,173,115,0.0,1.0,115,2;115,2;115,115,,,,,0,58,58,116,174,0.0,1.0,174,4.010960123606507,17.7982591088647,0.049920210096285556,False,104-126,163-185,0.05891245809370649,0.052313846896958366,6,6,6,-0.04448020295363292,0.009511867511451354,k=6:0.286913;k=7:0.231128;k=5:0.211808;k=4:0.103355;k=8:0.0952382,k=6:0.242433;k=7:0.204695;k=5:0.198;k=8:0.115597;k=4:0.115495,k=6:-0.0444802;k=7:-0.0264324;k=9:0.021788;k=8:0.0203592;k=5:-0.0138081,same_target_multi_path,robust_shoulder,140,140,robust_shoulder,none,174,132.43779438611577,505.97936455133583,9.998540132767718e-13,True,robust_shoulder,none,150,125.91636455247692,437.98097782863766,9.999836137158772e-13,True
6,False,stage2_scan,,31,31,25,0.1,0.02,all_ordered_starts,0.0049780794402742405,False,6000.0,0.999999999999012,9.997905227270636e-13,True,508.9390204815423,robust_shoulder,robust_shoulder,none,133.3817985697095,133.3817985697095,115,174,173,115,0.0,1.0,115,2;115,2;115,115,,,,,0,58,58,116,174,0.0,1.0,174,4.0109601236065044,17.79825910886468,0.049920210096285576,False,104-126,163-185,0.05891245809370651,0.052313846896958414,26,26,26,-0.044480202953632864,0.009511867511451345,k=26:0.286913;k=25:0.231128;k=27:0.211808;k=28:0.103355;k=24:0.0952382,k=26:0.242433;k=25:0.204695;k=27:0.198;k=24:0.115597;k=28:0.115495,k=26:-0.0444802;k=25:-0.0264324;k=23:0.021788;k=24:0.0203592;k=27:-0.0138081,same_target_multi_path,robust_shoulder,140,140,robust_shoulder,none,174,132.43779438611574,505.97936455133583,9.998540132767714e-13,True,robust_shoulder,none,150,125.91636455247695,437.98097782863744,9.99983613715875e-13,True
7,False,stage2_scan,,31,7,1,0.02,0.1,all_ordered_starts,0.004978079440274237,False,6000.0,0.999999999999012,9.997905227270632e-13,True,508.93902048154234,robust_shoulder,robust_shoulder,none,133.3817985697095,133.3817985697095,115,174,173,115,0.0,1.0,115,2;115,2;115,115,,,,,0,58,58,116,174,0.0,1.0,174,4.010960123606503,17.79825910886468,0.049920210096285576,False,104-126,163-185,0.05891245809370651,0.05231384689695842,6,6,6,-0.04448020295363278,0.009511867511451312,k=6:0.286913;k=7:0.231128;k=5:0.211808;k=4:0.103355;k=8:0.0952382,k=6:0.242433;k=7:0.204695;k=5:0.198;k=8:0.115597;k=4:0.115495,k=6:-0.0444802;k=7:-0.0264324;k=9:0.021788;k=8:0.0203592;k=5:-0.0138081,same_target_multi_path,robust_shoulder,140,140,robust_shoulder,none,174,132.43779438611583,505.97936455133595,9.998540132767738e-13,True,robust_shoulder,none,150,125.91636455247692,437.98097782863766,9.999836137158768e-13,True
8,False,stage2_scan,,31,25,31,0.02,0.1,all_ordered_starts,0.004978079440274237,False,6000.0,0.9999999999990113,9.997905227270642e-13,True,508.93902048154195,robust_shoulder,robust_shoulder,none,133.38179856970942,133.38179856970942,115,174,173,115,0.0,1.0,115,2;115,2;115,115,,,,,0,58,58,116,174,0.0,1.0,174,4.010960123606504,17.79825910886467,0.04992021009628555,False,104-126,163-185,0.058912458093706495,0.05231384689695837,26,26,26,-0.044480202953632975,0.00951186751145134,k=26:0.286913;k=25:0.231128;k=27:0.211808;k=28:0.103355;k=24:0.0952382,k=26:0.242433;k=25:0.204695;k=27:0.198;k=24:0.115597;k=28:0.115495,k=26:-0.0444802;k=25:-0.0264324;k=23:0.021788;k=24:0.0203592;k=27:-0.0138081,same_target_multi_path,robust_shoulder,140,140,robust_shoulder,none,174,132.4377943861157,505.9793645513362,9.998540132767722e-13,True,robust_shoulder,none,150,125.91636455247698,437.98097782863744,9.999836137158757e-13,True
9,False,stage2_scan,,31,4,1,0.02,0.05,all_ordered_starts,0.005292199727844952,False,6000.0,0.9999999999868228,1.3165438294634717e-11,False,350.46165307901094,robust_shoulder,robust_shoulder,none,133.27280239440677,133.27280239440677,53,80,80,53,0.0,1.0,53,53,53,53,,,,,0,27,27,54,80,0.0,1.0,80,5.830198687174577,26.285579851160126,0.04968871325521841,False,48-58,75-85,0.05340831193560842,0.048087922352628584,3,3,5,0.030666112433009762,0.005248360397857411,k=3:0.40122;k=4:0.307159;k=2:0.209577;k=5:0.041403;k=1:0.0380881,k=3:0.372669;k=4:0.289703;k=2:0.213599;k=5:0.0720691;k=1:0.0424573,k=5:0.0306661;k=3:-0.0285512;k=4:-0.0174557;k=6:0.0063587;k=1:0.00436915,same_target_multi_path,robust_shoulder,72,72,robust_shoulder,none,80,132.6170711090929,347.4495245684422,1.2679930130226115e-11,True,robust_shoulder,none,64,122.57793495395347,267.194808589495,2.3895062184075036e-12,True
10,False,stage2_scan,,31,1,4,0.05,0.02,all_ordered_starts,0.0052921997278449545,False,6000.0,0.999999999986823,1.3165438294634698e-11,False,350.46165307901117,robust_shoulder,robust_shoulder,none,133.27280239440665,133.27280239440665,53,80,80,53,0.0,1.0,53,53,53,53,,,,,0,27,27,54,80,0.0,1.0,80,5.830198687174572,26.285579851160104,0.04968871325521841,False,48-58,75-85,0.05340831193560842,0.0480879223526286,3,3,5,0.030666112433009783,0.005248360397857473,k=3:0.40122;k=4:0.307159;k=2:0.209577;k=5:0.041403;k=1:0.0380881,k=3:0.372669;k=4:0.289703;k=2:0.213599;k=5:0.0720691;k=1:0.0424573,k=5:0.0306661;k=3:-0.0285512;k=4:-0.0174557;k=6:0.0063587;k=1:0.00436915,same_target_multi_path,robust_shoulder,72,72,robust_shoulder,none,80,132.61707110909296,347.44952456844123,1.2679930130226096e-11,True,robust_shoulder,none,64,122.5779349539535,267.19480858949527,2.3895062184075137e-12,True
11,False,stage2_scan,,31,28,31,0.02,0.05,all_ordered_starts,0.0052921997278449475,False,6000.0,0.9999999999868232,1.3165438294634734e-11,False,350.4616530790113,robust_shoulder,robust_shoulder,none,133.27280239440665,133.27280239440665,53,80,80,53,0.0,1.0,53,53,53,53,,,,,0,27,27,54,80,0.0,1.0,80,5.83019868717457,26.2855798511601,0.049688713255218356,False,48-58,75-85,0.05340831193560841,0.0480879223526286,29,29,27,0.03066611243300983,0.0052483603978575166,k=29:0.40122;k=28:0.307159;k=30:0.209577;k=27:0.041403;k=31:0.0380881,k=29:0.372669;k=28:0.289703;k=30:0.213599;k=27:0.0720691;k=31:0.0424573,k=27:0.0306661;k=29:-0.0285512;k=28:-0.0174557;k=26:0.0063587;k=31:0.00436915,same_target_multi_path,robust_shoulder,72,72,robust_shoulder,none,80,132.6170711090929,347.44952456844123,1.2679930130226109e-11,True,robust_shoulder,none,64,122.57793495395357,267.1948085894952,2.38950621840752e-12,True
12,False,stage2_scan,,31,31,28,0.05,0.02,all_ordered_starts,0.005292199727844954,False,6000.0,0.9999999999868232,1.3165438294634747e-11,False,350.4616530790113,robust_shoulder,robust_shoulder,none,133.2728023944066,133.2728023944066,53,80,80,53,0.0,1.0,53,53,53,53,,,,,0,27,27,54,80,0.0,1.0,80,5.83019868717457,26.285579851160094,0.04968871325521841,False,48-58,75-85,0.05340831193560842,0.0480879223526286,29,29,27,0.03066611243300981,0.0052483603978575495,k=29:0.40122;k=28:0.307159;k=30:0.209577;k=27:0.041403;k=31:0.0380881,k=29:0.372669;k=28:0.289703;k=30:0.213599;k=27:0.0720691;k=31:0.0424573,k=27:0.0306661;k=29:-0.0285512;k=28:-0.0174557;k=26:0.0063587;k=31:0.00436915,same_target_multi_path,robust_shoulder,72,72,robust_shoulder,none,80,132.61707110909285,347.44952456844226,1.2679930130226114e-11,True,robust_shoulder,none,64,122.57793495395347,267.1948085894951,2.3895062184075125e-12,True
13,False,stage2_scan,,31,1,6,0.05,0.05,all_ordered_starts,0.026447624694376694,False,6000.0,0.9999999999989629,9.998770147534806e-13,True,837.1493798232841,robust_shoulder,robust_shoulder,none,123.61348444182873,123.61348444182873,91,138,137,91,0.0,1.0,91,91,91,91,,,,,0,46,46,92,138,0.0,1.0,138,4.195637153437053,18.480407117596524,0.049861932864716456,False,82-100,129-147,0.051677924408921626,0.04554864546806994,3,3,3,-0.02695018090651763,0.00639911475645796,k=3:0.263019;k=4:0.245552;k=2:0.185417;k=5:0.15431;k=6:0.0652448,k=3:0.236069;k=4:0.226023;k=2:0.174866;k=5:0.161471;k=6:0.0871726,k=3:-0.0269502;k=6:0.0219278;k=4:-0.019529;k=7:0.0171813;k=2:-0.0105513,same_target_multi_path,robust_shoulder,120,120,robust_shoulder,none,138,123.48567822843295,834.0456620079271,9.99828059705362e-13,True,robust_shoulder,none,118,119.10715324859945,718.5787241667356,9.997684083035162e-13,True
14,False,stage2_scan,,31,6,1,0.05,0.05,all_ordered_starts,0.026447624694376688,False,6000.0,0.9999999999989635,9.998770147534792e-13,True,837.1493798232843,robust_shoulder,robust_shoulder,none,123.61348444182872,123.61348444182872,91,138,137,91,0.0,1.0,91,91,91,91,,,,,0,46,46,92,138,0.0,1.0,138,4.195637153437053,18.48040711759652,0.04986193286471651,False,82-100,129-147,0.05167792440892164,0.045548645468069957,3,3,3,-0.026950180906517684,0.006399114756457953,k=3:0.263019;k=4:0.245552;k=2:0.185417;k=5:0.15431;k=6:0.0652448,k=3:0.236069;k=4:0.226023;k=2:0.174866;k=5:0.161471;k=6:0.0871726,k=3:-0.0269502;k=6:0.0219278;k=4:-0.019529;k=7:0.0171813;k=2:-0.0105513,same_target_multi_path,robust_shoulder,120,120,robust_shoulder,none,138,123.48567822843296,834.045662007927,9.99828059705361e-13,True,robust_shoulder,none,118,119.10715324859949,718.5787241667354,9.997684083035144e-13,True
15,False,stage2_scan,,31,31,26,0.05,0.05,all_ordered_starts,0.026447624694376684,False,6000.0,0.9999999999989632,9.998770147534808e-13,True,837.1493798232842,robust_shoulder,robust_shoulder,none,123.61348444182869,123.61348444182869,91,138,137,91,0.0,1.0,91,91,91,91,,,,,0,46,46,92,138,0.0,1.0,138,4.195637153437053,18.480407117596517,0.049861932864716435,False,82-100,129-147,0.05167792440892165,0.04554864546806994,29,29,29,-0.026950180906517657,0.006399114756457946,k=29:0.263019;k=28:0.245552;k=30:0.185417;k=27:0.15431;k=26:0.0652448,k=29:0.236069;k=28:0.226023;k=30:0.174866;k=27:0.161471;k=26:0.0871726,k=29:-0.0269502;k=26:0.0219278;k=28:-0.019529;k=25:0.0171813;k=30:-0.0105513,same_target_multi_path,robust_shoulder,120,120,robust_shoulder,none,138,123.48567822843304,834.0456620079267,9.99828059705357e-13,True,robust_shoulder,none,118,119.10715324859945,718.5787241667358,9.997684083035144e-13,True
16,False,stage2_scan,,31,26,31,0.05,0.05,all_ordered_starts,0.026447624694376698,False,6000.0,0.9999999999989632,9.998770147534773e-13,True,837.149379823284,robust_shoulder,robust_shoulder,none,123.61348444182862,123.61348444182862,91,138,137,91,0.0,1.0,91,91,91,91,,,,,0,46,46,92,138,0.0,1.0,138,4.195637153437051,18.480407117596506,0.049861932864716484,False,82-100,129-147,0.051677924408921654,0.045548645468069957,29,29,29,-0.02695018090651774,0.0063991147564579735,k=29:0.263019;k=28:0.245552;k=30:0.185417;k=27:0.15431;k=26:0.0652448,k=29:0.236069;k=28:0.226023;k=30:0.174866;k=27:0.161471;k=26:0.0871726,k=29:-0.0269502;k=26:0.0219278;k=28:-0.019529;k=25:0.0171813;k=30:-0.0105513,same_target_multi_path,robust_shoulder,120,120,robust_shoulder,none,138,123.48567822843302,834.0456620079269,9.998280597053542e-13,True,robust_shoulder,none,118,119.10715324859947,718.5787241667356,9.997684083035162e-13,True
17,False,stage2_scan,,31,31,26,0.1,0.02,all_ordered_starts,0.002777669720158435,False,6000.0,0.9999999999990089,9.998064523407589e-13,True,368.1001791479109,robust_shoulder,robust_shoulder,none,121.48243989453637,121.48243989453637,82,124,123,82,0.0,1.0,2;82,2;82,82,82,,,,,0,41,41,82,124,0.0,1.0,124,4.319297351095889,19.212347000689572,0.049847520800459254,False,74-90,116-132,0.06041871127495311,0.05375085945432413,27,27,27,-0.0423033718455999,0.008918246803597742,k=27:0.325499;k=26:0.284216;k=28:0.195307;k=25:0.089317;k=29:0.0714697,k=27:0.283196;k=26:0.248339;k=28:0.195409;k=25:0.117968;k=29:0.0869843,k=27:-0.0423034;k=26:-0.035877;k=25:0.0286512;k=24:0.0194552;k=29:0.0155146,same_target_multi_path,robust_shoulder,104,104,robust_shoulder,none,124,119.7487791072597,365.2070340740434,9.998011643186558e-13,True,robust_shoulder,none,104,113.744175399522,308.10340506731717,9.999516037511636e-13,True
18,False,stage2_scan,,31,6,1,0.02,0.1,all_ordered_starts,0.002777669720158432,False,6000.0,0.9999999999990089,9.998064523407589e-13,True,368.10017914791104,robust_shoulder,robust_shoulder,none,121.48243989453636,121.48243989453636,82,124,123,82,0.0,1.0,2;82,2;82,82,82,,,,,0,41,41,82,124,0.0,1.0,124,4.319297351095887,19.21234700068957,0.049847520800459316,False,74-90,116-132,0.0604187112749531,0.05375085945432413,5,5,5,-0.04230337184559996,0.008918246803597832,k=5:0.325499;k=6:0.284216;k=4:0.195307;k=7:0.089317;k=3:0.0714697,k=5:0.283196;k=6:0.248339;k=4:0.195409;k=7:0.117968;k=3:0.0869843,k=5:-0.0423034;k=6:-0.035877;k=7:0.0286512;k=8:0.0194552;k=3:0.0155146,same_target_multi_path,robust_shoulder,104,104,robust_shoulder,none,124,119.74877910725972,365.2070340740436,9.99801164318657e-13,True,robust_shoulder,none,104,113.74417539952209,308.1034050673172,9.999516037511644e-13,True
19,False,stage2_scan,,31,26,31,0.02,0.1,all_ordered_starts,0.002777669720158434,False,6000.0,0.9999999999990085,9.99806452340759e-13,True,368.1001791479107,robust_shoulder,robust_shoulder,none,121.48243989453636,121.48243989453636,82,124,123,82,0.0,1.0,2;82,2;82,82,82,,,,,0,41,41,82,124,0.0,1.0,124,4.31929735109589,19.21234700068957,0.04984752080045933,False,74-90,116-132,0.06041871127495309,0.05375085945432409,27,27,27,-0.04230337184559996,0.00891824680359781,k=27:0.325499;k=26:0.284216;k=28:0.195307;k=25:0.089317;k=29:0.0714697,k=27:0.283196;k=26:0.248339;k=28:0.195409;k=25:0.117968;k=29:0.0869843,k=27:-0.0423034;k=26:-0.035877;k=25:0.0286512;k=24:0.0194552;k=29:0.0155146,same_target_multi_path,robust_shoulder,104,104,robust_shoulder,none,124,119.74877910725972,365.20703407404346,9.998011643186534e-13,True,robust_shoulder,none,104,113.74417539952209,308.1034050673172,9.999516037511646e-13,True
20,False,stage2_scan,,31,1,6,0.1,0.02,all_ordered_starts,0.002777669720158435,False,6000.0,0.9999999999990087,9.998064523407589e-13,True,368.1001791479109,robust_shoulder,robust_shoulder,none,121.48243989453633,121.48243989453633,82,124,123,82,0.0,1.0,2;82,2;82,82,82,,,,,0,41,41,82,124,0.0,1.0,124,4.319297351095888,19.212347000689565,0.04984752080045922,False,74-90,116-132,0.0604187112749531,0.05375085945432412,5,5,5,-0.0423033718455999,0.008918246803597806,k=5:0.325499;k=6:0.284216;k=4:0.195307;k=7:0.089317;k=3:0.0714697,k=5:0.283196;k=6:0.248339;k=4:0.195409;k=7:0.117968;k=3:0.0869843,k=5:-0.0423034;k=6:-0.035877;k=7:0.0286512;k=8:0.0194552;k=3:0.0155146,same_target_multi_path,robust_shoulder,104,104,robust_shoulder,none,124,119.7487791072597,365.20703407404346,9.998011643186556e-13,True,robust_shoulder,none,104,113.744175399522,308.1034050673171,9.99951603751166e-13,True
21,False,stage2_scan,,21,16,21,0.02,0.05,all_ordered_starts,0.013135541784192399,False,6000.0,0.999999999998971,9.99996848499367e-13,True,743.405727294505,robust_shoulder,robust_shoulder,none,118.75234779544137,118.75234779544137,137,206,206,137,0.0,1.0,137,137,137,137,,,,,0,69,69,138,206,0.0,1.0,206,3.3106723539461393,14.653096129786896,0.04994276301782357,False,124-150,193-219,0.05488878043761102,0.04862449309903786,17,17,17,-0.032673451723983754,0.007128410678292391,k=17:0.269135;k=18:0.257328;k=16:0.169184;k=19:0.157989;k=20:0.0618538,k=17:0.236461;k=18:0.231237;k=16:0.168556;k=19:0.158537;k=15:0.0829924,k=17:-0.0326735;k=18:-0.0260907;k=15:0.0237822;k=14:0.0161668;k=20:0.00919645,same_target_multi_path,robust_shoulder,170,170,robust_shoulder,none,204,118.71970276237158,740.8305257009623,9.998768275643707e-13,True,robust_shoulder,none,174,114.0109334114986,627.7838310633429,9.99672202336328e-13,True
22,False,stage2_scan,,21,1,6,0.05,0.02,all_ordered_starts,0.013135541784192397,False,6000.0,0.9999999999989706,9.999968484993627e-13,True,743.4057272945048,robust_shoulder,robust_shoulder,none,118.75234779544124,118.75234779544124,137,206,206,137,0.0,1.0,137,137,137,137,,,,,0,69,69,138,206,0.0,1.0,206,3.3106723539461385,14.653096129786881,0.049942763017823535,False,124-150,193-219,0.054888780437611015,0.04862449309903783,5,5,5,-0.032673451723983976,0.0071284106782923806,k=5:0.269135;k=4:0.257328;k=6:0.169184;k=3:0.157989;k=2:0.0618538,k=5:0.236461;k=4:0.231237;k=6:0.168556;k=3:0.158537;k=7:0.0829924,k=5:-0.0326735;k=4:-0.0260907;k=7:0.0237822;k=8:0.0161668;k=2:0.00919645,same_target_multi_path,robust_shoulder,170,170,robust_shoulder,none,204,118.71970276237157,740.8305257009622,9.998768275643693e-13,True,robust_shoulder,none,174,114.01093341149858,627.7838310633429,9.99672202336332e-13,True
23,False,stage2_scan,,21,21,16,0.05,0.02,all_ordered_starts,0.013135541784192403,False,6000.0,0.9999999999989706,9.999968484993655e-13,True,743.4057272945049,robust_shoulder,robust_shoulder,none,118.75234779544121,118.75234779544121,137,206,206,137,0.0,1.0,137,137,137,137,,,,,0,69,69,138,206,0.0,1.0,206,3.3106723539461385,14.653096129786878,0.04994276301782356,False,124-150,193-219,0.05488878043761101,0.04862449309903782,17,17,17,-0.03267345172398384,0.007128410678292422,k=17:0.269135;k=18:0.257328;k=16:0.169184;k=19:0.157989;k=20:0.0618538,k=17:0.236461;k=18:0.231237;k=16:0.168556;k=19:0.158537;k=15:0.0829924,k=17:-0.0326735;k=18:-0.0260907;k=15:0.0237822;k=14:0.0161668;k=20:0.00919645,same_target_multi_path,robust_shoulder,170,170,robust_shoulder,none,204,118.71970276237148,740.8305257009652,9.998768275643748e-13,True,robust_shoulder,none,174,114.01093341149853,627.7838310633432,9.996722023363284e-13,True
24,False,stage2_scan,,21,6,1,0.02,0.05,all_ordered_starts,0.013135541784192396,False,6000.0,0.9999999999989708,9.999968484993671e-13,True,743.4057272945051,robust_shoulder,robust_shoulder,none,118.75234779544115,118.75234779544115,137,206,206,137,0.0,1.0,137,137,137,137,,,,,0,69,69,138,206,0.0,1.0,206,3.3106723539461367,14.65309612978687,0.04994276301782366,False,124-150,193-219,0.05488878043761102,0.04862449309903783,5,5,5,-0.032673451723984004,0.007128410678292497,k=5:0.269135;k=4:0.257328;k=6:0.169184;k=3:0.157989;k=2:0.0618538,k=5:0.236461;k=4:0.231237;k=6:0.168556;k=3:0.158537;k=7:0.0829924,k=5:-0.0326735;k=4:-0.0260907;k=7:0.0237822;k=8:0.0161668;k=2:0.00919645,same_target_multi_path,robust_shoulder,170,170,robust_shoulder,none,204,118.71970276237148,740.8305257009656,9.998768275643746e-13,True,robust_shoulder,none,174,114.0109334114986,627.7838310633433,9.996722023363314e-13,True
25,False,stage2_scan,,21,1,5,0.05,0.02,all_ordered_starts,0.007703126729713817,False,6000.0,0.9999999999989815,9.997198729800316e-13,True,522.0935508203436,robust_shoulder,robust_shoulder,none,118.64502923729641,118.64502923729641,90,136,135,90,0.0,1.0,90,90,90,90,,,,,0,45,45,90,136,0.0,1.0,136,4.019923964072286,17.92949261428634,0.04987492728217532,False,81-99,127-145,0.05695619553809535,0.05081853604507626,4,4,4,-0.03756419709024228,0.006447101775135754,k=4:0.335122;k=3:0.257083;k=5:0.218927;k=2:0.10869;k=6:0.0539774,k=4:0.297557;k=3:0.244827;k=5:0.21185;k=2:0.117812;k=6:0.082663,k=4:-0.0375642;k=6:0.0286856;k=7:0.0125739;k=3:-0.012256;k=2:0.00912226,same_target_multi_path,robust_shoulder,116,116,robust_shoulder,none,136,118.6090898295652,519.6293213244815,9.996779888265948e-13,True,robust_shoulder,none,114,113.19110853180271,424.45925056451324,9.999714586817945e-13,True
26,False,stage2_scan,,21,5,1,0.02,0.05,all_ordered_starts,0.007703126729713818,False,6000.0,0.9999999999989819,9.997198729800316e-13,True,522.0935508203439,robust_shoulder,robust_shoulder,none,118.64502923729634,118.64502923729634,90,136,135,90,0.0,1.0,90,90,90,90,,,,,0,45,45,90,136,0.0,1.0,136,4.019923964072286,17.92949261428633,0.04987492728217536,False,81-99,127-145,0.056956195538095375,0.05081853604507626,4,4,4,-0.037564197090242335,0.006447101775135838,k=4:0.335122;k=3:0.257083;k=5:0.218927;k=2:0.10869;k=6:0.0539774,k=4:0.297557;k=3:0.244827;k=5:0.21185;k=2:0.117812;k=6:0.082663,k=4:-0.0375642;k=6:0.0286856;k=7:0.0125739;k=3:-0.012256;k=2:0.00912226,same_target_multi_path,robust_shoulder,116,116,robust_shoulder,none,136,118.6090898295651,519.629321324483,9.996779888265924e-13,True,robust_shoulder,none,114,113.19110853180275,424.45925056451335,9.99971458681795e-13,True
27,False,stage2_scan,,21,17,21,0.02,0.05,all_ordered_starts,0.007703126729713819,False,6000.0,0.9999999999989815,9.997198729800272e-13,True,522.0935508203435,robust_shoulder,robust_shoulder,none,118.6450292372963,118.6450292372963,90,136,135,90,0.0,1.0,90,90,90,90,,,,,0,45,45,90,136,0.0,1.0,136,4.019923964072283,17.92949261428632,0.04987492728217538,False,81-99,127-145,0.05695619553809534,0.050818536045076246,18,18,18,-0.03756419709024228,0.006447101775135834,k=18:0.335122;k=19:0.257083;k=17:0.218927;k=20:0.10869;k=16:0.0539774,k=18:0.297557;k=19:0.244827;k=17:0.21185;k=20:0.117812;k=16:0.082663,k=18:-0.0375642;k=16:0.0286856;k=15:0.0125739;k=19:-0.012256;k=20:0.00912226,same_target_multi_path,robust_shoulder,116,116,robust_shoulder,none,136,118.60908982956506,519.6293213244809,9.996779888265983e-13,True,robust_shoulder,none,114,113.1911085318026,424.45925056451347,9.999714586818006e-13,True
28,False,stage2_scan,,21,21,17,0.05,0.02,all_ordered_starts,0.007703126729713825,False,6000.0,0.9999999999989821,9.997198729800302e-13,True,522.0935508203438,robust_shoulder,robust_shoulder,none,118.6450292372963,118.6450292372963,90,136,135,90,0.0,1.0,90,90,90,90,,,,,0,45,45,90,136,0.0,1.0,136,4.019923964072284,17.92949261428632,0.049874927282175366,False,81-99,127-145,0.05695619553809537,0.050818536045076274,18,18,18,-0.037564197090242446,0.006447101775135845,k=18:0.335122;k=19:0.257083;k=17:0.218927;k=20:0.10869;k=16:0.0539774,k=18:0.297557;k=19:0.244827;k=17:0.21185;k=20:0.117812;k=16:0.082663,k=18:-0.0375642;k=16:0.0286856;k=15:0.0125739;k=19:-0.012256;k=20:0.00912226,same_target_multi_path,robust_shoulder,116,116,robust_shoulder,none,136,118.60908982956497,519.6293213244826,9.996779888265989e-13,True,robust_shoulder,none,114,113.19110853180267,424.4592505645138,9.999714586818065e-13,True
29,False,stage2_scan,,31,27,31,0.05,0.05,all_ordered_starts,0.017824927989496017,False,6000.0,0.9999999999989718,9.998825691553428e-13,True,610.9372497087777,robust_shoulder,robust_shoulder,none,117.65795753739292,117.65795753739292,60,90,90,60,0.0,1.0,60,60,60,60,,,,,0,30,30,60,90,0.0,1.0,90,4.917206933088677,22.015134714092717,0.049701718745442526,False,54-66,84-96,0.05213935082565325,0.0466571150235581,29,29,29,-0.027211909919509336,0.004894316193107532,k=29:0.318119;k=30:0.260595;k=28:0.2207;k=31:0.0933491;k=27:0.0861751,k=29:0.290907;k=30:0.244509;k=28:0.218989;k=27:0.107907;k=31:0.093215,k=29:-0.0272119;k=27:0.0217314;k=26:0.0167519;k=30:-0.0160863;k=25:0.0054781,same_target_multi_path,robust_shoulder,80,80,robust_shoulder,none,90,117.52951958539217,608.1359607367226,9.998434295728966e-13,True,robust_shoulder,none,76,113.89012902562773,507.21662337917036,9.99968689070703e-13,True
30,False,stage2_scan,,31,31,27,0.05,0.05,all_ordered_starts,0.01782492798949602,False,6000.0,0.9999999999989719,9.99882569155344e-13,True,610.9372497087777,robust_shoulder,robust_shoulder,none,117.65795753739289,117.65795753739289,60,90,90,60,0.0,1.0,60,60,60,60,,,,,0,30,30,60,90,0.0,1.0,90,4.917206933088677,22.015134714092714,0.049701718745442505,False,54-66,84-96,0.05213935082565326,0.046657115023558106,29,29,29,-0.02721190991950928,0.004894316193107562,k=29:0.318119;k=30:0.260595;k=28:0.2207;k=31:0.0933491;k=27:0.0861751,k=29:0.290907;k=30:0.244509;k=28:0.218989;k=27:0.107907;k=31:0.093215,k=29:-0.0272119;k=27:0.0217314;k=26:0.0167519;k=30:-0.0160863;k=25:0.0054781,same_target_multi_path,robust_shoulder,80,80,robust_shoulder,none,90,117.52951958539221,608.1359607367231,9.998434295728974e-13,True,robust_shoulder,none,76,113.89012902562777,507.21662337917036,9.999686890707016e-13,True
31,False,stage2_scan,,31,1,5,0.05,0.05,all_ordered_starts,0.01782492798949601,False,6000.0,0.9999999999989719,9.998825691553428e-13,True,610.9372497087777,robust_shoulder,robust_shoulder,none,117.65795753739286,117.65795753739286,60,90,90,60,0.0,1.0,60,60,60,60,,,,,0,30,30,60,90,0.0,1.0,90,4.917206933088676,22.015134714092707,0.04970171874544256,False,54-66,84-96,0.052139350825653255,0.0466571150235581,3,3,3,-0.02721190991950928,0.004894316193107578,k=3:0.318119;k=2:0.260595;k=4:0.2207;k=1:0.0933491;k=5:0.0861751,k=3:0.290907;k=2:0.244509;k=4:0.218989;k=5:0.107907;k=1:0.093215,k=3:-0.0272119;k=5:0.0217314;k=6:0.0167519;k=2:-0.0160863;k=7:0.0054781,same_target_multi_path,robust_shoulder,80,80,robust_shoulder,none,90,117.5295195853922,608.1359607367226,9.998434295728964e-13,True,robust_shoulder,none,76,113.89012902562776,507.21662337917036,9.999686890706985e-13,True
32,False,stage2_scan,,31,5,1,0.05,0.05,all_ordered_starts,0.017824927989496024,False,6000.0,0.9999999999989719,9.998825691553448e-13,True,610.9372497087777,robust_shoulder,robust_shoulder,none,117.65795753739282,117.65795753739282,60,90,90,60,0.0,1.0,60,60,60,60,,,,,0,30,30,60,90,0.0,1.0,90,4.917206933088676,22.0151347140927,0.04970171874544246,False,54-66,84-96,0.05213935082565327,0.0466571150235581,3,3,3,-0.027211909919509336,0.004894316193107651,k=3:0.318119;k=2:0.260595;k=4:0.2207;k=1:0.0933491;k=5:0.0861751,k=3:0.290907;k=2:0.244509;k=4:0.218989;k=5:0.107907;k=1:0.093215,k=3:-0.0272119;k=5:0.0217314;k=6:0.0167519;k=2:-0.0160863;k=7:0.0054781,same_target_multi_path,robust_shoulder,80,80,robust_shoulder,none,90,117.5295195853923,608.1359607367223,9.998434295728974e-13,True,robust_shoulder,none,76,113.89012902562776,507.21662337917013,9.999686890707042e-13,True
33,False,stage2_scan,,31,8,1,0.05,0.1,all_ordered_starts,0.01361393736547264,False,6000.0,0.9999999999989905,9.99830053662058e-13,True,714.0437635133001,robust_shoulder,robust_shoulder,none,115.98530501930252,115.98530501930252,119,180,179,119,0.0,1.0,119,3;119,4;119,119,,,,,0,60,60,120,180,0.0,1.0,180,3.4791876217549564,15.221041163793773,0.049917130393335125,False,107-131,168-192,0.058557654224613315,0.05129040311851643,6,6,6,-0.025778036530840653,0.008123245089230076,k=6:0.197947;k=5:0.193103;k=7:0.158056;k=4:0.147746;k=8:0.0976999,k=6:0.172169;k=5:0.169029;k=7:0.147425;k=4:0.138445;k=8:0.106332,k=6:-0.025778;k=5:-0.0240738;k=9:0.0179515;k=10:0.0158383;k=7:-0.0106313,same_target_multi_path,robust_shoulder,146,146,robust_shoulder,none,178,115.96915089654587,710.0158778956213,9.997315244946182e-13,True,robust_shoulder,none,158,112.34770917563392,632.5047618279293,9.996921921023604e-13,True
34,False,stage2_scan,,31,31,24,0.1,0.05,all_ordered_starts,0.013613937365472648,False,6000.0,0.999999999998991,9.998300536620613e-13,True,714.0437635133003,robust_shoulder,robust_shoulder,none,115.9853050193025,115.9853050193025,119,180,179,119,0.0,1.0,119,3;119,4;119,119,,,,,0,60,60,120,180,0.0,1.0,180,3.4791876217549564,15.221041163793771,0.04991713039333515,False,107-131,168-192,0.058557654224613356,0.051290403118516466,26,26,26,-0.02577803653084057,0.008123245089230142,k=26:0.197947;k=27:0.193103;k=25:0.158056;k=28:0.147746;k=24:0.0976999,k=26:0.172169;k=27:0.169029;k=25:0.147425;k=28:0.138445;k=24:0.106332,k=26:-0.025778;k=27:-0.0240738;k=23:0.0179515;k=22:0.0158383;k=25:-0.0106313,same_target_multi_path,robust_shoulder,146,146,robust_shoulder,none,178,115.96915089654595,710.015877895622,9.997315244946224e-13,True,robust_shoulder,none,158,112.34770917563398,632.5047618279299,9.996921921023629e-13,True
35,False,stage2_scan,,31,1,8,0.1,0.05,all_ordered_starts,0.013613937365472652,False,6000.0,0.9999999999989904,9.998300536620607e-13,True,714.0437635133001,robust_shoulder,robust_shoulder,none,115.98530501930249,115.98530501930249,119,180,179,119,0.0,1.0,119,3;119,4;119,119,,,,,0,60,60,120,180,0.0,1.0,180,3.4791876217549556,15.22104116379377,0.04991713039333521,False,107-131,168-192,0.058557654224613315,0.05129040311851643,6,6,6,-0.025778036530840626,0.00812324508923015,k=6:0.197947;k=5:0.193103;k=7:0.158056;k=4:0.147746;k=8:0.0976999,k=6:0.172169;k=5:0.169029;k=7:0.147425;k=4:0.138445;k=8:0.106332,k=6:-0.025778;k=5:-0.0240738;k=9:0.0179515;k=10:0.0158383;k=7:-0.0106313,same_target_multi_path,robust_shoulder,146,146,robust_shoulder,none,178,115.96915089654593,710.0158778956218,9.9973152449462e-13,True,robust_shoulder,none,158,112.34770917563397,632.5047618279295,9.996921921023604e-13,True
36,False,stage2_scan,,31,24,31,0.05,0.1,all_ordered_starts,0.013613937365472652,False,6000.0,0.9999999999989908,9.998300536620609e-13,True,714.0437635133003,robust_shoulder,robust_shoulder,none,115.98530501930237,115.98530501930237,119,180,179,119,0.0,1.0,119,3;119,4;119,119,,,,,0,60,60,120,180,0.0,1.0,180,3.479187621754953,15.221041163793751,0.049917130393335174,False,107-131,168-192,0.05855765422461334,0.05129040311851646,26,26,26,-0.025778036530840542,0.008123245089230041,k=26:0.197947;k=27:0.193103;k=25:0.158056;k=28:0.147746;k=24:0.0976999,k=26:0.172169;k=27:0.169029;k=25:0.147425;k=28:0.138445;k=24:0.106332,k=26:-0.025778;k=27:-0.0240738;k=23:0.0179515;k=22:0.0158383;k=25:-0.0106313,same_target_multi_path,robust_shoulder,146,146,robust_shoulder,none,178,115.969150896546,710.0158778956209,9.997315244946202e-13,True,robust_shoulder,none,158,112.34770917563392,632.5047618279298,9.996921921023635e-13,True
37,False,stage2_scan,,31,1,7,0.1,0.05,all_ordered_starts,0.009614767715316535,False,6000.0,0.9999999999989926,9.997950461004456e-13,True,560.393875512691,robust_shoulder,robust_shoulder,none,115.28116264432639,115.28116264432639,89,134,134,89,0.0,1.0,2;89,2;89,89,89,,,,,0,45,45,90,134,0.0,1.0,134,3.9986152621988182,17.613475954741872,0.049854216497140266,False,80-98,125-143,0.058920172618596556,0.05193385515416739,5,5,5,-0.030055160760940974,0.007564831692824816,k=5:0.23164;k=4:0.200498;k=6:0.193303;k=3:0.126638;k=7:0.114555,k=5:0.201585;k=4:0.181511;k=6:0.177051;k=3:0.126845;k=7:0.123291,k=5:-0.0300552;k=8:0.0202553;k=4:-0.0189872;k=6:-0.0162523;k=9:0.0156795,same_target_multi_path,robust_shoulder,110,110,robust_shoulder,none,134,115.20083574104328,556.5202144583732,9.998713894924376e-13,True,robust_shoulder,none,116,111.60210572361362,487.26120636661415,9.997675544949157e-13,True
38,False,stage2_scan,,31,7,1,0.05,0.1,all_ordered_starts,0.009614767715316523,False,6000.0,0.9999999999989928,9.997950461004464e-13,True,560.393875512691,robust_shoulder,robust_shoulder,none,115.28116264432636,115.28116264432636,89,134,134,89,0.0,1.0,2;89,2;89,89,89,,,,,0,45,45,90,134,0.0,1.0,134,3.9986152621988174,17.61347595474187,0.049854216497140204,False,80-98,125-143,0.058920172618596556,0.051933855154167374,5,5,5,-0.030055160760940947,0.007564831692824844,k=5:0.23164;k=4:0.200498;k=6:0.193303;k=3:0.126638;k=7:0.114555,k=5:0.201585;k=4:0.181511;k=6:0.177051;k=3:0.126845;k=7:0.123291,k=5:-0.0300552;k=8:0.0202553;k=4:-0.0189872;k=6:-0.0162523;k=9:0.0156795,same_target_multi_path,robust_shoulder,110,110,robust_shoulder,none,134,115.2008357410432,556.5202144583734,9.998713894924417e-13,True,robust_shoulder,none,116,111.6021057236136,487.26120636661403,9.99767554494919e-13,True
39,False,stage2_scan,,31,31,25,0.1,0.05,all_ordered_starts,0.009614767715316531,False,6000.0,0.9999999999989924,9.997950461004477e-13,True,560.3938755126908,robust_shoulder,robust_shoulder,none,115.28116264432629,115.28116264432629,89,134,134,89,0.0,1.0,2;89,2;89,89,89,,,,,0,45,45,90,134,0.0,1.0,134,3.9986152621988174,17.613475954741862,0.04985421649714029,False,80-98,125-143,0.058920172618596535,0.051933855154167353,27,27,27,-0.03005516076094089,0.0075648316928248706,k=27:0.23164;k=28:0.200498;k=26:0.193303;k=29:0.126638;k=25:0.114555,k=27:0.201585;k=28:0.181511;k=26:0.177051;k=29:0.126845;k=25:0.123291,k=27:-0.0300552;k=24:0.0202553;k=28:-0.0189872;k=26:-0.0162523;k=23:0.0156795,same_target_multi_path,robust_shoulder,110,110,robust_shoulder,none,134,115.20083574104318,556.5202144583736,9.998713894924409e-13,True,robust_shoulder,none,116,111.6021057236136,487.2612063666139,9.997675544949193e-13,True
40,False,stage2_scan,,31,25,31,0.05,0.1,all_ordered_starts,0.009614767715316531,False,6000.0,0.9999999999989926,9.997950461004497e-13,True,560.3938755126908,robust_shoulder,robust_shoulder,none,115.28116264432627,115.28116264432627,89,134,134,89,0.0,1.0,2;89,2;89,89,89,,,,,0,45,45,90,134,0.0,1.0,134,3.9986152621988174,17.613475954741855,0.04985421649714026,False,80-98,125-143,0.05892017261859656,0.05193385515416737,27,27,27,-0.030055160760940947,0.007564831692824867,k=27:0.23164;k=28:0.200498;k=26:0.193303;k=29:0.126638;k=25:0.114555,k=27:0.201585;k=28:0.181511;k=26:0.177051;k=29:0.126845;k=25:0.123291,k=27:-0.0300552;k=24:0.0202553;k=28:-0.0189872;k=26:-0.0162523;k=23:0.0156795,same_target_multi_path,robust_shoulder,110,110,robust_shoulder,none,134,115.20083574104328,556.5202144583728,9.998713894924372e-13,True,robust_shoulder,none,116,111.60210572361366,487.2612063666141,9.997675544949187e-13,True
41,False,stage2_scan,,31,8,2,0.05,0.1,all_ordered_starts,0.01312498165848849,False,6000.0,0.9999999999989916,9.996679037197251e-13,True,688.681160216569,robust_shoulder,robust_shoulder,none,113.39699139161978,113.39699139161978,103,156,155,103,0.0,1.0,2;103,2;103,103,103,,,,,0,52,52,104,156,0.0,1.0,156,3.5474742790879077,15.96502304604857,0.049915447205047,False,93-113,146-166,0.05032879484527476,0.045310917797487964,6,6,6,-0.030192894556077154,0.007491578981395258,k=6:0.208983;k=5:0.190371;k=7:0.174384;k=4:0.133944;k=8:0.109041,k=6:0.178791;k=5:0.171188;k=7:0.154395;k=4:0.135151;k=8:0.110115,k=6:-0.0301929;k=7:-0.019989;k=5:-0.0191828;k=9:0.0140071;k=10:0.0137624,same_target_multi_path,robust_shoulder,114,114,robust_shoulder,none,156,113.36742134678329,684.634307964566,9.999786834176989e-13,True,robust_shoulder,none,148,111.31602630396489,619.6780734530741,9.998600633240502e-13,True
42,False,stage2_scan,,31,2,8,0.1,0.05,all_ordered_starts,0.013124981658488502,False,6000.0,0.9999999999989917,9.996679037197263e-13,True,688.681160216569,robust_shoulder,robust_shoulder,none,113.39699139161976,113.39699139161976,103,156,155,103,0.0,1.0,2;103,2;103,103,103,,,,,0,52,52,104,156,0.0,1.0,156,3.5474742790879077,15.965023046048566,0.049915447205047,False,93-113,146-166,0.05032879484527477,0.045310917797487964,6,6,6,-0.030192894556077154,0.007491578981395206,k=6:0.208983;k=5:0.190371;k=7:0.174384;k=4:0.133944;k=8:0.109041,k=6:0.178791;k=5:0.171188;k=7:0.154395;k=4:0.135151;k=8:0.110115,k=6:-0.0301929;k=7:-0.019989;k=5:-0.0191828;k=9:0.0140071;k=10:0.0137624,same_target_multi_path,robust_shoulder,114,114,robust_shoulder,none,156,113.36742134678329,684.6343079645658,9.999786834177025e-13,True,robust_shoulder,none,148,111.31602630396495,619.6780734530748,9.998600633240536e-13,True
43,False,stage2_scan,,31,30,24,0.1,0.05,all_ordered_starts,0.013124981658488499,False,6000.0,0.9999999999989917,9.996679037197294e-13,True,688.681160216569,robust_shoulder,robust_shoulder,none,113.39699139161976,113.39699139161976,103,156,155,103,0.0,1.0,2;103,2;103,103,103,,,,,0,52,52,104,156,0.0,1.0,156,3.5474742790879077,15.965023046048568,0.04991544720504703,False,93-113,146-166,0.05032879484527474,0.04531091779748794,26,26,26,-0.0301928945560771,0.007491578981395234,k=26:0.208983;k=27:0.190371;k=25:0.174384;k=28:0.133944;k=24:0.109041,k=26:0.178791;k=27:0.171188;k=25:0.154395;k=28:0.135151;k=24:0.110115,k=26:-0.0301929;k=25:-0.019989;k=27:-0.0191828;k=23:0.0140071;k=22:0.0137624,same_target_multi_path,robust_shoulder,114,114,robust_shoulder,none,156,113.36742134678339,684.634307964566,9.99978683417705e-13,True,robust_shoulder,none,148,111.31602630396489,619.6780734530738,9.998600633240504e-13,True
44,False,stage2_scan,,31,24,30,0.05,0.1,all_ordered_starts,0.013124981658488497,False,6000.0,0.9999999999989915,9.996679037197285e-13,True,688.6811602165692,robust_shoulder,robust_shoulder,none,113.39699139161971,113.39699139161971,103,156,155,103,0.0,1.0,2;103,2;103,103,103,,,,,0,52,52,104,156,0.0,1.0,156,3.547474279087907,15.96502304604856,0.049915447205047,False,93-113,146-166,0.05032879484527474,0.04531091779748792,26,26,26,-0.03019289455607707,0.00749157898139524,k=26:0.208983;k=27:0.190371;k=25:0.174384;k=28:0.133944;k=24:0.109041,k=26:0.178791;k=27:0.171188;k=25:0.154395;k=28:0.135151;k=24:0.110115,k=26:-0.0301929;k=25:-0.019989;k=27:-0.0191828;k=23:0.0140071;k=22:0.0137624,same_target_multi_path,robust_shoulder,114,114,robust_shoulder,none,156,113.3674213467833,684.634307964565,9.999786834176987e-13,True,robust_shoulder,none,148,111.31602630396488,619.6780734530744,9.998600633240502e-13,True
45,False,stage2_scan,,31,31,26,0.1,0.05,all_ordered_starts,0.006380205040332473,False,6000.0,0.9999999999989942,9.997782551196904e-13,True,419.67799021749613,robust_shoulder,robust_shoulder,none,113.18482851998971,113.18482851998971,63,96,95,63,0.0,1.0,63,63,63,63,,,,,0,32,32,64,96,0.0,1.0,96,4.578619755227103,20.192716697202297,0.04971510029520365,False,57-69,90-102,0.05586135921618912,0.049243864629060496,28,28,28,-0.03158968010093788,0.007423934700066683,k=28:0.265951;k=27:0.243935;k=29:0.188211;k=26:0.139171;k=30:0.0856566,k=28:0.234361;k=27:0.2188;k=29:0.180336;k=26:0.147331;k=30:0.093168,k=28:-0.0315897;k=27:-0.025135;k=25:0.0238857;k=24:0.0150103;k=26:0.00815997,same_target_multi_path,robust_shoulder,82,82,robust_shoulder,none,96,113.04210666986779,416.00575994669055,9.99871135647522e-13,True,robust_shoulder,none,82,108.01178593082243,355.651168822955,9.997854045429683e-13,True
46,False,stage2_scan,,31,6,1,0.05,0.1,all_ordered_starts,0.006380205040332469,False,6000.0,0.9999999999989938,9.997782551196874e-13,True,419.6779902174959,robust_shoulder,robust_shoulder,none,113.18482851998971,113.18482851998971,63,96,95,63,0.0,1.0,63,63,63,63,,,,,0,32,32,64,96,0.0,1.0,96,4.578619755227103,20.192716697202297,0.04971510029520365,False,57-69,90-102,0.05586135921618912,0.049243864629060496,4,4,4,-0.03158968010093785,0.007423934700066628,k=4:0.265951;k=5:0.243935;k=3:0.188211;k=6:0.139171;k=2:0.0856566,k=4:0.234361;k=5:0.2188;k=3:0.180336;k=6:0.147331;k=2:0.093168,k=4:-0.0315897;k=5:-0.025135;k=7:0.0238857;k=8:0.0150103;k=6:0.00815997,same_target_multi_path,robust_shoulder,82,82,robust_shoulder,none,96,113.04210666986774,416.00575994669043,9.998711356475213e-13,True,robust_shoulder,none,82,108.01178593082243,355.651168822955,9.99785404542968e-13,True
47,False,stage2_scan,,31,1,6,0.1,0.05,all_ordered_starts,0.006380205040332475,False,6000.0,0.9999999999989941,9.99778255119689e-13,True,419.6779902174961,robust_shoulder,robust_shoulder,none,113.18482851998971,113.18482851998971,63,96,95,63,0.0,1.0,63,63,63,63,,,,,0,32,32,64,96,0.0,1.0,96,4.578619755227103,20.192716697202297,0.049715100295203686,False,57-69,90-102,0.05586135921618912,0.049243864629060496,4,4,4,-0.031589680100937906,0.007423934700066609,k=4:0.265951;k=5:0.243935;k=3:0.188211;k=6:0.139171;k=2:0.0856566,k=4:0.234361;k=5:0.2188;k=3:0.180336;k=6:0.147331;k=2:0.093168,k=4:-0.0315897;k=5:-0.025135;k=7:0.0238857;k=8:0.0150103;k=6:0.00815997,same_target_multi_path,robust_shoulder,82,82,robust_shoulder,none,96,113.0421066698678,416.00575994669043,9.99871135647522e-13,True,robust_shoulder,none,82,108.01178593082231,355.65116882295524,9.997854045429675e-13,True
48,False,stage2_scan,,31,26,31,0.05,0.1,all_ordered_starts,0.006380205040332473,False,6000.0,0.9999999999989944,9.997782551196884e-13,True,419.6779902174962,robust_shoulder,robust_shoulder,none,113.18482851998971,113.18482851998971,63,96,95,63,0.0,1.0,63,63,63,63,,,,,0,32,32,64,96,0.0,1.0,96,4.578619755227103,20.192716697202297,0.049715100295203714,False,57-69,90-102,0.055861359216189135,0.04924386462906051,28,28,28,-0.03158968010093788,0.007423934700066753,k=28:0.265951;k=27:0.243935;k=29:0.188211;k=26:0.139171;k=30:0.0856566,k=28:0.234361;k=27:0.2188;k=29:0.180336;k=26:0.147331;k=30:0.093168,k=28:-0.0315897;k=27:-0.025135;k=25:0.0238857;k=24:0.0150103;k=26:0.00815997,same_target_multi_path,robust_shoulder,82,82,robust_shoulder,none,96,113.0421066698678,416.00575994668975,9.998711356475217e-13,True,robust_shoulder,none,82,108.01178593082243,355.65116882295507,9.997854045429655e-13,True
49,False,stage2_scan,,21,18,21,0.02,0.05,all_ordered_starts,0.0039022403142574954,False,6000.0,0.9999999999989898,9.999485443060893e-13,True,330.3947229029885,robust_shoulder,robust_shoulder,none,110.48154159638486,110.48154159638486,53,80,80,53,0.0,1.0,53,53,53,53,,,,,0,27,27,54,80,0.0,1.0,80,4.833164210549376,21.790427840758912,0.049688713255218356,False,48-58,75-85,0.05340831193560841,0.0480879223526286,19,19,17,0.03066611243300983,0.0052483603978575166,k=19:0.40122;k=18:0.307159;k=20:0.209577;k=17:0.041403;k=21:0.0380881,k=19:0.372669;k=18:0.289703;k=20:0.213599;k=17:0.0720691;k=21:0.0424573,k=17:0.0306661;k=19:-0.0285512;k=18:-0.0174557;k=16:0.0063587;k=21:0.00436915,same_target_multi_path,robust_shoulder,72,72,robust_shoulder,none,80,110.3282060738912,328.1070518278048,9.997554159993243e-13,True,robust_shoulder,none,64,103.82314569437648,252.70617464048465,9.998494783390443e-13,True
50,False,stage2_scan,,21,4,1,0.02,0.05,all_ordered_starts,0.0039022403142574954,False,6000.0,0.9999999999989894,9.999485443060834e-13,True,330.3947229029882,robust_shoulder,robust_shoulder,none,110.48154159638483,110.48154159638483,53,80,80,53,0.0,1.0,53,53,53,53,,,,,0,27,27,54,80,0.0,1.0,80,4.833164210549378,21.790427840758912,0.04968871325521841,False,48-58,75-85,0.05340831193560842,0.048087922352628584,3,3,5,0.030666112433009762,0.005248360397857411,k=3:0.40122;k=4:0.307159;k=2:0.209577;k=5:0.041403;k=1:0.0380881,k=3:0.372669;k=4:0.289703;k=2:0.213599;k=5:0.0720691;k=1:0.0424573,k=5:0.0306661;k=3:-0.0285512;k=4:-0.0174557;k=6:0.0063587;k=1:0.00436915,same_target_multi_path,robust_shoulder,72,72,robust_shoulder,none,80,110.32820607389122,328.1070518278057,9.997554159993263e-13,True,robust_shoulder,none,64,103.8231456943764,252.7061746404844,9.998494783390419e-13,True
