rank,N,start_a,start_b,q1,q2,score,raw_score,label,raw_label,persistence,parity_penalty,smoothing_penalty,t_main,t_late,r_peak,r_valley,peak_separation,tail_mass_scan,reached_tol_scan,scan_steps,score_recomputed,label_recomputed,mass,tail_mass,reached_tol,mean_truncated,mass_balance_error,decomposition_error,early_window,late_window,early_window_mass,late_window_mass,top_k_early,top_k_late,top_delta_k,max_delta_k,max_delta,jsd_early_late_bits,mechanism_label
1,21,6,2,0.02,0.9,2.324566756776004,2.324566756776004,local_bump,double_peak,1,0.03214534214133267,1.0,4,10,0.7714493588384452,0.4853854749429313,6,4.904834717381898e-13,False,6000,2.3245667567759773,local_bump,0.9999999999990034,9.967397658207518e-13,True,32.2845899165124,2.3245294578089215e-16,0.0,1-7,7-13,0.1228881498660022,0.19913631029509699,k=6:0.872349;k=5:0.106232;k=7:0.0174748;k=4:0.0037635;k=8:0.000113682,k=6:0.813572;k=5:0.129135;k=7:0.0475023;k=4:0.00829831;k=8:0.00116535,k=6:-0.0587774;k=7:0.0300275;k=5:0.0229026;k=4:0.00453481;k=8:0.00105167,6,-0.05877743147247194,0.007806962124168676,same_target_multi_path
2,21,16,20,0.02,0.9,2.324566756776003,2.324566756776003,local_bump,double_peak,1,0.032145342141332606,1.0,4,10,0.771449358838445,0.4853854749429314,6,4.904834717381905e-13,False,6000,2.324566756775977,local_bump,0.9999999999990032,9.967397658207514e-13,True,32.2845899165124,4.2327252813834093e-16,0.0,1-7,7-13,0.12288814986600219,0.19913631029509699,k=16:0.872349;k=17:0.106232;k=15:0.0174748;k=18:0.0037635;k=14:0.000113682,k=16:0.813572;k=17:0.129135;k=15:0.0475023;k=18:0.00829831;k=14:0.00116535,k=16:-0.0587774;k=15:0.0300275;k=17:0.0229026;k=18:0.00453481;k=14:0.00105167,16,-0.05877743147247183,0.007806962124168709,same_target_multi_path
3,21,2,6,0.9,0.02,2.324566756776003,2.324566756776003,local_bump,double_peak,1,0.032145342141332606,1.0,4,10,0.771449358838445,0.4853854749429313,6,4.904834717381905e-13,False,6000,2.324566756775977,local_bump,0.9999999999990031,9.967397658207516e-13,True,32.2845899165124,3.122502256758253e-16,0.0,1-7,7-13,0.12288814986600217,0.19913631029509693,k=6:0.872349;k=5:0.106232;k=7:0.0174748;k=4:0.0037635;k=8:0.000113682,k=6:0.813572;k=5:0.129135;k=7:0.0475023;k=4:0.00829831;k=8:0.00116535,k=6:-0.0587774;k=7:0.0300275;k=5:0.0229026;k=4:0.00453481;k=8:0.00105167,6,-0.05877743147247183,0.007806962124168658,same_target_multi_path
4,21,20,16,0.9,0.02,2.324566756776003,2.324566756776003,local_bump,double_peak,1,0.03214534214133261,1.0,4,10,0.771449358838445,0.4853854749429314,6,4.904834717381913e-13,False,6000,2.3245667567759782,local_bump,0.9999999999990031,9.967397658207516e-13,True,32.284589916512395,2.8796409701215e-16,0.0,1-7,7-13,0.1228881498660022,0.199136310295097,k=16:0.872349;k=17:0.106232;k=15:0.0174748;k=18:0.0037635;k=14:0.000113682,k=16:0.813572;k=17:0.129135;k=15:0.0475023;k=18:0.00829831;k=14:0.00116535,k=16:-0.0587774;k=15:0.0300275;k=17:0.0229026;k=18:0.00453481;k=14:0.00105167,16,-0.05877743147247194,0.007806962124168597,same_target_multi_path
5,15,6,2,0.02,0.9,2.3245667565492427,2.3245667565492427,local_bump,double_peak,1,0.03214534226826328,1.0,4,10,0.7714493588384452,0.4853854749429313,6,1.3820838159360675e-15,True,4033,2.3245667565491885,local_bump,0.9999999999990051,9.948805177530305e-13,True,32.15396676787748,1.4224732503009818e-16,0.0,1-7,7-13,0.12288814986600219,0.19913631029509699,k=6:0.872349;k=5:0.106232;k=7:0.0174748;k=4:0.0037635;k=8:0.000113682,k=6:0.813572;k=5:0.129135;k=7:0.0475023;k=4:0.00829831;k=8:0.00116535,k=6:-0.0587774;k=7:0.0300275;k=5:0.0229026;k=4:0.00453481;k=8:0.00105167,6,-0.05877743147247205,0.007806962124168799,same_target_multi_path
6,15,10,14,0.02,0.9,2.324566756549242,2.324566756549242,local_bump,double_peak,1,0.03214534226826337,1.0,4,10,0.771449358838445,0.4853854749429314,6,1.3820838159360664e-15,True,4033,2.324566756549189,local_bump,0.999999999999005,9.948805177530303e-13,True,32.153966767877485,2.983724378680108e-16,0.0,1-7,7-13,0.12288814986600219,0.19913631029509699,k=10:0.872349;k=11:0.106232;k=9:0.0174748;k=12:0.0037635;k=8:0.000113682,k=10:0.813572;k=11:0.129135;k=9:0.0475023;k=12:0.00829831;k=8:0.00116535,k=10:-0.0587774;k=9:0.0300275;k=11:0.0229026;k=12:0.00453481;k=8:0.00105167,10,-0.05877743147247183,0.007806962124168709,same_target_multi_path
7,15,2,6,0.9,0.02,2.324566756549242,2.324566756549242,local_bump,double_peak,1,0.03214534226826336,1.0,4,10,0.771449358838445,0.4853854749429313,6,1.3820838159360683e-15,True,4033,2.324566756549188,local_bump,0.9999999999990049,9.948805177530309e-13,True,32.15396676787748,1.942890293094024e-16,0.0,1-7,7-13,0.12288814986600217,0.19913631029509693,k=6:0.872349;k=5:0.106232;k=7:0.0174748;k=4:0.0037635;k=8:0.000113682,k=6:0.813572;k=5:0.129135;k=7:0.0475023;k=4:0.00829831;k=8:0.00116535,k=6:-0.0587774;k=7:0.0300275;k=5:0.0229026;k=4:0.00453481;k=8:0.00105167,6,-0.05877743147247183,0.007806962124168658,same_target_multi_path
8,15,14,10,0.9,0.02,2.324566756549242,2.324566756549242,local_bump,double_peak,1,0.0321453422682633,1.0,4,10,0.771449358838445,0.4853854749429314,6,1.3820838159360672e-15,True,4033,2.32456675654919,local_bump,0.9999999999990051,9.948805177530299e-13,True,32.15396676787749,1.8735013540549517e-16,0.0,1-7,7-13,0.1228881498660022,0.199136310295097,k=10:0.872349;k=11:0.106232;k=9:0.0174748;k=12:0.0037635;k=8:0.000113682,k=10:0.813572;k=11:0.129135;k=9:0.0475023;k=12:0.00829831;k=8:0.00116535,k=10:-0.0587774;k=9:0.0300275;k=11:0.0229026;k=12:0.00453481;k=8:0.00105167,10,-0.05877743147247194,0.007806962124168597,same_target_multi_path
9,21,2,6,0.9,0.05,1.910766131459713,1.910766131459713,local_bump,double_peak,2,0.022127336153985433,1.0,4,10,0.8214873425960617,0.6057940112215107,6,1.3829354254029103e-13,False,6000,1.9107661314596838,local_bump,0.9999999999990022,9.965695212796177e-13,True,34.05361764132515,3.191891195797325e-16,0.0,1-7,7-13,0.1280875103622447,0.20310334235749533,k=6:0.717849;k=5:0.224455;k=7:0.0358961;k=4:0.0202827;k=3:0.000893477,k=6:0.617432;k=5:0.244257;k=7:0.08911;k=4:0.0396362;k=8:0.00547185,k=6:-0.100417;k=7:0.0532139;k=5:0.0198025;k=4:0.0193535;k=8:0.00487677,6,-0.10041725355184183,0.016193867843376723,same_target_multi_path
10,21,6,2,0.05,0.9,1.9107661314597126,1.9107661314597126,local_bump,double_peak,2,0.022127336153985506,1.0,4,10,0.8214873425960616,0.6057940112215107,6,1.382935425402912e-13,False,6000,1.9107661314596833,local_bump,0.999999999999002,9.965695212796162e-13,True,34.05361764132513,2.914335439641036e-16,0.0,1-7,7-13,0.12808751036224467,0.20310334235749528,k=6:0.717849;k=5:0.224455;k=7:0.0358961;k=4:0.0202827;k=3:0.000893477,k=6:0.617432;k=5:0.244257;k=7:0.08911;k=4:0.0396362;k=8:0.00547185,k=6:-0.100417;k=7:0.0532139;k=5:0.0198025;k=4:0.0193535;k=8:0.00487677,6,-0.10041725355184195,0.01619386784337665,same_target_multi_path
11,21,16,20,0.05,0.9,1.9107661314597124,1.9107661314597124,local_bump,double_peak,2,0.022127336153985433,1.0,4,10,0.8214873425960617,0.6057940112215108,6,1.3829354254029113e-13,False,6000,1.9107661314596829,local_bump,0.999999999999002,9.96569521279616e-13,True,34.05361764132513,2.220446049250313e-16,0.0,1-7,7-13,0.12808751036224467,0.20310334235749528,k=16:0.717849;k=17:0.224455;k=15:0.0358961;k=18:0.0202827;k=19:0.000893477,k=16:0.617432;k=17:0.244257;k=15:0.08911;k=18:0.0396362;k=14:0.00547185,k=16:-0.100417;k=15:0.0532139;k=17:0.0198025;k=18:0.0193535;k=14:0.00487677,16,-0.10041725355184206,0.016193867843376675,same_target_multi_path
12,21,20,16,0.9,0.05,1.9107661314597117,1.9107661314597117,local_bump,double_peak,2,0.02212733615398551,1.0,4,10,0.8214873425960615,0.6057940112215108,6,1.38293542540291e-13,False,6000,1.9107661314596835,local_bump,0.9999999999990021,9.965695212796164e-13,True,34.05361764132514,2.914335439641036e-16,0.0,1-7,7-13,0.1280875103622447,0.2031033423574953,k=16:0.717849;k=17:0.224455;k=15:0.0358961;k=18:0.0202827;k=19:0.000893477,k=16:0.617432;k=17:0.244257;k=15:0.08911;k=18:0.0396362;k=14:0.00547185,k=16:-0.100417;k=15:0.0532139;k=17:0.0198025;k=18:0.0193535;k=14:0.00487677,16,-0.10041725355184217,0.016193867843376588,same_target_multi_path
13,15,2,6,0.9,0.05,1.9107661314212636,1.9107661314212636,local_bump,double_peak,2,0.02212733618037031,1.0,4,10,0.8214873425960617,0.6057940112215107,6,1.371503301275803e-14,True,3537,1.9107661314212356,local_bump,0.9999999999990058,9.929402117108858e-13,True,33.68392380326042,2.42861286636753e-16,0.0,1-7,7-13,0.1280875103622447,0.2031033423574953,k=6:0.717849;k=5:0.224455;k=7:0.0358961;k=4:0.0202827;k=3:0.000893477,k=6:0.617432;k=5:0.244257;k=7:0.08911;k=4:0.0396362;k=8:0.00547185,k=6:-0.100417;k=7:0.0532139;k=5:0.0198025;k=4:0.0193535;k=8:0.00487677,6,-0.10041725355184217,0.016193867843376702,same_target_multi_path
14,15,6,2,0.05,0.9,1.9107661314212632,1.9107661314212632,local_bump,double_peak,2,0.022127336180370275,1.0,4,10,0.8214873425960616,0.6057940112215107,6,1.3715033012758022e-14,True,3537,1.9107661314212354,local_bump,0.9999999999990055,9.929402117108844e-13,True,33.683923803260406,2.5673907444456745e-16,0.0,1-7,7-13,0.12808751036224467,0.20310334235749528,k=6:0.717849;k=5:0.224455;k=7:0.0358961;k=4:0.0202827;k=3:0.000893477,k=6:0.617432;k=5:0.244257;k=7:0.08911;k=4:0.0396362;k=8:0.00547185,k=6:-0.100417;k=7:0.0532139;k=5:0.0198025;k=4:0.0193535;k=8:0.00487677,6,-0.10041725355184228,0.016193867843376696,same_target_multi_path
15,15,10,14,0.05,0.9,1.910766131421263,1.910766131421263,local_bump,double_peak,2,0.022127336180370313,1.0,4,10,0.8214873425960617,0.6057940112215108,6,1.3715033012758027e-14,True,3537,1.910766131421235,local_bump,0.9999999999990056,9.929402117108852e-13,True,33.683923803260406,2.740863092043355e-16,0.0,1-7,7-13,0.12808751036224467,0.20310334235749528,k=10:0.717849;k=11:0.224455;k=9:0.0358961;k=12:0.0202827;k=13:0.000893477,k=10:0.617432;k=11:0.244257;k=9:0.08911;k=12:0.0396362;k=8:0.00547185,k=10:-0.100417;k=9:0.0532139;k=11:0.0198025;k=12:0.0193535;k=8:0.00487677,10,-0.10041725355184206,0.016193867843376675,same_target_multi_path
16,15,14,10,0.9,0.05,1.9107661314212623,1.9107661314212623,local_bump,double_peak,2,0.022127336180370244,1.0,4,10,0.8214873425960615,0.6057940112215108,6,1.3715033012758033e-14,True,3537,1.9107661314212356,local_bump,0.9999999999990058,9.929402117108848e-13,True,33.68392380326042,2.914335439641036e-16,0.0,1-7,7-13,0.12808751036224467,0.2031033423574953,k=10:0.717849;k=11:0.224455;k=9:0.0358961;k=12:0.0202827;k=13:0.000893477,k=10:0.617432;k=11:0.244257;k=9:0.08911;k=12:0.0396362;k=8:0.00547185,k=10:-0.100417;k=9:0.0532139;k=11:0.0198025;k=12:0.0193535;k=8:0.00487677,10,-0.10041725355184217,0.016193867843376588,same_target_multi_path
17,15,1,5,0.02,0.9,1.8920286047212422,1.8920286047212422,local_bump,double_peak,1,0.07863289569905775,1.0,4,10,0.6323027033722448,0.4700314522142575,6,4.054819474154087e-13,True,4033,1.8920286047211847,local_bump,0.999999999999001,9.982725647662639e-13,True,94.22683726093419,2.0643209364124004e-16,0.0,1-7,7-13,0.12264229597206049,0.16260139516887645,k=1:0.893194;k=2:0.103568;k=3:0.00318852;k=4:4.86285e-05;k=5:3.41271e-07,k=1:0.867741;k=2:0.125147;k=3:0.00688235;k=4:0.000225533;k=5:4.48118e-06,k=1:-0.0254537;k=2:0.0215787;k=3:0.00369383;k=4:0.000176905;k=5:4.13991e-06,1,-0.02545367825800271,0.0014145400281196931,same_target_multi_path
18,15,15,11,0.02,0.9,1.8920286047212422,1.8920286047212422,local_bump,double_peak,1,0.07863289569905776,1.0,4,10,0.6323027033722447,0.47003145221425735,6,4.0548194741540977e-13,True,4033,1.8920286047211845,local_bump,0.9999999999990012,9.982725647662624e-13,True,94.22683726093425,2.419939248987646e-16,0.0,1-7,7-13,0.12264229597206046,0.16260139516887645,k=15:0.893194;k=14:0.103568;k=13:0.00318852;k=12:4.86285e-05;k=11:3.41271e-07,k=15:0.867741;k=14:0.125147;k=13:0.00688235;k=12:0.000225533;k=11:4.48118e-06,k=15:-0.0254537;k=14:0.0215787;k=13:0.00369383;k=12:0.000176905;k=11:4.13991e-06,15,-0.025453678258002488,0.0014145400281196981,same_target_multi_path
19,15,11,15,0.9,0.02,1.8920286047212422,1.8920286047212422,local_bump,double_peak,1,0.07863289569905776,1.0,4,10,0.6323027033722447,0.47003145221425735,6,4.0548194741541003e-13,True,4033,1.8920286047211845,local_bump,0.999999999999001,9.98272564766261e-13,True,94.22683726093419,2.2898349882893854e-16,0.0,1-7,7-13,0.12264229597206047,0.1626013951688764,k=15:0.893194;k=14:0.103568;k=13:0.00318852;k=12:4.86285e-05;k=11:3.41271e-07,k=15:0.867741;k=14:0.125147;k=13:0.00688235;k=12:0.000225533;k=11:4.48118e-06,k=15:-0.0254537;k=14:0.0215787;k=13:0.00369383;k=12:0.000176905;k=11:4.13991e-06,15,-0.0254536782580026,0.001414540028119703,same_target_multi_path
20,15,5,1,0.9,0.02,1.892028604721242,1.892028604721242,local_bump,double_peak,1,0.07863289569905779,1.0,4,10,0.6323027033722449,0.47003145221425746,6,4.054819474154089e-13,True,4033,1.8920286047211847,local_bump,0.9999999999990007,9.982725647662626e-13,True,94.22683726093416,3.0531133177191805e-16,0.0,1-7,7-13,0.12264229597206047,0.16260139516887645,k=1:0.893194;k=2:0.103568;k=3:0.00318852;k=4:4.86285e-05;k=5:3.41271e-07,k=1:0.867741;k=2:0.125147;k=3:0.00688235;k=4:0.000225533;k=5:4.48118e-06,k=1:-0.0254537;k=2:0.0215787;k=3:0.00369383;k=4:0.000176905;k=5:4.13991e-06,1,-0.02545367825800282,0.001414540028119715,same_target_multi_path
21,21,1,5,0.02,0.9,1.8920285747850265,1.8920285747850265,local_bump,double_peak,1,0.07863291555128557,1.0,4,10,0.6323027033722448,0.4700314522142575,6,2.546965832605153e-10,False,6000,1.892028574804531,local_bump,0.9999999999989994,9.99130722977658e-13,True,135.4074531020073,2.8102520310824275e-16,0.0,1-7,7-13,0.12264229597206049,0.16260139516887645,k=1:0.893194;k=2:0.103568;k=3:0.00318852;k=4:4.86285e-05;k=5:3.41271e-07,k=1:0.867741;k=2:0.125147;k=3:0.00688235;k=4:0.000225533;k=5:4.48118e-06,k=1:-0.0254537;k=2:0.0215787;k=3:0.00369383;k=4:0.000176905;k=5:4.13991e-06,1,-0.02545367825800271,0.0014145400281198415,same_target_multi_path
22,21,21,17,0.02,0.9,1.8920285747850265,1.8920285747850265,local_bump,double_peak,1,0.07863291555128554,1.0,4,10,0.6323027033722447,0.47003145221425735,6,2.546965832605157e-10,False,6000,1.8920285748045307,local_bump,0.9999999999989996,9.99130722977658e-13,True,135.40745310200737,2.3071822230491534e-16,0.0,1-7,7-13,0.12264229597206046,0.16260139516887645,k=21:0.893194;k=20:0.103568;k=19:0.00318852;k=18:4.86285e-05;k=17:3.41271e-07,k=21:0.867741;k=20:0.125147;k=19:0.00688235;k=18:0.000225533;k=17:4.48118e-06,k=21:-0.0254537;k=20:0.0215787;k=19:0.00369383;k=18:0.000176905;k=17:4.13991e-06,21,-0.025453678258002488,0.0014145400281196981,same_target_multi_path
23,21,17,21,0.9,0.02,1.8920285747850265,1.8920285747850265,local_bump,double_peak,1,0.07863291555128563,1.0,4,10,0.6323027033722447,0.47003145221425735,6,2.546965832605161e-10,False,6000,1.892028574804531,local_bump,0.9999999999989995,9.991307229776585e-13,True,135.40745310200737,2.0990154059319366e-16,0.0,1-7,7-13,0.12264229597206047,0.1626013951688764,k=21:0.893194;k=20:0.103568;k=19:0.00318852;k=18:4.86285e-05;k=17:3.41271e-07,k=21:0.867741;k=20:0.125147;k=19:0.00688235;k=18:0.000225533;k=17:4.48118e-06,k=21:-0.0254537;k=20:0.0215787;k=19:0.00369383;k=18:0.000176905;k=17:4.13991e-06,21,-0.0254536782580026,0.001414540028119703,same_target_multi_path
24,21,5,1,0.9,0.02,1.8920285747850263,1.8920285747850263,local_bump,double_peak,1,0.07863291555128565,1.0,4,10,0.6323027033722449,0.47003145221425746,6,2.546965832605155e-10,False,6000,1.8920285748045313,local_bump,0.9999999999989992,9.991307229776577e-13,True,135.4074531020073,1.5612511283791264e-16,0.0,1-7,7-13,0.12264229597206047,0.16260139516887642,k=1:0.893194;k=2:0.103568;k=3:0.00318852;k=4:4.86285e-05;k=5:3.41271e-07,k=1:0.867741;k=2:0.125147;k=3:0.00688235;k=4:0.000225533;k=5:4.48118e-06,k=1:-0.0254537;k=2:0.0215787;k=3:0.00369383;k=4:0.000176905;k=5:4.13991e-06,1,-0.02545367825800282,0.001414540028119715,same_target_multi_path
25,15,2,6,0.02,0.9,1.8520133168358637,1.8520133168358637,double_peak,double_peak,3,0.05806269863430323,1.0,4,10,0.6271150044197359,0.4853854749429312,6,3.8449562180452554e-13,True,4033,1.8520133168358157,double_peak,0.9999999999990051,9.940337486565885e-13,True,95.71586232123147,2.42861286636753e-16,0.0,1-7,7-13,0.11884468203742392,0.15725248273613485,k=2:0.87467;k=3:0.103389;k=1:0.0186542;k=4:0.00323737;k=5:4.97483e-05,k=2:0.817954;k=3:0.121177;k=1:0.0538406;k=4:0.0067982;k=5:0.000226139,k=2:-0.056716;k=1:0.0351864;k=3:0.0177881;k=4:0.00356082;k=5:0.000176391,2,-0.05671599015252682,0.008133342586548398,same_target_multi_path
26,15,6,2,0.9,0.02,1.8520133168358632,1.8520133168358632,double_peak,double_peak,3,0.058062698634303266,1.0,4,10,0.627115004419736,0.4853854749429313,6,3.844956218045258e-13,True,4033,1.8520133168358164,double_peak,0.9999999999990052,9.940337486565885e-13,True,95.71586232123147,1.942890293094024e-16,0.0,1-7,7-13,0.1188446820374239,0.15725248273613485,k=2:0.87467;k=3:0.103389;k=1:0.0186542;k=4:0.00323737;k=5:4.97483e-05,k=2:0.817954;k=3:0.121177;k=1:0.0538406;k=4:0.0067982;k=5:0.000226139,k=2:-0.056716;k=1:0.0351864;k=3:0.0177881;k=4:0.00356082;k=5:0.000176391,2,-0.05671599015252693,0.008133342586548357,same_target_multi_path
27,15,14,10,0.02,0.9,1.852013316835863,1.852013316835863,double_peak,double_peak,3,0.058062698634302995,1.0,4,10,0.6271150044197359,0.4853854749429313,6,3.844956218045265e-13,True,4033,1.8520133168358157,double_peak,0.999999999999005,9.94033748656589e-13,True,95.71586232123144,2.445960101127298e-16,0.0,1-7,7-13,0.1188446820374239,0.1572524827361348,k=14:0.87467;k=13:0.103389;k=15:0.0186542;k=12:0.00323737;k=11:4.97483e-05,k=14:0.817954;k=13:0.121177;k=15:0.0538406;k=12:0.0067982;k=11:0.000226139,k=14:-0.056716;k=15:0.0351864;k=13:0.0177881;k=12:0.00356082;k=11:0.000176391,14,-0.05671599015252682,0.008133342586548367,same_target_multi_path
28,15,10,14,0.9,0.02,1.8520133168358626,1.8520133168358626,double_peak,double_peak,3,0.05806269863430311,1.0,4,10,0.6271150044197357,0.4853854749429313,6,3.8449562180452675e-13,True,4033,1.8520133168358162,double_peak,0.9999999999990049,9.940337486565857e-13,True,95.71586232123144,3.0878077872387166e-16,0.0,1-7,7-13,0.1188446820374239,0.15725248273613485,k=14:0.87467;k=13:0.103389;k=15:0.0186542;k=12:0.00323737;k=11:4.97483e-05,k=14:0.817954;k=13:0.121177;k=15:0.0538406;k=12:0.0067982;k=11:0.000226139,k=14:-0.056716;k=15:0.0351864;k=13:0.0177881;k=12:0.00356082;k=11:0.000176391,14,-0.05671599015252693,0.008133342586548348,same_target_multi_path
29,21,2,6,0.02,0.9,1.8520132691845468,1.8520132691845468,double_peak,double_peak,3,0.0580627314463377,1.0,4,10,0.6271150044197359,0.4853854749429312,6,2.595153736737957e-10,False,6000,1.852013269202366,double_peak,0.999999999999002,9.964996186757361e-13,True,141.22409143913015,3.1138286393783687e-16,0.0,1-7,7-13,0.11884468203742392,0.15725248273613485,k=2:0.87467;k=3:0.103389;k=1:0.0186542;k=4:0.00323737;k=5:4.97483e-05,k=2:0.817954;k=3:0.121177;k=1:0.0538406;k=4:0.0067982;k=5:0.000226139,k=2:-0.056716;k=1:0.0351864;k=3:0.0177881;k=4:0.00356082;k=5:0.000176391,2,-0.05671599015252682,0.008133342586548398,same_target_multi_path
30,21,6,2,0.9,0.02,1.8520132691845466,1.8520132691845466,double_peak,double_peak,3,0.05806273144633761,1.0,4,10,0.627115004419736,0.4853854749429313,6,2.595153736737961e-10,False,6000,1.8520132692023665,double_peak,0.999999999999002,9.964996186757355e-13,True,141.22409143913015,1.97758476261356e-16,0.0,1-7,7-13,0.1188446820374239,0.15725248273613485,k=2:0.87467;k=3:0.103389;k=1:0.0186542;k=4:0.00323737;k=5:4.97483e-05,k=2:0.817954;k=3:0.121177;k=1:0.0538406;k=4:0.0067982;k=5:0.000226139,k=2:-0.056716;k=1:0.0351864;k=3:0.0177881;k=4:0.00356082;k=5:0.000176391,2,-0.05671599015252693,0.008133342586548357,same_target_multi_path
