direction_index,predicted_gradient_dot_direction,frechet_directional_derivative,five_point_directional_derivative,relative_linearity_error,relative_finite_difference_error,budget_residual,metric_norm_residual
0.0,-0.006125592113819363,-0.006125592113819363,-0.006125592114068767,0.0,4.0715051146417174e-11,0.0,0.0
1.0,-0.015957089394275745,-0.01595708939427573,-0.015957089394234382,8.696941819974267e-16,2.5921235094433302e-12,0.0,-2.220446049250313e-16
2.0,-0.011246030177299826,-0.01124603017729982,-0.011246030176918312,6.170082948837736e-16,3.392435006929964e-11,-1.1102230246251565e-16,-2.220446049250313e-16
3.0,0.0043248608806358765,0.004324860880635862,0.004324860881100197,3.4093927992550493e-15,1.0736077648595349e-10,-1.1102230246251565e-16,-2.220446049250313e-16
4.0,0.0027796467056308664,0.002779646705630863,0.002779646705736623,1.2481611223445715e-15,3.8046759371587817e-11,-1.1102230246251565e-16,-1.1102230246251565e-16
5.0,0.005240507230099027,0.005240507230098999,0.005240507230282187,5.2963528902782096e-15,3.4950798233973724e-11,-5.551115123125783e-17,0.0
6.0,0.007517008478527343,0.0075170084785273405,0.0075170084785682505,3.4615967527295174e-16,5.4419762549660746e-12,-3.3306690738754696e-16,-2.220446049250313e-16
7.0,0.010918058921545397,0.010918058921545414,0.010918058921521404,1.5888570380890222e-15,2.1975481693809268e-12,-8.881784197001252e-16,-1.1102230246251565e-16
8.0,0.0007916823615782571,0.0007916823615782623,0.0007916823612647005,6.5735586398004645e-15,3.960636185557561e-10,2.220446049250313e-16,0.0
9.0,0.009913359972356733,0.009913359972356737,0.009913359972508102,3.4997689598432253e-16,1.5269141994900007e-11,-8.326672684688674e-17,2.220446049250313e-16
10.0,-0.009048082303155156,-0.009048082303155175,-0.009048082303097133,2.1089505595114635e-15,6.412743483139948e-12,-4.996003610813204e-16,2.220446049250313e-16
11.0,-0.01807060134914517,-0.01807060134914518,-0.01807060134898878,5.759819861419943e-16,8.654321335778845e-12,0.0,0.0
12.0,-0.0003137259416289666,-0.00031372594162897526,-0.0003137259418223292,2.7647115598735282e-14,6.163425046712528e-10,2.220446049250313e-16,0.0
13.0,0.018197051819134197,0.018197051819134197,0.01819705181931493,0.0,9.932042940949528e-12,0.0,2.220446049250313e-16
14.0,0.004759705492434384,0.004759705492434397,0.004759705492055991,2.5512217827634888e-15,7.949935089320243e-11,-1.1102230246251565e-16,-1.1102230246251565e-16
15.0,-0.00118984300870577,-0.0011898430087057751,-0.0011898430088419507,4.373829479399582e-15,1.1445272963087348e-10,2.220446049250313e-16,0.0
16.0,-0.005373337794570261,-0.0053733377945702765,-0.0053733377947465235,2.9055517966980433e-15,3.2803195526088125e-11,0.0,0.0
17.0,-0.006051937566786559,-0.006051937566786559,-0.0060519375666192214,0.0,2.7650235346651325e-11,2.220446049250313e-16,0.0
18.0,0.020217288426589,0.020217288426589,0.020217288426530956,0.0,2.871000614990828e-12,5.551115123125783e-17,0.0
19.0,-0.004281498697520094,-0.004281498697520095,-0.004281498697557284,4.0516734875255613e-16,8.686382789906051e-12,-2.220446049250313e-16,0.0
20.0,0.006277533930449418,0.006277533930449424,0.006277533930685678,9.671842849371342e-16,3.763576574139158e-11,-5.551115123125783e-17,-1.1102230246251565e-16
21.0,0.010468929219305267,0.010468929219305284,0.010468929219076271,1.6570209231884777e-15,2.1873836100734138e-11,5.551115123125783e-17,0.0
22.0,-0.011766156065771863,-0.011766156065771872,-0.011766156065827944,7.371666100090696e-16,4.76622443367464e-12,2.220446049250313e-16,4.440892098500626e-16
23.0,-0.007248605420102936,-0.007248605420102951,-0.00724860542039805,2.034205021604438e-15,4.071317759798581e-11,4.996003610813204e-16,0.0
24.0,0.010110941133704074,0.01011094113370406,0.010110941133627722,1.3725515384076244e-15,7.551435426434148e-12,1.1102230246251565e-16,0.0
25.0,-0.008612501911431356,-0.008612501911431366,-0.008612501911029375,1.2085153609134021e-15,4.66740717538365e-11,-5.551115123125783e-17,0.0
26.0,-0.007816324167734423,-0.007816324167734407,-0.007816324167654135,1.997423718458261e-15,1.0271862440155965e-11,-1.1102230246251565e-16,-1.1102230246251565e-16
27.0,-0.010562957114781123,-0.010562957114781116,-0.010562957114580716,6.569082718510128e-16,1.897266048053299e-11,3.3306690738754696e-16,0.0
28.0,-0.014332612147000646,-0.014332612147000658,-0.014332612146885266,8.472331635918015e-16,8.05016745383113e-12,9.43689570931383e-16,2.220446049250313e-16
29.0,-0.008243839469318465,-0.008243839469318464,-0.008243839469448028,2.1042664433311152e-16,1.5716345211951434e-11,1.1102230246251565e-16,0.0
30.0,0.016279731734376628,0.016279731734376628,0.01627973173444023,0.0,3.9068150852057375e-12,1.1102230246251565e-16,-2.220446049250313e-16
31.0,0.011890433501443955,0.011890433501443937,0.01189043350146209,1.4589236597332632e-15,1.5251587938851534e-12,2.220446049250313e-16,-1.1102230246251565e-16
32.0,-0.0040982577972768705,-0.004098257797276884,-0.004098257797060152,3.386265211777465e-15,5.2880552471844105e-11,-1.1102230246251565e-16,0.0
33.0,-0.009744717998195717,-0.00974471799819571,-0.009744717997493822,7.120671840059404e-16,7.202826591414089e-11,2.220446049250313e-16,0.0
34.0,-0.017356605212634,-0.017356605212634026,-0.017356605213000864,1.399244170483518e-15,2.113678254729967e-11,6.661338147750939e-16,0.0
35.0,0.004970227844871621,0.004970227844871604,0.004970227844731482,3.4902292814739444e-15,2.819581725038726e-11,-3.3306690738754696e-16,-3.3306690738754696e-16
36.0,-0.013995573256941849,-0.013995573256941833,-0.01399557325690535,1.1155321041278111e-15,2.607866163427683e-12,0.0,-1.1102230246251565e-16
37.0,-0.015513851229911824,-0.015513851229911823,-0.015513851229775886,1.1181772019523657e-16,8.762372007659324e-12,-2.220446049250313e-16,-2.220446049250313e-16
38.0,-0.0093080676971445,-0.009308067697144509,-0.009308067697351891,9.318386653281052e-16,2.2280821591194193e-11,-5.551115123125783e-17,0.0
39.0,0.008587273160900917,0.008587273160900908,0.008587273160806189,1.0100549053657984e-15,1.103121364346203e-11,1.1102230246251565e-16,0.0
40.0,-0.02328942095036695,-0.023289420950366995,-0.023289420950413826,1.9366222316744873e-15,2.0127463824733844e-12,-8.326672684688674e-17,0.0
41.0,-0.00986013271516889,-0.00986013271516889,-0.00986013271505696,0.0,1.1351729847232013e-11,-5.551115123125783e-17,0.0
42.0,-0.0029194584860869066,-0.0029194584860868823,-0.0029194584857834363,8.318710055105866e-15,1.0394748133233223e-10,5.551115123125783e-16,0.0
43.0,-0.01765204385726291,-0.017652043857262902,-0.01765204385712852,3.930929449312596e-16,7.613227610956171e-12,1.6653345369377348e-16,0.0
44.0,-0.006672809153602551,-0.006672809153602537,-0.006672809153770997,2.079751943747967e-15,2.524363913972337e-11,-5.551115123125783e-17,-2.220446049250313e-16
45.0,-0.015271698712282868,-0.015271698712282877,-0.015271698712605862,5.679536732036555e-16,2.1149799654961644e-11,-1.1102230246251565e-16,0.0
46.0,0.01909738254073058,0.01909738254073059,0.019097382540506542,3.633426669392032e-16,1.1731426358799524e-11,-8.326672684688674e-17,0.0
47.0,0.0021099880690027897,0.0021099880690028106,0.0021099880686871924,9.865781715798866e-15,1.495730612220358e-10,0.0,0.0
48.0,0.011393120617723244,0.011393120617723249,0.01139312061818054,4.567818249572361e-16,4.01378757408173e-11,-1.6653345369377348e-16,0.0
49.0,0.007006754396976431,0.007006754396976423,0.007006754397150446,1.2378937362798789e-15,2.4835243084115068e-11,5.551115123125783e-17,0.0
50.0,-0.005092267471803527,-0.005092267471803549,-0.005092267471654143,4.2582294763142445e-15,2.9335453849865993e-11,5.551115123125783e-17,-1.1102230246251565e-16
51.0,-0.010530629010120432,-0.010530629010120415,-0.010530629010070217,1.6473123061401706e-15,4.7684749325839515e-12,0.0,4.440892098500626e-16
52.0,3.020229373250881e-05,3.0202293732517482e-05,3.0202293467100162e-05,2.871840614723091e-13,8.787698336611486e-09,0.0,0.0
53.0,0.009466827301186243,0.009466827301186254,0.009466827301541728,1.099453969564416e-15,3.7550567634174806e-11,-1.1102230246251565e-16,0.0
54.0,-0.0101137763544958,-0.01011377635449584,-0.010113776354297072,3.944979456632988e-15,1.964925659010515e-11,1.1102230246251565e-16,0.0
55.0,-0.005391215398992819,-0.005391215398992826,-0.0053912153990393055,1.2870741364078521e-15,8.622592292597354e-12,5.551115123125783e-17,0.0
56.0,0.016107002628941748,0.016107002628941734,0.01610700262905801,8.615996487625877e-16,7.218051057508578e-12,1.1102230246251565e-16,2.220446049250313e-16
57.0,-0.019645147481888208,-0.019645147481888205,-0.019645147481840243,1.7660579820804407e-16,2.4415751602262096e-12,2.220446049250313e-16,2.220446049250313e-16
58.0,0.008045536229296704,0.008045536229296692,0.008045536229392414,1.5092921075261475e-15,1.1896024778362876e-11,5.551115123125783e-17,-2.220446049250313e-16
59.0,0.003535300649834249,0.003535300649834268,0.003535300650026977,5.397548928575359e-15,5.451536685017768e-11,3.3306690738754696e-16,-2.220446049250313e-16
60.0,-0.003050045964077921,-0.0030500459640779506,-0.0030500459642183544,9.668804810672189e-15,4.6042990696727e-11,1.1102230246251565e-16,0.0
61.0,-0.007132374146833728,-0.007132374146833714,-0.007132374146567865,1.9457459076197255e-15,3.727550561610566e-11,1.6653345369377348e-16,0.0
62.0,-0.02395859810489807,-0.02395859810489806,-0.023958598105063008,4.3443029555478535e-16,6.8842720835581654e-12,-1.1102230246251565e-16,0.0
63.0,-0.009310598297405114,-0.009310598297405135,-0.009310598297386969,2.235804944728772e-15,1.9488766434885794e-12,0.0,0.0
64.0,0.008656598415661973,0.008656598415661975,0.0086565984153709,2.003932021194669e-16,3.362437617002959e-11,-4.440892098500626e-16,0.0
65.0,0.01734302165713398,0.017343021657133962,0.017343021657123536,1.0002429278309965e-15,6.021462425542598e-13,0.0,-2.220446049250313e-16
66.0,0.00036472151843611883,0.0003647215184361362,0.0003647215180563323,4.756295936184424e-14,1.0413055305349763e-09,0.0,0.0
67.0,-0.015682574313490474,-0.01568257431349048,-0.015682574313578834,4.424588568918276e-16,5.634271083660532e-12,2.220446049250313e-16,0.0
68.0,0.021491163214433333,0.021491163214433354,0.021491163214338672,9.686158680206436e-16,4.404619223845873e-12,0.0,0.0
69.0,0.013635211745395072,0.013635211745395087,0.013635211745637494,1.1450142157701654e-15,1.7779144623470367e-11,0.0,0.0
70.0,-0.011700167847078422,-0.011700167847078419,-0.011700167847188598,2.9652967352833987e-16,9.416596312565962e-12,2.220446049250313e-16,0.0
71.0,-0.014145801493193494,-0.014145801493193479,-0.014145801493226083,1.1036851670276538e-15,2.3037588386423893e-12,1.1102230246251565e-16,0.0
72.0,-0.01434936320271737,-0.014349363202717381,-0.014349363202508883,8.462441266758153e-16,1.4529286302915169e-11,-5.551115123125783e-17,0.0
73.0,0.002842785933146786,0.0028427859331467756,0.002842785932824036,3.661317137706342e-15,1.1353302034873227e-10,-1.1102230246251565e-16,0.0
74.0,0.010249640717444584,0.01024964071744457,0.010249640717344131,1.3539779774128935e-15,9.800600342256053e-12,-2.220446049250313e-16,2.220446049250313e-16
75.0,-0.021103619987616763,-0.021103619987616788,-0.02110361998743093,1.1508039226410422e-15,8.805787215488877e-12,-2.220446049250313e-16,0.0
76.0,-0.01191216825577119,-0.011912168255771186,-0.011912168255805617,2.9125234612621547e-16,2.8900970306104364e-12,2.7755575615628914e-16,-1.1102230246251565e-16
77.0,0.005217865831340954,0.0052178658313409634,0.005217865831295039,1.828521358399984e-15,8.799509693478322e-12,1.6653345369377348e-16,2.220446049250313e-16
78.0,-0.019502823920175792,-0.019502823920175813,-0.01950282392042026,1.0673675667002132e-15,1.2534986808732853e-11,-5.551115123125783e-17,0.0
79.0,-0.020276361096149973,-0.020276361096149966,-0.020276361096504176,3.4221593662107126e-16,1.7468754700759204e-11,-1.1102230246251565e-16,0.0
80.0,0.013135417811818692,0.013135417811818664,0.01313541781194453,2.113033328135914e-15,9.580096916019207e-12,1.1102230246251565e-16,-1.1102230246251565e-16
81.0,-0.01192063820380042,-0.011920638203800432,-0.011920638203558041,1.01865891106118e-15,2.0332722910184313e-11,-2.220446049250313e-16,0.0
82.0,-0.005571629284726931,-0.005571629284726931,-0.0055716292846758044,0.0,9.176245409197607e-12,0.0,0.0
83.0,-0.0026958023698861935,-0.0026958023698862143,-0.0026958023700956084,7.721887161551612e-15,7.768186309991081e-11,1.942890293094024e-16,-2.220446049250313e-16
84.0,0.022039515850156552,0.02203951585015656,0.02203951585033383,3.148387628397983e-16,8.043658132412587e-12,-1.5959455978986625e-16,-2.220446049250313e-16
85.0,-0.012002261862536459,-0.012002261862536483,-0.012002261862188722,2.023462655775019e-15,2.897266097062093e-11,-5.551115123125783e-17,-2.220446049250313e-16
86.0,0.01745655701287301,0.01745655701287302,0.017456557012661873,5.962424805868306e-16,1.2094977466197387e-11,-1.1102230246251565e-16,2.220446049250313e-16
87.0,-0.004965546497595196,-0.00496554649759522,-0.004965546497789445,4.716251662553645e-15,3.9119211429032456e-11,-5.551115123125783e-17,0.0
88.0,0.00819643991111307,0.008196439911113084,0.008196439911141901,1.693148239755844e-15,3.517515468092766e-12,5.551115123125783e-17,2.220446049250313e-16
89.0,-0.009658532189631513,-0.00965853218963151,-0.0096585321896168,3.592105802244035e-16,1.523232465441583e-12,2.7755575615628914e-16,0.0
90.0,0.015234905639685216,0.015234905639685235,0.015234905639526878,1.252515682541446e-15,1.0393147403604821e-11,2.7755575615628914e-16,-3.3306690738754696e-16
91.0,0.01015884043986667,0.010158840439866678,0.010158840440000852,8.537999421401787e-16,1.3208455864896992e-11,0.0,-1.1102230246251565e-16
92.0,-0.00044074922256008564,-0.00044074922256003707,-0.00044074922216548923,1.1020384118937142e-13,8.952855512169834e-10,0.0,0.0
93.0,0.016279716507728186,0.01627971650772818,0.01627971650777771,4.262294064268343e-16,3.0419992736683165e-12,1.1102230246251565e-16,0.0
94.0,0.0033302459532826272,0.0033302459532826498,0.0033302459530546815,6.771693593822821e-15,6.844710682246984e-11,1.1102230246251565e-16,2.220446049250313e-16
95.0,-0.011795960454985887,-0.011795960454985835,-0.011795960454981378,4.411824240840631e-15,3.8221104006482665e-13,0.0,0.0
96.0,-0.012993292233245423,-0.01299329223324541,-0.012993292233011431,1.068073245694106e-15,1.800864948649261e-11,-4.440892098500626e-16,0.0
97.0,-0.011951881978334238,-0.011951881978334238,-0.011951881978451704,0.0,9.828309917011632e-12,-3.3306690738754696e-16,-2.220446049250313e-16
98.0,-0.013596646253198147,-0.01359664625319815,-0.013596646253263843,2.551693180309653e-16,4.831758621575343e-12,0.0,0.0
99.0,-0.013270610878901527,-0.013270610878901488,-0.013270610878824788,2.8758221320591363e-15,5.782624711631818e-12,-5.551115123125783e-17,-1.1102230246251565e-16
100.0,0.01448344194508177,0.014483441945081766,0.014483441945154402,2.395457492142851e-16,5.014890259801059e-12,0.0,-1.1102230246251565e-16
101.0,-0.014294894562680602,-0.01429489456268064,-0.014294894562863942,2.6697585143883513e-15,1.2825519903121639e-11,0.0,-2.220446049250313e-16
102.0,0.007905626759986017,0.007905626759986009,0.007905626759618922,1.097144811311504e-15,4.643467927809904e-11,-1.6653345369377348e-16,0.0
103.0,0.009030980909153045,0.00903098090915304,0.00903098090943947,5.762574940769563e-16,3.171586787317616e-11,5.551115123125783e-17,-2.220446049250313e-16
104.0,-0.0077740222438762285,-0.00777402224387623,-0.007774022244046625,2.2314362134804343e-16,2.1918728494154263e-11,-2.220446049250313e-16,0.0
105.0,0.025326821462739527,0.025326821462739534,0.025326821462834378,2.739741311040411e-16,3.74508938512669e-12,5.551115123125783e-16,0.0
106.0,-0.011101300057635592,-0.011101300057635589,-0.01110130005775589,3.1252618467237046e-16,1.0836376664237438e-11,1.6653345369377348e-16,0.0
107.0,-0.006783810792837115,-0.006783810792837126,-0.006783810792693189,1.6621487447372512e-15,2.121605015061352e-11,-8.326672684688674e-17,-1.1102230246251565e-16
108.0,0.02059255397257076,0.02059255397257074,0.02059255397241407,1.0108839214139958e-15,7.609091757136715e-12,2.220446049250313e-16,0.0
109.0,-0.005845419708663346,-0.005845419708663348,-0.005845419708781311,2.96766282388724e-16,2.0180700734998008e-11,-1.1102230246251565e-16,-1.1102230246251565e-16
110.0,0.004749581837135776,0.004749581837135794,0.0047495818367622915,3.834989504832003e-15,7.863518146674528e-11,-2.7755575615628914e-17,4.440892098500626e-16
111.0,-0.0040048485605367464,-0.004004848560536772,-0.004004848560348884,6.280759439825702e-15,4.690882647694099e-11,-1.1102230246251565e-16,0.0
112.0,0.007151426379730623,0.007151426379730607,0.007151426379842692,2.183132490575214e-15,1.5670888872763985e-11,3.3306690738754696e-16,-2.220446049250313e-16
113.0,0.0100839578125648,0.010083957812564805,0.010083957812714409,5.160841134587768e-16,1.4836386093712915e-11,1.1102230246251565e-16,-2.220446049250313e-16
114.0,-0.003974860726927929,-0.0039748607269279295,-0.003974860726870902,2.182118563582392e-16,1.4346774919985152e-11,5.551115123125783e-17,0.0
115.0,0.017990777188025966,0.017990777188025973,0.017990777188246765,3.856917258938849e-16,1.2272903563806364e-11,5.551115123125783e-17,0.0
116.0,-0.0075777522218633655,-0.007577752221863389,-0.0075777522216361835,3.0904635358911433e-15,2.998012891523022e-11,1.6653345369377348e-16,2.220446049250313e-16
117.0,0.005246107369874424,0.005246107369874443,0.005246107369720013,3.6373556411220714e-15,2.94334818479598e-11,-1.5265566588595902e-16,-3.3306690738754696e-16
118.0,0.022322014372471742,0.02232201437247173,0.022322014372512983,4.662814333045824e-16,1.8475624658971904e-12,-5.551115123125783e-17,0.0
119.0,0.005206333698153966,0.0052063336981539535,0.005206333697817718,2.3323638160464575e-15,6.458432024823443e-11,0.0,-1.1102230246251565e-16
120.0,0.005278758485249465,0.005278758485249462,0.005278758485512587,6.572467676775551e-16,4.984543054897386e-11,-3.3306690738754696e-16,0.0
121.0,-0.02120057475020273,-0.021200574750202716,-0.02120057475012149,6.545948858146759e-16,3.831998461559113e-12,0.0,-2.220446049250313e-16
122.0,0.011455137198113273,0.01145513719811328,0.011455137198153793,6.057451590388249e-16,3.537248856207218e-12,-1.1102230246251565e-16,0.0
123.0,-0.003566550371485314,-0.0035665503714853233,-0.003566550371541151,2.675128099690812e-15,1.5655822413245064e-11,-3.3306690738754696e-16,0.0
124.0,0.016932242062746905,0.01693224206274691,0.01693224206266349,2.0490180444483722e-16,4.926454084267221e-12,1.1102230246251565e-16,0.0
125.0,-0.00042320389787041824,-0.00042320389787042084,-0.00042320389809456327,6.1485379167839915e-15,5.296383866098113e-10,-1.1102230246251565e-16,2.220446049250313e-16
126.0,-0.010380563532732708,-0.010380563532732721,-0.01038056353265306,1.336901196553929e-15,7.672810192322138e-12,4.440892098500626e-16,0.0
127.0,0.0038515276889300697,0.003851527688930056,0.0038515276888871166,3.603190455491602e-15,1.1152212258851712e-11,1.1102230246251565e-16,0.0
128.0,-0.0058345064782534505,-0.005834506478253449,-0.005834506478299971,2.9732137284082027e-16,7.973415916158697e-12,-5.551115123125783e-17,0.0
129.0,0.0007635583987281973,0.0007635583987282077,0.0007635583989043514,1.3631361885084395e-14,2.3070157033711038e-10,8.326672684688674e-17,2.220446049250313e-16
130.0,-0.004706580502079134,-0.004706580502079137,-0.0047065805021973914,7.371481164156889e-16,2.5126062122086963e-11,1.1102230246251565e-16,-3.3306690738754696e-16
131.0,-0.01862167111107779,-0.018621671111077785,-0.01862167111113764,1.8631233100656227e-16,3.2140740221942055e-12,-2.220446049250313e-16,-1.1102230246251565e-16
132.0,-0.0004254146054746286,-0.0004254146054746416,-0.00042541460552186766,3.0582932275834325e-14,1.110424219403665e-10,-1.1102230246251565e-16,-1.1102230246251565e-16
133.0,0.011064123899410395,0.011064123899410427,0.01106412389942357,2.822186632346852e-15,1.1908059707041301e-12,2.220446049250313e-16,2.220446049250313e-16
134.0,-0.005385718761977271,-0.0053857187619772776,-0.005385718761773591,1.2883877176980047e-15,3.7818527822983674e-11,2.220446049250313e-16,-2.220446049250313e-16
135.0,-0.014526555745689526,-0.014526555745689566,-0.014526555745635512,2.7466001332976402e-15,3.718299493499505e-12,4.440892098500626e-16,-1.1102230246251565e-16
136.0,0.012012345727964058,0.012012345727964096,0.012012345728118488,3.1770577816583895e-15,1.2855964313480674e-11,-1.942890293094024e-16,0.0
137.0,-0.009953363645149928,-0.009953363645149935,-0.00995336364500073,6.971406000310664e-16,1.498974289671798e-11,-2.7755575615628914e-16,0.0
138.0,0.006716708294752601,0.006716708294752592,0.00671670829473688,1.2913494228505146e-15,2.3405708289165577e-12,1.1102230246251565e-16,0.0
139.0,0.005728115043772276,0.005728115043772306,0.005728115044165149,5.148342668439513e-15,6.858667529448076e-11,3.3306690738754696e-16,-2.220446049250313e-16
140.0,0.003932454506197413,0.003932454506197412,0.003932454506321939,2.2056497706305443e-16,3.166629319196566e-11,5.551115123125783e-17,-1.1102230246251565e-16
141.0,-0.007468193752062313,-0.007468193752062291,-0.007468193752163676,3.0196598985082473e-15,1.3572558258437281e-11,-1.1102230246251565e-16,-2.220446049250313e-16
142.0,0.00513713243337648,0.005137132433376469,0.005137132433318906,2.0260993834297085e-15,1.1207368739441431e-11,-5.551115123125783e-17,-2.220446049250313e-16
143.0,0.010704762060442768,0.010704762060442803,0.010704762060445109,3.2410313581592612e-15,2.1860756510784218e-13,2.220446049250313e-16,0.0
144.0,0.011044835316807345,0.011044835316807354,0.01104483531647049,7.853097969405715e-16,3.0498919521821585e-11,-4.440892098500626e-16,-1.1102230246251565e-16
145.0,-0.016195906313107265,-0.01619590631310728,-0.016195906313090647,8.568700966480167e-16,1.026101940736e-12,-8.326672684688674e-17,-2.220446049250313e-16
146.0,-0.017239972056853986,-0.017239972056854014,-0.017239972057043564,1.6099547913297862e-15,1.0996393713480272e-11,1.1102230246251565e-16,-1.1102230246251565e-16
147.0,0.01319475435660344,0.01319475435660343,0.013194754356754082,7.888241474183306e-16,1.1416783356276736e-11,2.220446049250313e-16,0.0
148.0,0.014027966018823494,0.014027966018823517,0.014027966018503405,1.6076033515791058e-15,2.2817950986925003e-11,-1.1102230246251565e-16,0.0
149.0,0.020740456659725875,0.02074045665972589,0.02074045666005756,6.691167911717495e-16,1.59922258674004e-11,-1.1102230246251565e-16,-1.1102230246251565e-16
150.0,0.008873786979995111,0.008873786979995133,0.00887378697980723,2.541350748957336e-15,2.117257955512102e-11,5.551115123125783e-17,-2.220446049250313e-16
151.0,0.01484798448213756,0.014847984482137514,0.014847984482630378,3.154470824384667e-15,3.3190874685164446e-11,0.0,0.0
152.0,-0.001984430470795412,-0.001984430470795391,-0.001984430470688044,1.0490003060363113e-14,5.41052503680487e-11,-3.3306690738754696e-16,0.0
153.0,0.015301797194464027,0.015301797194464034,0.015301797194564962,4.534692112095076e-16,6.596276513556299e-12,0.0,2.220446049250313e-16
154.0,0.012550943025455182,0.012550943025455188,0.012550943025840347,5.528583700540411e-16,3.0688200619552224e-11,-1.1102230246251565e-16,0.0
155.0,0.018453954502348633,0.018453954502348623,0.018453954502214986,5.640168265580244e-16,7.242164058613886e-12,-1.1102230246251565e-16,0.0
156.0,0.008017080408336126,0.008017080408336125,0.008017080408313318,2.163784554503219e-16,2.8449439322608323e-12,0.0,0.0
157.0,0.0002627052824437266,0.0002627052824437518,0.00026270528267804033,9.574794288583332e-14,8.919261362801929e-10,2.220446049250313e-16,0.0
158.0,-0.011457038020592818,-0.011457038020592827,-0.011457038020477409,7.570558257984407e-16,1.0073233406908893e-11,2.220446049250313e-16,-2.220446049250313e-16
159.0,-0.0017019006897085673,-0.0017019006897085855,-0.001701900689543567,1.0702502565455414e-14,9.695053065035027e-11,1.1102230246251565e-16,-1.1102230246251565e-16
160.0,0.012055809900238315,0.012055809900238308,0.012055809900079113,5.755643097665353e-16,1.3205459741128502e-11,-1.1102230246251565e-16,0.0
161.0,0.0014454829148168417,0.0014454829148168244,0.001445482915030105,1.2000996054254147e-14,1.4753769527933895e-10,-2.220446049250313e-16,0.0
162.0,-0.001993335668969221,-0.0019933356689692053,-0.0019933356690491713,7.832354342627347e-15,4.0108833892399425e-11,0.0,-2.220446049250313e-16
163.0,-0.014813926719908551,-0.014813926719908548,-0.014813926719828284,2.342017088076315e-16,5.418373634118958e-12,5.551115123125783e-17,-1.1102230246251565e-16
164.0,-0.022352287489973293,-0.022352287489973297,-0.022352287489986463,1.552166396172151e-16,5.892023639869485e-13,-1.1102230246251565e-16,2.220446049250313e-16
165.0,-0.0072074602205297765,-0.007207460220529746,-0.0072074602204194585,4.211977576112479e-15,1.5306085827159828e-11,5.551115123125783e-17,-2.220446049250313e-16
166.0,0.015829403231096256,0.015829403231096266,0.01582940323117954,6.575321067922065e-16,5.261352741182305e-12,-1.1102230246251565e-16,0.0
167.0,-0.006859437625423284,-0.006859437625423275,-0.00685943762532513,1.2644793718564941e-15,1.430935436367683e-11,5.551115123125783e-17,2.220446049250313e-16
168.0,0.0005828267444252496,0.0005828267444252522,0.0005828267442276046,4.464594733948296e-15,3.3911443183480206e-10,-8.326672684688674e-17,0.0
169.0,-0.02227949715262974,-0.022279497152629755,-0.022279497152606166,6.228950192521017e-16,1.0581429139545079e-12,1.1102230246251565e-16,0.0
170.0,0.001626758780781834,0.001626758780781834,0.0016267587805175268,0.0,1.6247475803533514e-10,-1.1102230246251565e-16,0.0
171.0,-0.007057397152467556,-0.007057397152467573,-0.00705739715255634,2.4580216168626037e-15,1.258027753618365e-11,-2.7755575615628914e-17,2.220446049250313e-16
172.0,0.01569402170301787,0.015694021703017882,0.015694021702911582,8.842722452171598e-16,6.7724200580569225e-12,-8.326672684688674e-16,-1.1102230246251565e-16
173.0,-0.0015476546236702273,-0.0015476546236702186,-0.0015476546235543285,5.604362399224933e-15,7.488675135998337e-11,2.220446049250313e-16,0.0
174.0,0.011622066441892249,0.011622066441892235,0.011622066441729915,1.1940895259203959e-15,1.396771296826309e-11,-2.220446049250313e-16,0.0
175.0,-0.014804164654457937,-0.014804164654457948,-0.014804164654297345,7.030684337009586e-16,1.0847760041644373e-11,6.938893903907228e-17,0.0
176.0,-0.028020710425327142,-0.02802071042532711,-0.028020710425522934,1.1143551356621179e-15,6.987378152313366e-12,-3.3306690738754696e-16,2.220446049250313e-16
177.0,-0.0013502130366216062,-0.0013502130366216045,-0.0013502130368515477,1.2847776081483172e-15,1.7030016270967777e-10,0.0,2.220446049250313e-16
178.0,-0.01132950716568773,-0.011329507165687737,-0.011329507165364997,6.124621135261902e-16,2.8486072246688252e-11,-6.106226635438361e-16,0.0
179.0,-0.005983292250790834,-0.005983292250790825,-0.00598329225090279,1.449639599097857e-15,1.871151305327541e-11,-1.1102230246251565e-16,-1.1102230246251565e-16
180.0,0.007450200912282722,0.007450200912282728,0.007450200912538044,8.149487828846281e-16,3.4270459060373775e-11,-1.1102230246251565e-16,0.0
181.0,-0.0037867646335439254,-0.0037867646335439306,-0.0037867646335519125,1.374305226635913e-15,2.1092149465794677e-12,0.0,0.0
182.0,-0.010951081747207417,-0.010951081747207408,-0.010951081747488193,7.92032931529661e-16,2.563905643313296e-11,-5.551115123125783e-17,0.0
183.0,-0.010032316961988575,-0.010032316961988592,-0.01003231696202154,1.7291354355567086e-15,3.285876068188413e-12,-1.1102230246251565e-16,-1.1102230246251565e-16
184.0,-0.0019260779264584187,-0.0019260779264584048,-0.0019260779266297432,7.20520577902985e-15,8.894995406222796e-11,5.551115123125783e-17,0.0
185.0,0.005094889715079874,0.005094889715079872,0.005094889715152872,3.404830276929276e-16,1.4327696046832238e-11,1.1102230246251565e-16,0.0
186.0,-0.010185779709877673,-0.010185779709877628,-0.010185779709866633,4.428017457677636e-15,1.0838424269484798e-12,-2.220446049250313e-16,0.0
187.0,0.004966158472068438,0.004966158472068452,0.0049661584719297895,2.794471397936326e-15,2.791869046446998e-11,3.3306690738754696e-16,0.0
188.0,-0.01105805391872891,-0.01105805391872891,-0.011058053918539904,0.0,1.7092229583447244e-11,5.551115123125783e-17,0.0
189.0,0.008250679248546694,0.008250679248546687,0.008250679248769655,8.410088060255111e-16,2.7023294955211724e-11,1.1102230246251565e-16,-3.3306690738754696e-16
190.0,0.007193319833737451,0.007193319833737459,0.007193319833571909,1.2057878115197684e-15,2.3013304434322843e-11,6.938893903907228e-17,2.220446049250313e-16
191.0,0.01308354083204915,0.01308354083204916,0.013083540832172409,7.955293593204332e-16,9.420923849525677e-12,-8.326672684688674e-17,0.0
192.0,0.007981543284399177,0.007981543284399182,0.007981543284259669,6.520255848392821e-16,1.7478849852786636e-11,-1.6653345369377348e-16,0.0
193.0,-0.004478769518019206,-0.004478769518019201,-0.004478769518138914,1.1619643312417953e-15,2.6727890868667524e-11,0.0,4.440892098500626e-16
194.0,0.0023737363356893942,0.00237373633568937,0.00237373633612629,1.02311820795177e-14,1.8405403271916365e-10,-2.220446049250313e-16,-1.1102230246251565e-16
195.0,0.0016649239756618747,0.0016649239756618868,0.0016649239757693388,7.293464751882442e-15,6.454599089018163e-11,-3.608224830031759e-16,0.0
196.0,0.0102647267005583,0.010264726700558304,0.010264726700524399,3.379970118215528e-16,3.3027378010143036e-12,1.1102230246251565e-16,0.0
197.0,0.010109570375252456,0.010109570375252473,0.010109570375086325,1.7159220536446235e-15,1.6433042323343832e-11,-5.551115123125783e-17,0.0
198.0,0.002829599539644367,0.002829599539644345,0.0028295995392266233,7.663290563171143e-15,1.4763344596530334e-10,0.0,-2.220446049250313e-16
199.0,0.00712917352409493,0.00712917352409493,0.0071291735240230905,0.0,1.0076797220055004e-11,-1.3877787807814457e-17,2.220446049250313e-16
200.0,-0.009093455693656867,-0.009093455693656865,-0.009093455693801506,1.9076614373997224e-16,1.5905890298895144e-11,0.0,0.0
201.0,-0.009032755826634592,-0.009032755826634606,-0.009032755826458386,1.5363846952325951e-15,1.950747647536826e-11,0.0,-2.220446049250313e-16
202.0,-0.01351495232872916,-0.013514952328729186,-0.013514952328456026,1.9253380631124174e-15,2.0209760225007548e-11,-1.3877787807814457e-16,2.220446049250313e-16
203.0,-0.0007315873900568572,-0.0007315873900568572,-0.0007315873900663276,0.0,1.2944998348843906e-11,1.6653345369377348e-16,2.220446049250313e-16
204.0,-0.0047031158823749,-0.004703115882374893,-0.004703115882842094,1.4753822947934793e-15,9.933712106287126e-11,-3.3306690738754696e-16,-2.220446049250313e-16
205.0,0.009801056442849274,0.009801056442849284,0.009801056442953574,1.0619611178082618e-15,1.0641735368036956e-11,1.1102230246251565e-16,0.0
206.0,0.004822827923457999,0.0048228279234579854,0.0048228279235160145,2.8775208296664776e-15,1.2029295983368855e-11,0.0,-2.220446049250313e-16
207.0,-0.009005231434786206,-0.009005231434786206,-0.009005231434838315,0.0,5.786565161809515e-12,1.1102230246251565e-16,0.0
208.0,0.012349290243546397,0.012349290243546406,0.012349290243497677,7.023575613518976e-16,3.945142422113609e-12,0.0,0.0
209.0,-0.02066199101377697,-0.020661991013776974,-0.02066199101332285,1.6791445459637753e-16,2.197849087657445e-11,1.6653345369377348e-16,-1.1102230246251565e-16
210.0,-0.0014693062815879301,-0.0014693062815879301,-0.0014693062814115827,0.0,1.2002088137001156e-10,2.220446049250313e-16,-2.220446049250313e-16
211.0,0.019682198276123972,0.019682198276123955,0.019682198275985937,8.813667313173858e-16,7.013211354438702e-12,4.440892098500626e-16,2.220446049250313e-16
212.0,0.012343490805219126,0.012343490805219114,0.012343490805322616,9.837625776495461e-16,8.384186836773803e-12,-1.1102230246251565e-16,0.0
213.0,6.230048107066372e-06,6.2300481070733105e-06,6.230047959003096e-06,1.1137785430627937e-12,2.37659922722706e-08,-1.6653345369377348e-16,0.0
214.0,-0.00984214842507319,-0.009842148425073211,-0.009842148425073803,2.1150546417984536e-15,6.221785737957118e-14,-1.1102230246251565e-16,-2.220446049250313e-16
215.0,-0.008267231668022183,-0.008267231668022169,-0.00826723166785781,1.6786499235885716e-15,1.988234935746394e-11,-2.220446049250313e-16,2.220446049250313e-16
216.0,-0.009205212600383856,-0.00920521260038388,-0.009205212599972904,2.6383017663994534e-15,4.4643457989749836e-11,1.1102230246251565e-16,0.0
217.0,0.013771626614279305,0.0137716266142793,0.013771626613974056,3.778907585640177e-16,2.216505647998627e-11,0.0,-2.220446049250313e-16
218.0,-0.00996676008684597,-0.009966760086845959,-0.009966760087023555,1.0443053474731687e-15,1.7817763787695958e-11,-2.220446049250313e-16,0.0
219.0,0.010322547975070127,0.010322547975070108,0.010322547974936367,1.8485705546566127e-15,1.2957975432537039e-11,4.440892098500626e-16,0.0
220.0,0.0019569089168754925,0.001956908916875496,0.0019569089167864595,1.772922041508767e-15,4.549672542919798e-11,2.220446049250313e-16,-2.220446049250313e-16
221.0,0.013848291694306045,0.013848291694306049,0.013848291694068536,2.5053248650013157e-16,1.7150827694582755e-11,5.551115123125783e-17,0.0
222.0,-0.005416408221145922,-0.0054164082211459255,-0.005416408221057637,6.405438457184083e-16,1.6299598970073477e-11,-3.3306690738754696e-16,2.220446049250313e-16
223.0,-0.010038925364969288,-0.010038925364969253,-0.010038925365163374,3.455994367677174e-15,1.9333350891941266e-11,0.0,0.0
224.0,-0.009718795711739526,-0.009718795711739496,-0.009718795711625056,3.03435733873733e-15,1.1778125747721188e-11,2.7755575615628914e-17,-2.220446049250313e-16
225.0,0.00626108072953248,0.006261080729532513,0.006261080729349592,5.264226332060135e-15,2.921036072297031e-11,2.220446049250313e-16,0.0
226.0,0.02517081593088681,0.02517081593088681,0.025170815930869447,0.0,6.898696507179954e-13,-5.551115123125783e-17,2.220446049250313e-16
227.0,-0.0036473595868220902,-0.0036473595868221406,-0.0036473595870639692,1.379271212571153e-14,6.631619221925621e-11,2.220446049250313e-16,-1.1102230246251565e-16
228.0,-0.002959472565502653,-0.0029594725655026598,-0.0029594725655992154,2.3446386983155848e-15,3.262828520559697e-11,-5.551115123125783e-17,0.0
229.0,-0.016712747102424617,-0.016712747102424617,-0.01671274710256243,0.0,8.246003543269775e-12,-2.0816681711721685e-16,0.0
230.0,0.00599580709196805,0.005995807091968064,0.0059958070921841316,2.314582106203004e-15,3.603876670048896e-11,-3.3306690738754696e-16,0.0
231.0,-0.012923049882781534,-0.012923049882781517,-0.012923049882417973,1.3423483556216284e-15,2.8132802602282527e-11,-3.3306690738754696e-16,0.0
232.0,0.009747795756082343,0.009747795756082329,0.009747795756132048,1.4236847134475869e-15,5.099104761801713e-12,-1.1102230246251565e-16,2.220446049250313e-16
233.0,-0.01036175537382665,-0.010361755373826637,-0.010361755374069246,1.3393278751343848e-15,2.3412623169239788e-11,-1.1102230246251565e-16,0.0
234.0,0.005473495430361739,0.005473495430361753,0.005473495430137938,2.5354525246944893e-15,4.088813360526847e-11,0.0,0.0
235.0,0.01290833713159521,0.012908337131595199,0.012908337131458298,8.063270078672467e-16,1.0606425461485762e-11,-3.3306690738754696e-16,0.0
236.0,-0.019883181842459977,-0.01988318184245997,-0.019883181842442196,3.4898307317641765e-16,8.942691250145702e-13,4.996003610813204e-16,-2.220446049250313e-16
237.0,-0.0015287386973873531,-0.0015287386973873562,-0.0015287386972521557,1.9857978921758145e-15,8.843722544263674e-11,-7.216449660063518e-16,-3.3306690738754696e-16
238.0,-0.007422223893469351,-0.007422223893469346,-0.007422223893318221,7.011605285188789e-16,2.036181860827633e-11,-1.942890293094024e-16,-1.1102230246251565e-16
239.0,-0.011904216943979619,-0.011904216943979605,-0.011904216943997568,1.165787541767879e-15,1.5078004618340303e-12,-2.220446049250313e-16,0.0
240.0,0.024386431115343044,0.024386431115343034,0.024386431114915837,4.268086956484706e-16,1.7518220643326258e-11,-6.661338147750939e-16,0.0
241.0,0.00294667945390294,0.0029466794539029333,0.0029466794538440806,2.354818029058612e-15,1.997489110761649e-11,0.0,0.0
242.0,0.010634578627831338,0.010634578627831355,0.010634578627988221,1.631210353188174e-15,1.4752177071127888e-11,1.1102230246251565e-16,-1.1102230246251565e-16
243.0,-0.01472335526469994,-0.014723355264699946,-0.014723355264712374,4.712848246308198e-16,8.44542405738429e-13,0.0,0.0
244.0,0.0006564428448341611,0.0006564428448341854,0.0006564428448966689,3.6996562385409494e-14,9.522204956137183e-11,5.551115123125783e-17,-1.1102230246251565e-16
245.0,-0.0034336482720226692,-0.0034336482720227074,-0.0034336482721576225,1.111468427938557e-14,3.9303165553903197e-11,2.7755575615628914e-16,0.0
246.0,0.0008808017507614414,0.00088080175076145,0.000880801750748524,9.847411602424409e-15,1.4665503914200612e-11,1.1102230246251565e-16,4.440892098500626e-16
247.0,-0.003065796741872514,-0.003065796741872474,-0.0030657967417524463,1.301411779930898e-14,3.9163582734383546e-11,0.0,0.0
248.0,-0.013983290636131535,-0.013983290636131553,-0.013983290636463789,1.2405688482603824e-15,2.376073920761593e-11,0.0,-2.220446049250313e-16
249.0,-0.005862838571496599,-0.0058628385714966005,-0.005862838571580227,2.9588457106524804e-16,1.4264151344199011e-11,3.3306690738754696e-16,-2.220446049250313e-16
250.0,-0.018433593099255397,-0.018433593099255408,-0.01843359309940812,5.646398290192834e-16,8.284960211199945e-12,3.3306690738754696e-16,0.0
251.0,-0.01341094495706964,-0.013410944957069647,-0.013410944956932883,5.174052929245195e-16,1.0197411566926125e-11,1.1102230246251565e-16,2.220446049250313e-16
252.0,-0.011596252149944631,-0.011596252149944579,-0.011596252149822146,4.487803784048685e-15,1.0562494986136985e-11,2.220446049250313e-16,-2.220446049250313e-16
253.0,-0.01856873132942946,-0.018568731329429454,-0.01856873132928538,3.7368702152041053e-16,7.759237314849805e-12,-1.1102230246251565e-16,-2.220446049250313e-16
254.0,-0.018011711897872488,-0.018011711897872484,-0.01801171189793014,1.9262172144516226e-16,3.200795145254261e-12,0.0,0.0
255.0,0.012243224513890982,0.012243224513890965,0.012243224513722171,1.4168844768047955e-15,1.3788127909130507e-11,-1.1102230246251565e-16,0.0
