scan_type,kappa_top,kappa_bottom,phase,t_peak1,t_valley,t_peak2,valley_over_max,sep_peaks,rollback_total,no_leak_total,leak_total,peak2_dominant_rollback_class,peak2_dominant_rollback_frac,peak2_dominant_gate_family,peak2_dominant_gate_frac,L0R0,L0R1,L1R0,L1R1,N,P,Q
tb,0.0,0.0,2,396,1082,1701,0.0584040182367016,1.9290465631929046,0.8718953981274873,1.0,0.0,L0R1,0.9989494053595794,N,1.0,0.0010505946404204924,0.9989494053595794,0.0,0.0,1.0,0.0,0.0
tb,0.00025,0.0,2,396,1082,1700,0.059874208593246464,1.9120234604105573,0.872080560392819,0.9933179354876723,0.006682064512327594,L0R1,0.9913825079219041,N,0.9924270158042316,0.0010445078823276175,0.9913825079219041,9.472134808210202e-05,0.0074782628476862106,0.9924270158042316,0.0017064134631061497,0.005866570732662157
tb,0.0005,0.0,2,396,1082,1699,0.06133772182097482,1.8952727272727272,0.8722639891651691,0.9867096237841839,0.013290376215815995,L0R1,0.9838541826134511,N,0.9848926270534188,0.0010384444399676963,0.9838541826134511,0.00018966048566260009,0.014917712460918511,0.9848926270534188,0.0034268076607295236,0.011680565285851595
tb,0.00075,0.0,2,396,1082,1698,0.06279460745040652,1.878787878787879,0.8724457092319227,0.9801739389930185,0.019826061006981425,L0R1,0.9763648384864823,N,0.9773972431947379,0.0010324047082556306,0.9763648384864823,0.00028482315974910323,0.022317933645512975,0.9773972431947379,0.005160824205197405,0.0174419326000647
tb,0.001,0.0,2,396,1082,1697,0.0642449150295078,1.8625626342161776,0.8726257448635949,0.9737097764924674,0.02629022350753266,L0R1,0.9689148652263061,N,0.9699412542933564,0.001026389067050402,0.9689148652263061,0.00038021477575160876,0.02967853093089191,0.9699412542933564,0.0069081094021020825,0.02315063630454144
tb,0.00125,0.0,2,396,1082,1696,0.06568869410723761,1.8452803406671399,0.8728041198285312,0.9673160524495722,0.0326839475504277,L0R1,0.9615046334645758,N,0.9625250313459353,0.0010203978813593368,0.9615046334645758,0.0004758404099537144,0.036999128244111015,0.9625250313459353,0.008668314264295904,0.028806654389768854
tb,0.0015,0.0,2,396,1082,1695,0.06712599421771516,1.8270042194092826,0.8729808574070945,0.9609917033477632,0.03900829665223677,L0R1,0.9541344950980155,N,0.9551489265995639,0.0010144315015482843,0.9541344950980155,0.000571704821641555,0.04427936857879453,0.9551489265995639,0.01044109452209551,0.034409978878340616
tb,0.00175,0.0,2,396,1082,1695,0.068556864864991,1.8104529616724738,0.8731559804053624,0.9547356855277132,0.045264314472286876,L0R1,0.946818274895343,N,0.9478238623522249,0.0010055874568819507,0.946818274895343,0.0006647395341800519,0.05151139811359489,0.9478238623522249,0.012221090871759842,0.03995504677601515
tb,0.002,0.0,2,395,1081,1694,0.06998129875934837,1.7954388389771943,0.8733295111683357,0.9485469747409498,0.051453025259050156,L0R1,0.9395306573383143,N,0.9405303478807022,0.0009996905423878951,0.9395306573383143,0.000760666005350759,0.05870898611394698,0.9405303478807022,0.014017253100767854,0.045452399018529904
tb,0.0025,0.0,2,395,1081,1692,0.07281033091090124,1.7586440677966102,0.8736718831391522,0.936367471735129,0.06363252826487097,L0R1,0.9250787351582416,N,0.9260667092249009,0.0009879740666590866,0.9250787351582416,0.0009532836089182164,0.07298000716618097,0.9260667092249009,0.01764393555751634,0.056289355217582895
tb,0.003,0.0,2,395,1081,1690,0.07561448729677023,1.7186463171864632,0.8740081433320191,0.924445372359039,0.07555462764096084,L0R1,0.9107930244854614,N,0.9117693871101453,0.0009763626246838714,0.9107930244854614,0.0011469431470285756,0.08708366974282615,0.9117693871101453,0.021314282689150706,0.06691633020070407
tb,0.0035,0.0,2,395,1081,1688,0.07839415867036786,1.6792207792207792,0.8743384551544453,0.9127731386366504,0.0872268613633495,L0R1,0.8966754439044182,N,0.8976403022104271,0.000964858306009015,0.8966754439044182,0.0013416680111006266,0.10101802977847212,0.8976403022104271,0.025025785351408335,0.0773339124381645
tb,0.004,0.0,2,395,1081,1687,0.08114973393233707,1.6385542168674698,0.874662975758367,0.9013435043042144,0.09865649569578554,L0R1,0.8827515088688355,N,0.8837022412985353,0.0009507324296998277,0.8827515088688355,0.0015306665472532843,0.11476709215421137,0.8837022412985353,0.028764119812759902,0.08753363888870484
tb,0.0045,0.0,2,395,1082,1685,0.0838814382174532,1.5916101172115977,0.8749818563664357,0.8901494631699126,0.10985053683008746,L0R1,0.8689771014515908,N,0.8699165852047682,0.000939483753177516,0.8689771014515908,0.0017267667928213331,0.1283566480024105,0.8699165852047682,0.03254903738571277,0.09753437740951908
tb,0.005,0.0,2,394,1082,1683,0.08658929780908638,1.5437125748502993,0.8752952425769598,0.8791842580747494,0.12081574192525053,L0R1,0.8553750166533177,N,0.8563033636019097,0.0009283469485921173,0.8553750166533177,0.0019239892507488528,0.14177264714734128,0.8563033636019097,0.036367990047272716,0.10732864635081751
tb,0.0,0.00025,2,396,1082,1700,0.05987420859324651,1.9120234604105573,0.872080560392819,0.9933179354876723,0.006682064512327594,L0R1,0.9913825079219041,N,0.9924270158042316,0.0010445078823276173,0.9913825079219041,9.472134808210199e-05,0.0074782628476862106,0.9924270158042316,0.0017064134631061502,0.005866570732662157
tb,0.00025,0.00025,2,396,1082,1699,0.06134109975524024,1.8952727272727272,0.8722654147060612,0.9866982247967471,0.013301775203252968,L0R1,0.9838269856545763,N,0.9848653856912766,0.0010384000367003672,0.9838269856545763,0.0001906396649614236,0.014943974643761987,0.9848653856912766,0.003429361253974239,0.011705253054749171
tb,0.0005,0.00025,2,396,1082,1698,0.06280134296677367,1.878787878787879,0.8724485395205844,0.9801514608429996,0.01984853915700042,L0R1,0.9763108006576916,N,0.9773431170574753,0.001032316399783754,0.9763108006576916,0.0002867612354283395,0.022370121707096277,0.9773431170574753,0.005166003007955296,0.017490879934569346
tb,0.00075,0.00025,2,396,1082,1697,0.0642549874840501,1.8625626342161776,0.8726299595245145,0.9736765310224929,0.026323468977507265,L0R1,0.9688343429413425,N,0.9698606002930114,0.001026257351668862,0.9688343429413425,0.0003830918627846749,0.029756307844203994,0.9698606002930114,0.006915981655383795,0.023223418051604862
tb,0.001,0.00025,2,396,1082,1696,0.06570208258251413,1.8452803406671399,0.87280969889274,0.9672723437322143,0.03272765626778566,L0R1,0.9613979833788308,N,0.9624182066363243,0.0010202232574936165,0.9613979833788308,0.00047963701027046676,0.0371021563534052,0.9624182066363243,0.008678944882180918,0.028902848481494773
tb,0.00125,0.00025,2,396,1082,1695,0.06714267754040885,1.8270042194092826,0.8729877813014618,0.9609378278912206,0.03906217210877941,L0R1,0.9540020740232948,N,0.9550162884909462,0.0010142144676516458,0.9540020740232948,0.0005764018134961523,0.0444073096955575,0.9550162884909462,0.010454545141178731,0.03452916636787495
tb,0.0015,0.00025,2,396,1081,1694,0.06857677472801234,1.8090592334494773,0.8731642299422324,0.9546719324752301,0.045328067524769845,L0R1,0.9466469484294573,N,0.9476551797474643,0.00100823131800683,0.9466469484294573,0.00067339109253135,0.05167142916000441,0.9476551797474643,0.012242439659704748,0.040102380592831
tb,0.00175,0.00025,2,395,1081,1694,0.07000429558970424,1.7941988950276244,0.8733390675355092,0.948473626064202,0.05152637393579791,L0R1,0.9393482563794228,N,0.9403476477971418,0.000999391417719064,0.9393482563794228,0.000767084424104046,0.058885267778754226,0.9403476477971418,0.014036428110727105,0.045615924092131103
tb,0.002,0.00025,2,395,1081,1693,0.07142514659833663,1.7756497948016416,0.8735123163437326,0.9423418964024437,0.05765810359755636,L0R1,0.9320770063947929,N,0.9330704858282902,0.0009934794334975716,0.9320770063947929,0.0008641068272492385,0.0660654073444605,0.9330704858282902,0.015847127448843788,0.051082386722865934
tb,0.0025,0.00025,2,395,1081,1691,0.07424802850142335,1.738430583501006,0.8738541344400328,0.9302742115706658,0.06972578842933422,L0R1,0.9176597090206742,N,0.918641444189363,0.000981735168688963,0.9176597090206742,0.0010588741465734797,0.08029968166406344,0.918641444189363,0.01950205851271557,0.06185649729792133
tb,0.003,0.00025,2,395,1081,1689,0.07704614191987434,1.6992777413000657,0.8741898536394986,0.9184611472544272,0.08153885274557282,L0R1,0.9034110281720396,N,0.9043811271510135,0.0009700989789740443,0.9034110281720396,0.0012546276482506985,0.09436424520073576,0.9043811271510135,0.023199564982783204,0.07241930786620338
tb,0.0035,0.00025,2,395,1081,1687,0.07981987555553231,1.6574727389352149,0.8745196367867788,0.9068952531607866,0.09310474683921346,L0R1,0.8893327484865255,N,0.8902913213313004,0.0009585728447748621,0.8893327484865255,0.0014513912749268072,0.10825728739377281,0.8902913213313004,0.02693715215620386,0.08277152651249571
tb,0.004,0.00025,2,395,1081,1686,0.0825696162871832,1.6147592245153222,0.8748436405088437,0.8955693473199262,0.10443065268007372,L0R1,0.875452266217269,N,0.876396714729197,0.0009444485119280128,0.875452266217269,0.001641920844551898,0.12196136442625112,0.876396714729197,0.030699529122209395,0.0929037561485936
tb,0.0045,0.00025,2,395,1081,1684,0.08529574882252379,1.5671732522796353,0.8751620155382104,0.8844765046075872,0.11552349539241284,L0R1,0.8617213538607373,N,0.8626545375159479,0.0009331836552106097,0.8617213538607373,0.0018399508356700671,0.13550551164838204,0.8626545375159479,0.034508398169029016,0.10283706431502315
tb,0.005,0.00025,2,394,1082,1682,0.08799755646804848,1.51440329218107,0.8754749070150755,0.87361004585882,0.1263899541411801,L0R1,0.8481646533353083,N,0.8490866866122723,0.000922033276964077,0.8481646533353083,0.0020390497393026974,0.1488742636484249,0.8490866866122723,0.03835027632984325,0.11256303705788442
tb,0.0,0.0005,2,396,1082,1699,0.061337721820974835,1.8952727272727272,0.8722639891651691,0.9867096237841839,0.013290376215816,L0R1,0.9838541826134511,N,0.9848926270534188,0.0010384444399676965,0.9838541826134511,0.0001896604856626001,0.014917712460918522,0.9848926270534188,0.0034268076607295236,0.011680565285851598
tb,0.00025,0.0005,2,396,1082,1698,0.0628013429667736,1.878787878787879,0.8724485395205845,0.9801514608429996,0.019848539157000432,L0R1,0.9763108006576916,N,0.9773431170574753,0.0010323163997837542,0.9763108006576916,0.00028676123542833954,0.022370121707096284,0.9773431170574753,0.005166003007955298,0.017490879934569346
tb,0.0005,0.0005,2,396,1082,1697,0.06425834525344525,1.8625626342161776,0.8726313642954189,0.9736654498162357,0.026334550183764172,L0R1,0.9688075060645309,N,0.9698337195162978,0.0010262134517668225,0.9688075060645309,0.0003840506765722448,0.02978222980712995,0.9698337195162978,0.0069186051634352146,0.023247675320266985
tb,0.00075,0.0005,2,396,1082,1696,0.06570877766257599,1.8452803406671399,0.8728124880808239,0.9672504911921149,0.03274950880788501,L0R1,0.9613446698208384,N,0.9623648057819011,0.001020135961062663,0.9613446698208384,0.00048153467397991267,0.03715365954411891,0.9623648057819011,0.008684258482831213,0.02895093573526766
tb,0.001,0.0005,2,396,1082,1695,0.0671526891968107,1.8270042194092826,0.8729919349582591,0.9609055061905921,0.03909449380940794,L0R1,0.9539226440148978,N,0.9549367282928732,0.0010140842779754614,0.9539226440148978,0.0005792187539039381,0.04448405295322279,0.9549367282928732,0.010462612137044375,0.034600659570082376
tb,0.00125,0.0005,2,396,1081,1694,0.06858997352540988,1.8090592334494773,0.8731697285138955,0.954629436291553,0.0453705637084471,L0R1,0.9465417621560488,N,0.9475498208942299,0.0010080587381810565,0.9465417621560488,0.0006771081163574282,0.05177307098941272,0.9475498208942299,0.01225332012088501,0.04019685898488512
tb,0.0015,0.0005,2,395,1081,1693,0.07002072596817185,1.7915804002760525,0.8733458918525081,0.9484212427762233,0.0515787572237767,L0R1,0.9392023394991481,N,0.9402043991620938,0.001002059662945603,0.9392023394991481,0.0007752076471630325,0.05902039319074316,0.9402043991620938,0.014056041258056247,0.04573955957984995
tb,0.00175,0.0005,2,395,1081,1693,0.07144480058031172,1.7756497948016416,0.8735204476108913,0.9422799062813325,0.057720093718667494,L0R1,0.9319217990399649,N,0.9329150236659977,0.0009932246260327252,0.9319217990399649,0.0008695481176255766,0.06621542821637673,0.9329150236659977,0.01586372939061307,0.051221246943389184
tb,0.002,0.0005,2,395,1081,1692,0.07286256419013727,1.7562626946513202,0.8736934179708075,0.9362044263655915,0.06379557363440848,L0R1,0.9246675760719796,N,0.925654874464671,0.0009872983926914238,0.9246675760719796,0.0009676518791705717,0.07337747365615838,0.925654874464671,0.017688679099120308,0.05665644643620875
tb,0.0025,0.0005,2,395,1081,1690,0.07567935278909163,1.7186463171864632,0.8740346890217077,0.9242471265980015,0.07575287340199853,L0R1,0.9102861782414935,N,0.911261706190979,0.0009755279494855142,0.9102861782414935,0.0011645397957369967,0.08757375401328396,0.911261706190979,0.021371286312666406,0.06736700749635459
tb,0.003,0.0005,2,395,1081,1688,0.07847147982918617,1.6781310837118755,0.874369873823183,0.9125417026448748,0.08745829735512532,L0R1,0.8960757435772393,N,0.8970396121588502,0.0009638685816110759,0.8960757435772393,0.0013623582103995668,0.1015980296307501,0.8970396121588502,0.02509538160324332,0.0778650062379064
tb,0.0035,0.0005,2,395,1081,1686,0.08123933195975404,1.6352121595946802,0.8746991346697478,0.9010807906061433,0.09891920939385668,L0R1,0.8820379234369295,N,0.8829902455969205,0.0009523221599908585,0.8820379234369295,0.0015611316513059737,0.11544862275177355,0.8829902455969205,0.028858485370208832,0.08815126903287068
tb,0.004,0.0005,2,395,1081,1684,0.08398329403705185,1.5884165126309304,0.8750226276752244,0.8898572915710355,0.11014270842896451,L0R1,0.8681741191407067,N,0.8691150094954239,0.0009408903547169886,0.8681741191407067,0.0017608809913102767,0.12912410951326594,0.8691150094954239,0.0326581942496018,0.09822679625497438
tb,0.0045,0.0005,2,394,1081,1683,0.08670323010742481,1.5409444112372983,0.8753405030929681,0.878864360300187,0.12113563969981295,L0R1,0.8545155630739881,N,0.8554424841890347,0.0009269211150466409,0.8545155630739881,0.0019530980425654348,0.14260441776839988,0.8554424841890347,0.036476600561904764,0.1080809152490605
tb,0.005,0.0005,2,394,1081,1681,0.08939958855119784,1.4835734870317003,0.8756529056152754,0.868095394489368,0.13190460551063196,L0R1,0.841005235510693,N,0.8419209940702869,0.0009157585595940933,0.841005235510693,0.0021540450059223093,0.15592496092379068,0.8419209940702869,0.04034084872409787,0.11773815720561523
tb,0.0,0.00075,2,396,1082,1698,0.06279460745040635,1.878787878787879,0.8724457092319227,0.9801739389930185,0.019826061006981432,L0R1,0.9763648384864823,N,0.9773972431947379,0.0010324047082556306,0.9763648384864823,0.0002848231597491033,0.02231793364551298,0.9773972431947379,0.0051608242051974056,0.017441932600064686
tb,0.00025,0.00075,2,396,1082,1697,0.06425498748405016,1.8625626342161776,0.8726299595245145,0.9736765310224929,0.026323468977507272,L0R1,0.9688343429413425,N,0.9698606002930114,0.001026257351668862,0.9688343429413425,0.00038309186278467493,0.029756307844203998,0.9698606002930114,0.006915981655383797,0.023223418051604862
tb,0.0005,0.00075,2,396,1082,1696,0.06570877766257606,1.8452803406671399,0.872812488080824,0.9672504911921149,0.032749508807885026,L0R1,0.9613446698208384,N,0.9623648057819011,0.0010201359610626623,0.9613446698208384,0.0004815346739799121,0.037153659544118894,0.9623648057819011,0.008684258482831213,0.02895093573526766
tb,0.00075,0.00075,2,396,1082,1695,0.0671560266926734,1.8270042194092826,0.8729933193972399,0.9608947328858785,0.03910526711412141,L0R1,0.9538961711165566,N,0.9549102120030816,0.0010140408865248424,0.9538961711165566,0.0005801575249741885,0.04450963047194429,0.9549102120030816,0.010465300573423196,0.03462448742349531
tb,0.001,0.00075,2,396,1081,1694,0.0685965737506422,1.8090592334494773,0.8731724774639256,0.9546081899548975,0.045391810045102426,L0R1,0.9464891801674801,N,0.9474971526309018,0.0010079724634218946,0.9464891801674801,0.0006789660100948167,0.05182388135900327,0.9474971526309018,0.0122587586852528,0.04024408868384532
tb,0.00125,0.00075,2,395,1081,1693,0.07003058582300602,1.7915804002760525,0.8733499857790662,0.9483898162525141,0.05161018374748597,L0R1,0.9391240119823308,N,0.9401259429949471,0.0010019310126163365,0.9391240119823308,0.0007779653987123468,0.05909609160634056,0.9401259429949471,0.014064288454657996,0.045809768550394904
tb,0.0015,0.00075,2,395,1081,1692,0.0714579059126023,1.774281805745554,0.8735258673626335,0.9422385851823878,0.05776141481761232,L0R1,0.9318009635664347,N,0.9327968804071239,0.0009959168406892538,0.9318009635664347,0.0008771606472503896,0.06632595894562568,0.9327968804071239,0.015881550398625786,0.051321569194250224
tb,0.00175,0.00075,2,395,1081,1692,0.07287889402936984,1.7562626946513202,0.8737001447696554,0.9361534892591121,0.06384651074088782,L0R1,0.9245391817417976,N,0.9255262691136711,0.0009870873718734777,0.9245391817417976,0.0009721367963778222,0.07350159408995109,0.9255262691136711,0.017702647525395413,0.056771083360933575
tb,0.002,0.00075,2,395,1081,1691,0.07429359856994182,1.738430583501006,0.8738728401030394,0.930133539680936,0.06986646031906403,L0R1,0.9173026265104638,N,0.9182837742050409,0.0009811476945771637,0.9173026265104638,0.001071307433098432,0.08064491836186051,0.9182837742050409,0.019541562881490615,0.06217466291346838
tb,0.0025,0.00075,2,395,1081,1689,0.07710435025764314,1.6981627296587927,0.8742135707737877,0.9182852152888606,0.08171478471113941,L0R1,0.9029583657499287,N,0.9039277184025208,0.0009693526525922282,0.9029583657499287,0.0012702870222665711,0.09480199457521249,0.9039277184025208,0.02325127808641955,0.07282100351105954
tb,0.003,0.00075,2,395,1081,1687,0.07989054695641212,1.6564102564102565,0.874548227615744,0.9066860597518693,0.0933139402481307,L0R1,0.8887873567814436,N,0.8897450284263303,0.0009576716448865194,0.8887873567814436,0.001470141509955283,0.1087848300637146,0.8897450284263303,0.02700139631882611,0.0832535752548437
tb,0.0035,0.00075,2,395,1081,1685,0.08265257326225971,1.6114928169893816,0.874876972385624,0.8953287942975153,0.10467120570248462,L0R1,0.8747911184018066,N,0.8757372248343734,0.0009461064325669588,0.8747911184018066,0.0016708960431103166,0.12259187912251615,0.8757372248343734,0.030789453721525282,0.0934733214441013
tb,0.004,0.00075,2,394,1081,1683,0.08539070663370871,1.5643203883495145,0.8751999606955393,0.8842064018629016,0.11579359813709848,L0R1,0.8609709235456665,N,0.8619055821239895,0.0009346585783229898,0.8609709235456665,0.0018725721280196674,0.1362218457479909,0.8619055821239895,0.03461306320298445,0.10348135467302613
tb,0.0045,0.00075,2,394,1081,1682,0.08810457979297469,1.511737089201878,0.8755173423303194,0.8733121159334466,0.12668788406655346,L0R1,0.8473598097587974,N,0.8482805060111633,0.0009206962523659855,0.8473598097587974,0.0020662157414758063,0.14965327824736066,0.8482805060111633,0.03845332387196965,0.1132661701168669
tb,0.005,0.00075,2,394,1081,1680,0.09079538310402102,1.4522868435911913,0.875829261544248,0.8626394099537774,0.13736059004622256,L0R1,0.833896808946005,N,0.8348063318308283,0.000909522884823213,0.833896808946005,0.002268982645470877,0.16292468552370085,0.8348063318308283,0.042339392335447736,0.12285427583372395
tb,0.0,0.001,2,396,1082,1697,0.06424491502950765,1.8625626342161776,0.8726257448635949,0.9737097764924674,0.02629022350753267,L0R1,0.9689148652263061,N,0.9699412542933564,0.001026389067050402,0.9689148652263061,0.0003802147757516088,0.029678530930891917,0.9699412542933564,0.006908109402102083,0.023150636304541443
tb,0.00025,0.001,2,396,1082,1696,0.06570208258251392,1.8452803406671399,0.87280969889274,0.9672723437322143,0.03272765626778567,L0R1,0.9613979833788308,N,0.9624182066363243,0.0010202232574936163,0.9613979833788308,0.0004796370102704667,0.03710215635340522,0.9624182066363243,0.008678944882180925,0.028902848481494776
tb,0.0005,0.001,2,396,1082,1695,0.06715268919681087,1.8270042194092826,0.8729919349582591,0.9609055061905921,0.039094493809407944,L0R1,0.9539226440148978,N,0.9549367282928732,0.0010140842779754616,0.9539226440148978,0.0005792187539039382,0.04448405295322281,0.9549367282928732,0.01046261213704438,0.034600659570082376
tb,0.00075,0.001,2,396,1081,1694,0.06859657375064214,1.8090592334494773,0.8731724774639256,0.9546081899548975,0.045391810045102426,L0R1,0.9464891801674802,N,0.9474971526309018,0.0010079724634218942,0.9464891801674802,0.0006789660100948165,0.051823881359003274,0.9474971526309018,0.0122587586852528,0.04024408868384532
tb,0.001,0.001,2,395,1081,1693,0.07003387271250898,1.7915804002760525,0.8733513503106645,0.9483793413194055,0.051620658680594615,L0R1,0.93909790647044,N,0.9400997946046065,0.0010018881341663274,0.93909790647044,0.0007788844461862641,0.05912132094920732,0.9400997946046065,0.014067036971854316,0.04583316842353927
tb,0.00125,0.001,2,395,1081,1692,0.07146445938177337,1.774281805745554,0.8735285769106677,0.9422179263272514,0.05778207367274864,L0R1,0.9317491194832616,N,0.9327449510794324,0.0009958315961708312,0.9317491194832616,0.000878979405739475,0.06637606951482816,0.9327449510794324,0.015887104371807965,0.05136794454875963
tb,0.0015,0.001,2,395,1081,1691,0.07288869351802085,1.7549085985104942,0.873704180201008,0.9361229303250607,0.06387706967493928,L0R1,0.9244430980200097,N,0.9254329011612619,0.0009898031412522933,0.9244430980200097,0.000979255920504926,0.07358784291823312,0.9254329011612619,0.017718623189832004,0.05684847564890607
tb,0.00175,0.001,2,395,1081,1691,0.07430662328412926,1.738430583501006,0.8738781826567857,0.930093357529897,0.069906642470103,L0R1,0.9172006656552162,N,0.9181816455863046,0.0009809799310883972,0.9172006656552162,0.0010748563102841269,0.08074349810341128,0.9181816455863046,0.019552840418104872,0.06226551399559056
tb,0.002,0.001,2,395,1081,1690,0.07571829681145707,1.7186463171864632,0.8740506063038229,0.924128230608098,0.07587176939190192,L0R1,0.9099824004374953,N,0.9109574280372151,0.0009750275997198215,0.9099824004374953,0.0011750794300922842,0.08786749253269253,0.9109574280372151,0.02140543875826989,0.06763713320451492
tb,0.0025,0.001,2,395,1081,1688,0.07852306743323959,1.6781310837118755,0.874390803101738,0.9123874948493536,0.08761250515064652,L0R1,0.8956764776424938,N,0.896639687150348,0.0009632095078541307,0.8956764776424938,0.0013761219623383586,0.10198419088731356,0.896639687150348,0.02514169817410451,0.07821861467554744
tb,0.003,0.001,2,395,1081,1686,0.08130338927966756,1.6341772151898735,0.8747249382713924,0.9008932580718132,0.09910674192818693,L0R1,0.8815460376355182,N,0.8824975460032849,0.0009515083677666601,0.8815460376355182,0.0015779838945220062,0.11592447010219313,0.8824975460032849,0.0289172781768385,0.08858517581987656
tb,0.0035,0.001,2,395,1081,1684,0.08405964489273915,1.5874384236453203,0.8750531730436385,0.8896383253896986,0.11036167461030148,L0R1,0.8675924674215185,N,0.8685323932520072,0.0009399258304885349,0.8675924674215185,0.001780691024708163,0.12968691572328472,0.8685323932520072,0.032729731274568165,0.09873787547342477
tb,0.004,0.001,2,394,1081,1682,0.08679158289509764,1.537910447761194,0.8753756625399723,0.8786157603999105,0.12138423960008941,L0R1,0.8538169123930124,N,0.8547453757441564,0.0009284633511440698,0.8538169123930124,0.0019842655233394337,0.14327035873250404,0.8547453757441564,0.03657668723160459,0.10867793702423902
tb,0.0045,0.001,2,394,1081,1681,0.08949985653121066,1.481012658227848,0.8756925560869963,0.8678188741745029,0.13218112582549718,L0R1,0.8402541601821795,N,0.8411686693569301,0.0009145091747507741,0.8402541601821795,0.002179310932864842,0.15665201971020493,0.8411686693569301,0.04043825284158866,0.11839307780148112
tb,0.005,0.001,2,394,1081,1679,0.0921851590518619,1.4191054665930425,0.8760039975105572,0.8572412148160056,0.14275878518399435,L0R1,0.8268394056808481,N,0.8277427320102152,0.0009033263293669993,0.8268394056808481,0.0023838699244401323,0.1698733980653447,0.8277427320102152,0.04434559773023112,0.12791167025955372
tb,0.0,0.00125,2,396,1082,1696,0.06568869410723731,1.8452803406671399,0.8728041198285312,0.9673160524495722,0.03268394755042771,L0R1,0.9615046334645758,N,0.9625250313459353,0.0010203978813593366,0.9615046334645758,0.00047584040995371426,0.036999128244110994,0.9625250313459353,0.008668314264295913,0.028806654389768885
tb,0.00025,0.00125,2,396,1082,1695,0.06714267754040884,1.8270042194092826,0.8729877813014618,0.9609378278912206,0.03906217210877941,L0R1,0.9540020740232947,N,0.9550162884909462,0.0010142144676516462,0.9540020740232947,0.0005764018134961524,0.04440730969555751,0.9550162884909462,0.010454545141178731,0.03452916636787496
tb,0.0005,0.00125,2,396,1081,1694,0.0685899735254097,1.8090592334494773,0.8731697285138954,0.9546294362915531,0.045370563708447116,L0R1,0.9465417621560489,N,0.9475498208942299,0.001008058738181056,0.9465417621560489,0.0006771081163574281,0.05177307098941272,0.9475498208942299,0.012253320120885012,0.040196858984885106
tb,0.00075,0.00125,2,395,1081,1693,0.0700305858230059,1.7915804002760525,0.8733499857790663,0.9483898162525141,0.05161018374748598,L0R1,0.9391240119823308,N,0.9401259429949471,0.0010019310126163368,0.9391240119823308,0.0007779653987123468,0.059096091606340544,0.9401259429949471,0.014064288454657996,0.04580976855039491
tb,0.001,0.00125,2,395,1081,1692,0.07146445938177312,1.774281805745554,0.8735285769106677,0.9422179263272513,0.05778207367274864,L0R1,0.9317491194832616,N,0.9327449510794324,0.000995831596170831,0.9317491194832616,0.0008789794057394749,0.06637606951482815,0.9327449510794324,0.015887104371807955,0.05136794454875963
tb,0.00125,0.00125,2,395,1081,1691,0.07289196027835751,1.7549085985104942,0.8737055252368168,0.9361127445686329,0.06388725543136706,L0R1,0.924417362828398,N,0.9254071236082254,0.0009897607798272593,0.924417362828398,0.0009801555599018583,0.07361272083187276,0.9254071236082254,0.017721427080547726,0.05687144931122693
tb,0.0015,0.00125,2,395,1081,1691,0.0743131364232252,1.738430583501006,0.8738808536135404,0.9300732680902963,0.0699267319097036,L0R1,0.9171496956710578,N,0.918130591734765,0.0009808960637069672,0.9171496956710578,0.0010766301674594654,0.0807927780977757,0.918130591734765,0.01955847761760443,0.06231093064763075
tb,0.00175,0.00125,2,395,1081,1690,0.07572803571193276,1.7186463171864632,0.8740545844377912,0.9240985126397943,0.07590148736020581,L0R1,0.9099064945890278,N,0.910881397154582,0.0009749025655543177,0.9099064945890278,0.0011777121897487332,0.08794089065566917,0.910881397154582,0.02141397105617039,0.06770463178924756
tb,0.002,0.00125,2,395,1081,1689,0.07713670601041388,1.6981627296587927,0.8742267396600227,0.9181875121834316,0.08181248781656826,L0R1,0.902707123501183,N,0.9036760618560605,0.0009689383548778077,0.902707123501183,0.0012789734924432683,0.09504496465149602,0.9036760618560605,0.02327997181704012,0.07304396632689926
tb,0.0025,0.00125,2,395,1081,1687,0.07993555086798951,1.655349135169763,0.8745664089401906,0.9065530007997782,0.09344699920022181,L0R1,0.8884407035185924,N,0.8893978022502511,0.0009570987316587337,0.8884407035185924,0.0014820504345364714,0.1091201473152125,0.8893978022502511,0.027042216114878552,0.08355998163487037
tb,0.003,0.00125,2,395,1081,1685,0.08271005280700888,1.6104868913857677,0.8749000285789362,0.8951623549675121,0.10483764503248799,L0R1,0.874351940096637,N,0.8752973190327743,0.0009453789361373176,0.874351940096637,0.0016858913948563938,0.12301678957236933,0.8752973190327743,0.030842701486805728,0.09385997948042005
tb,0.0035,0.00125,2,394,1081,1683,0.08546039922077052,1.5624242424242425,0.8752277592928226,0.8840084624702299,0.11599153752977007,L0R1,0.8604420892655066,N,0.8613758697745708,0.0009337805090639988,0.8604420892655066,0.0018905228539370428,0.13673360737149223,0.8613758697745708,0.03467899740869737,0.10394513281673186
tb,0.004,0.00125,2,394,1081,1681,0.08818637672759616,1.5087924970691677,0.8755497557234752,0.8730844663990512,0.12691553360094868,L0R1,0.8467121697631259,N,0.8476344745610136,0.0009223047978878079,0.8467121697631259,0.0020959676761318395,0.15026955776285444,0.8476344745610136,0.038548751065022833,0.11381677437396362
tb,0.0045,0.00125,2,394,1081,1679,0.09088910499739201,1.4487034949267192,0.8758661667492497,0.8623837542959161,0.1376162457040839,L0R1,0.8331629740503292,N,0.8340739270151704,0.0009109529648412388,0.8331629740503292,0.002302245395399927,0.1636238275894296,0.8340739270151704,0.04244968641281965,0.12347638657200993
tb,0.005,0.00125,2,394,1081,1678,0.09356896052261074,1.3858607663248785,0.8761771357768383,0.8518999478506822,0.14810005214931785,L0R1,0.8198330443564218,N,0.8207302133149892,0.0008971689585674915,0.8198330443564218,0.0024987137927710416,0.1767710728922397,0.8207302133149892,0.046359160901341755,0.13291062578366902
tb,0.0,0.0015,2,396,1082,1695,0.06712599421771524,1.8270042194092826,0.8729808574070945,0.9609917033477632,0.039008296652236776,L0R1,0.9541344950980155,N,0.9551489265995639,0.0010144315015482852,0.9541344950980155,0.0005717048216415553,0.04427936857879453,0.9551489265995639,0.010441094522095507,0.03440997887834063
tb,0.00025,0.0015,2,396,1081,1694,0.06857677472801224,1.8090592334494773,0.8731642299422324,0.9546719324752301,0.04532806752476985,L0R1,0.9466469484294573,N,0.9476551797474643,0.0010082313180068297,0.9466469484294573,0.0006733910925313502,0.051671429160004397,0.9476551797474643,0.01224243965970476,0.040102380592831
tb,0.0005,0.0015,2,395,1081,1693,0.07002072596817191,1.7915804002760525,0.8733458918525082,0.9484212427762233,0.05157875722377673,L0R1,0.9392023394991482,N,0.9402043991620938,0.001002059662945602,0.9392023394991482,0.0007752076471630319,0.05902039319074316,0.9402043991620938,0.014056041258056257,0.045739559579849966
tb,0.00075,0.0015,2,395,1081,1692,0.07145790591260216,1.774281805745554,0.8735258673626336,0.9422385851823877,0.057761414817612315,L0R1,0.9318009635664347,N,0.9327968804071239,0.0009959168406892538,0.9318009635664347,0.0008771606472503892,0.06632595894562565,0.9327968804071239,0.015881550398625783,0.05132156919425023
tb,0.001,0.0015,2,395,1081,1691,0.07288869351802083,1.7549085985104942,0.873704180201008,0.9361229303250607,0.0638770696749393,L0R1,0.9244430980200097,N,0.9254329011612619,0.0009898031412522927,0.9244430980200097,0.0009792559205049258,0.07358784291823313,0.9254329011612619,0.017718623189832004,0.05684847564890606
tb,0.00125,0.0015,2,395,1081,1691,0.07431313642322504,1.738430583501006,0.8738808536135404,0.9300732680902963,0.06992673190970358,L0R1,0.9171496956710578,N,0.918130591734765,0.0009808960637069672,0.9171496956710578,0.0010766301674594652,0.08079277809777571,0.918130591734765,0.019558477617604434,0.062310930647630734
tb,0.0015,0.0015,2,395,1081,1690,0.07573128226930023,1.7186463171864632,0.8740559103770046,0.9240886071862011,0.07591139281379887,L0R1,0.909881196068335,N,0.910856056960566,0.0009748608922313049,0.909881196068335,0.0011785895853670355,0.08796535345406685,0.910856056960566,0.02141681463928548,0.0677271284001484
tb,0.00175,0.0015,2,395,1081,1689,0.07714317868432993,1.6981627296587927,0.8742293728119365,0.9181679747221642,0.0818320252778359,L0R1,0.9026568953269356,N,0.9036257508503509,0.0009688555234152519,0.9026568953269356,0.0012807096574985516,0.09509353949215045,0.9036257508503509,0.023285707503366077,0.07308854164628299
tb,0.002,0.0015,2,395,1081,1688,0.07854887326869119,1.6770428015564203,0.8744012627950798,0.9123104157995735,0.08768958420042658,L0R1,0.8954770046077672,N,0.8964398848010101,0.0009628801932429427,0.8954770046077672,0.001382994935480436,0.10217712026350932,0.8964398848010101,0.025164832260159465,0.07839528293883036
tb,0.0025,0.0015,2,395,1081,1686,0.08134184712408347,1.6331435800126501,0.8747404107658029,0.9007807865659184,0.09921921343408158,L0R1,0.8812512168186828,N,0.8822022373458632,0.0009510205271805159,0.8812512168186828,0.0015880779515916339,0.11620968470254506,0.8822022373458632,0.028952506631669317,0.08884525602246737
tb,0.003,0.0015,2,395,1081,1684,0.08411058356057911,1.5854858548585486,0.8750735208744146,0.8894924252707765,0.11050757472922337,L0R1,0.8672052025661903,N,0.868144486089242,0.0009392835230517545,0.8672052025661903,0.0017938697365439576,0.13006164417421404,0.868144486089242,0.03277734580060388,0.09907816811015407
tb,0.0035,0.0015,2,394,1081,1682,0.08685474759949266,1.535160905840286,0.875400753334413,0.8784383011728839,0.12156169882711604,L0R1,0.8533400877688161,N,0.8542677583799911,0.0009276706111751222,0.8533400877688161,0.002000397483723644,0.14373184413628518,0.8542677583799911,0.03663693679391203,0.10909530482609675
tb,0.004,0.0015,2,394,1081,1680,0.08957513337211086,1.4781609195402299,0.8757222623179615,0.8676116357139043,0.13238836428609577,L0R1,0.8396567654396404,N,0.8405729484709054,0.0009161830312650295,0.8396567654396404,0.0022076847801927564,0.1572193667489018,0.8405729484709054,0.04052894476158571,0.11889810676750895
tb,0.0045,0.0015,2,394,1081,1678,0.09227236988922793,1.4148760330578511,0.8760381962648479,0.8570058918097702,0.14299410819022979,L0R1,0.826155906679198,N,0.8270607285197525,0.0009048218405546251,0.826155906679198,0.0024157518912156207,0.1705235195890318,0.8270607285197525,0.044451111978917456,0.12848815950133002
tb,0.005,0.0015,2,394,1081,1677,0.0949468316708978,1.3533755274261603,0.8763486981716007,0.846614763686957,0.15338523631304304,L0R1,0.8128777305444599,N,0.8137687813711066,0.0008910508266467389,0.8128777305444599,0.0026135208953188814,0.18361769773357442,0.8137687813711066,0.04837978323133875,0.13785143539755462
tb,0.0,0.00175,2,396,1082,1695,0.06855686486499113,1.8104529616724738,0.8731559804053624,0.9547356855277132,0.0452643144722869,L0R1,0.946818274895343,N,0.9478238623522249,0.0010055874568819507,0.946818274895343,0.0006647395341800517,0.051511398113594946,0.9478238623522249,0.012221090871759844,0.03995504677601515
tb,0.00025,0.00175,2,395,1081,1694,0.07000429558970431,1.7941988950276244,0.8733390675355092,0.948473626064202,0.05152637393579791,L0R1,0.9393482563794228,N,0.9403476477971419,0.0009993914177190632,0.9393482563794228,0.0007670844241040455,0.05888526777875422,0.9403476477971419,0.01403642811072712,0.045615924092131124
tb,0.0005,0.00175,2,395,1081,1693,0.07144480058031175,1.7756497948016416,0.8735204476108914,0.9422799062813325,0.0577200937186675,L0R1,0.9319217990399649,N,0.9329150236659978,0.0009932246260327248,0.9319217990399649,0.0008695481176255763,0.06621542821637674,0.9329150236659978,0.01586372939061308,0.051221246943389226
tb,0.00075,0.00175,2,395,1081,1692,0.07287889402936962,1.7562626946513202,0.8737001447696554,0.9361534892591121,0.06384651074088783,L0R1,0.9245391817417976,N,0.9255262691136711,0.0009870873718734777,0.9245391817417976,0.000972136796377822,0.0735015940899511,0.9255262691136711,0.017702647525395413,0.05677108336093353
tb,0.001,0.00175,2,395,1081,1691,0.0743066232841296,1.738430583501006,0.8738781826567857,0.9300933575298969,0.06990664247010303,L0R1,0.9172006656552163,N,0.9181816455863046,0.0009809799310883975,0.9172006656552163,0.001074856310284127,0.0807434981034113,0.9181816455863046,0.019552840418104876,0.06226551399559058
tb,0.00125,0.00175,2,395,1081,1690,0.07572803571193268,1.7186463171864632,0.874054584437791,0.9240985126397941,0.07590148736020581,L0R1,0.9099064945890278,N,0.9108813971545819,0.0009749025655543177,0.9099064945890278,0.001177712189748733,0.0879408906556692,0.9108813971545819,0.02141397105617039,0.06770463178924757
tb,0.0015,0.00175,2,395,1081,1689,0.07714317868432986,1.6981627296587927,0.8742293728119364,0.9181679747221642,0.0818320252778359,L0R1,0.9026568953269357,N,0.9036257508503509,0.0009688555234152527,0.9026568953269357,0.001280709657498552,0.09509353949215042,0.9036257508503509,0.023285707503366077,0.07308854164628298
tb,0.00175,0.00175,2,395,1081,1688,0.07855209956179851,1.6770428015564203,0.8744025700250101,0.9123007820828134,0.08769921791718656,L0R1,0.8954520779666825,N,0.8964149170060058,0.0009628390393235002,0.8954520779666825,0.0013838536400823582,0.10220122935391171,0.8964149170060058,0.025167722888513787,0.07841736010548031
tb,0.002,0.00175,2,395,1081,1687,0.07995484567904146,1.655349135169763,0.8745741978816588,0.9064959907964821,0.09350400920351781,L0R1,0.8882922362613951,N,0.8892490895960792,0.0009568533346839432,0.8882922362613951,0.0014871487790338188,0.10926376162488705,0.8892490895960792,0.02705969539109038,0.08369121501283047
tb,0.0025,0.00175,2,395,1080,1685,0.08274194529698241,1.6094822208359327,0.8749128306096754,0.8950699230814486,0.10493007691855148,L0R1,0.8741081751644556,N,0.875053150249084,0.0009449750846284338,0.8741081751644556,0.0016942097317756736,0.1232526400191403,0.875053150249084,0.030872249612864784,0.09407460013805119
tb,0.003,0.00175,2,394,1080,1683,0.0855046515876978,1.5614778921865535,0.8752454370532983,0.883882560895776,0.11611743910422408,L0R1,0.8601059482292377,N,0.861039170518219,0.0009332222889812065,0.8601059482292377,0.0019019243513303643,0.13705890513045071,0.861039170518219,0.03472089588967275,0.10423993359210829
tb,0.0035,0.00175,2,394,1080,1681,0.0882429500103654,1.5070257611241218,0.8755721769338376,0.8729269538015526,0.12707304619844736,L0R1,0.8462865521697345,N,0.8472081484372639,0.0009215962675295985,0.8462865521697345,0.002110320573357905,0.1506815309893781,0.8472081484372639,0.038603239363759666,0.11418861219897637
tb,0.004,0.00175,2,394,1081,1679,0.09095789807256016,1.4462577377602701,0.8758932039640959,0.8621964004686749,0.13780359953132523,L0R1,0.8326507552442102,N,0.8335608533964536,0.0009100981522433881,0.8326507552442102,0.0023194227354750674,0.16411972386807133,0.8335608533964536,0.04251696367721756,0.12392218292632892
tb,0.0045,0.00175,2,394,1081,1677,0.0936496959116695,1.3817985998922995,0.8762086661546674,0.8516844381115042,0.14831556188849573,L0R1,0.8191991082182869,N,0.8200978371137154,0.000898728895428676,0.8191991082182869,0.002529251860563473,0.17737291102572095,0.8200978371137154,0.04645982991378273,0.13344233297250171
tb,0.005,0.00175,2,394,1081,1675,0.09631881666288604,1.3199381761978362,0.8765187061006351,0.8413848324617761,0.15861516753822377,L0R1,0.805931955223306,N,0.8068194445011738,0.0008874892778678306,0.805931955223306,0.0027398259223133476,0.19044072957651287,0.8068194445011738,0.05042967541945535,0.1427508800793709
tb,0.0,0.002,2,395,1081,1694,0.06998129875934847,1.7954388389771943,0.8733295111683357,0.9485469747409498,0.051453025259050156,L0R1,0.9395306573383142,N,0.9405303478807023,0.0009996905423878958,0.9395306573383142,0.000760666005350759,0.058708986113947044,0.9405303478807023,0.014017253100767853,0.045452399018529904
tb,0.00025,0.002,2,395,1081,1693,0.0714251465983367,1.7756497948016416,0.8735123163437326,0.9423418964024437,0.05765810359755637,L0R1,0.9320770063947929,N,0.9330704858282902,0.0009934794334975714,0.9320770063947929,0.000864106827249239,0.0660654073444605,0.9330704858282902,0.0158471274488438,0.05108238672286594
tb,0.0005,0.002,2,395,1081,1692,0.07286256419013726,1.7562626946513202,0.8736934179708076,0.9362044263655915,0.0637955736344085,L0R1,0.9246675760719796,N,0.925654874464671,0.0009872983926914238,0.9246675760719796,0.0009676518791705721,0.07337747365615839,0.925654874464671,0.017688679099120315,0.05665644643620877
tb,0.00075,0.002,2,395,1081,1691,0.0742935985699417,1.738430583501006,0.8738728401030396,0.9301335396809359,0.06986646031906406,L0R1,0.9173026265104638,N,0.9182837742050409,0.0009811476945771635,0.9173026265104638,0.0010713074330984315,0.08064491836186051,0.9182837742050409,0.01954156288149062,0.0621746629134684
tb,0.001,0.002,2,395,1081,1690,0.07571829681145718,1.7186463171864632,0.8740506063038229,0.9241282306080981,0.07587176939190186,L0R1,0.9099824004374953,N,0.9109574280372152,0.0009750275997198215,0.9099824004374953,0.001175079430092284,0.08786749253269252,0.9109574280372152,0.021405438758269887,0.06763713320451492
tb,0.00125,0.002,2,395,1081,1689,0.07713670601041359,1.6981627296587927,0.8742267396600227,0.9181875121834316,0.08181248781656829,L0R1,0.902707123501183,N,0.9036760618560606,0.0009689383548778077,0.902707123501183,0.0012789734924432688,0.095044964651496,0.9036760618560606,0.02327997181704011,0.07304396632689925
tb,0.0015,0.002,2,395,1081,1688,0.07854887326869128,1.6770428015564203,0.8744012627950797,0.9123104157995735,0.08768958420042655,L0R1,0.8954770046077672,N,0.8964398848010101,0.0009628801932429426,0.8954770046077672,0.0013829949354804355,0.1021771202635093,0.8964398848010101,0.025164832260159465,0.07839528293883036
tb,0.00175,0.002,2,395,1081,1687,0.0799548456790413,1.655349135169763,0.8745741978816588,0.9064959907964821,0.09350400920351781,L0R1,0.8882922362613952,N,0.8892490895960791,0.0009568533346839427,0.8882922362613952,0.0014871487790338181,0.10926376162488703,0.8892490895960791,0.02705969539109039,0.08369121501283049
tb,0.002,0.002,2,395,1080,1686,0.08135465983186779,1.6331435800126501,0.8747455666538736,0.9007433040635873,0.09925669593641274,L0R1,0.8811529949058483,N,0.8821038528918413,0.0009508579859928979,0.8811529949058483,0.0015914397585609047,0.11630470734959786,0.8821038528918413,0.028964241597695426,0.08893190551046329
tb,0.0025,0.002,2,395,1080,1684,0.08413588601026496,1.5854858548585486,0.8750836900693519,0.8894194984010785,0.11058050159892151,L0R1,0.8670117207004908,N,0.8679506832819867,0.0009389625814959974,0.8670117207004908,0.0018004507099586154,0.13024886600805466,0.8679506832819867,0.032801130091100174,0.09924818662691313
tb,0.003,0.002,2,394,1080,1682,0.08689242221919748,1.535160905840286,0.8754157985822753,0.8783318704627648,0.12166812953723513,L0R1,0.8530542853950024,N,0.85398148077707,0.000927195382067578,0.8530542853950024,0.0020100603881146486,0.14400845883481536,0.85398148077707,0.036673041719457025,0.10934547750347295
tb,0.0035,0.002,2,394,1080,1680,0.0896251350368476,1.4764638346727899,0.8757420514323124,0.8674735489641856,0.13252645103581442,L0R1,0.8392815574480619,N,0.8401971150449772,0.0009155575969153811,0.8392815574480619,0.00222029749942844,0.1575825874555942,0.8401971150449772,0.04057760028560821,0.11922528466941458
tb,0.004,0.002,2,394,1080,1678,0.09233461607180427,1.4140969162995596,0.8760626018826901,0.8568379087019704,0.1431620912980295,L0R1,0.8256941813715281,N,0.8265982316218305,0.0009040502503024072,0.8256941813715281,0.0024311871589728926,0.17097058121919662,0.8265982316218305,0.044512508431710535,0.12888925994645897
tb,0.0045,0.002,2,394,1081,1676,0.0950211277622797,1.3494736842105264,0.8763775975239074,0.8464185601331607,0.1535814398668393,L0R1,0.8122925886563074,N,0.8131852628460324,0.000892674189725098,0.8122925886563074,0.002642751172627631,0.18417198598134,0.8131852628460324,0.048475546521871464,0.13833919063209618
tb,0.005,0.002,2,394,1081,1674,0.09768495966163514,1.2857860371672527,0.8766871805580557,0.8362093394822908,0.16379066051770919,L0R1,0.7990770085829887,N,0.7999584386770562,0.0008814300940674131,0.7990770085829887,0.00285500830146958,0.19718655302147423,0.7999584386770562,0.052464571407386563,0.14757698991555726
tb,0.0,0.0025,2,395,1081,1692,0.07281033091090125,1.7586440677966102,0.8736718831391522,0.936367471735129,0.06363252826487097,L0R1,0.9250787351582416,N,0.9260667092249009,0.0009879740666590869,0.9250787351582416,0.0009532836089182164,0.07298000716618097,0.9260667092249009,0.017643935557516345,0.0562893552175829
tb,0.00025,0.0025,2,395,1081,1691,0.07424802850142347,1.738430583501006,0.8738541344400328,0.9302742115706657,0.06972578842933425,L0R1,0.9176597090206742,N,0.918641444189363,0.000981735168688963,0.9176597090206742,0.00105887414657348,0.08029968166406348,0.918641444189363,0.01950205851271558,0.06185649729792134
tb,0.0005,0.0025,2,395,1081,1690,0.07567935278909141,1.7186463171864632,0.8740346890217077,0.9242471265980015,0.07575287340199856,L0R1,0.9102861782414936,N,0.9112617061909789,0.000975527949485514,0.9102861782414936,0.0011645397957369965,0.08757375401328397,0.9112617061909789,0.02137128631266641,0.06736700749635458
tb,0.00075,0.0025,2,395,1081,1689,0.07710435025764292,1.6981627296587927,0.8742135707737877,0.9182852152888606,0.08171478471113942,L0R1,0.9029583657499287,N,0.9039277184025208,0.0009693526525922283,0.9029583657499287,0.0012702870222665711,0.0948019945752125,0.9039277184025208,0.023251278086419535,0.07282100351105955
tb,0.001,0.0025,2,395,1081,1688,0.07852306743323977,1.6781310837118755,0.874390803101738,0.9123874948493536,0.08761250515064653,L0R1,0.8956764776424938,N,0.896639687150348,0.0009632095078541305,0.8956764776424938,0.0013761219623383593,0.10198419088731363,0.896639687150348,0.025141698174104513,0.07821861467554744
tb,0.00125,0.0025,2,395,1081,1687,0.07993555086798974,1.655349135169763,0.8745664089401906,0.9065530007997782,0.09344699920022181,L0R1,0.8884407035185924,N,0.889397802250251,0.0009570987316587327,0.8884407035185924,0.0014820504345364706,0.10912014731521247,0.889397802250251,0.027042216114878555,0.08355998163487041
tb,0.0015,0.0025,2,395,1081,1686,0.08134184712408368,1.6331435800126501,0.8747404107658029,0.9007807865659184,0.09921921343408159,L0R1,0.8812512168186828,N,0.8822022373458632,0.0009510205271805159,0.8812512168186828,0.0015880779515916339,0.11620968470254509,0.8822022373458632,0.028952506631669327,0.08884525602246732
tb,0.00175,0.0025,2,395,1080,1685,0.08274194529698252,1.6094822208359327,0.8749128306096754,0.8950699230814486,0.1049300769185515,L0R1,0.8741081751644555,N,0.875053150249084,0.0009449750846284337,0.8741081751644555,0.0016942097317756743,0.12325264001914034,0.875053150249084,0.030872249612864795,0.09407460013805122
tb,0.002,0.0025,2,395,1080,1684,0.08413588601026506,1.5854858548585486,0.875083690069352,0.8894194984010786,0.1105805015989215,L0R1,0.8670117207004908,N,0.8679506832819868,0.0009389625814959975,0.8670117207004908,0.0018004507099586167,0.1302488660080547,0.8679506832819868,0.032801130091100174,0.09924818662691312
tb,0.0025,0.0025,2,394,1080,1682,0.0869049695692205,1.5342465753424657,0.8754208121277336,0.8782964010278045,0.12170359897219533,L0R1,0.8529590665924915,N,0.8538861036338933,0.0009270370414017746,0.8529590665924915,0.002013278646827442,0.1441006177192793,0.8538861036338933,0.03668506924403159,0.10942882712207519
tb,0.003,0.0025,2,394,1080,1680,0.08965006619253615,1.4756167527251864,0.875751941481369,0.8674045272465176,0.13259547275348255,L0R1,0.8390940951388363,N,0.8400093402209964,0.0009152450821600265,0.8390940951388363,0.0022265959726888197,0.1577640638063148,0.8400093402209964,0.04060190626138179,0.11938875351762192
tb,0.0035,0.0025,2,394,1080,1678,0.09237176491010497,1.411764705882353,0.8760772364370295,0.8567371607147346,0.14326283928526534,L0R1,0.8254174212940681,N,0.8263210089859375,0.0009035876918693243,0.8254174212940681,0.0024404330170259493,0.1712385579970365,0.8263210089859375,0.0445493038282017,0.1291296871858607
tb,0.004,0.0025,2,394,1080,1676,0.09507043257071099,1.3480546792849633,0.8763968493870005,0.8462878252587316,0.15371217474126847,L0R1,0.8119294452467314,N,0.8128215109264083,0.0008920656796768939,0.8119294452467314,0.0026548165267880628,0.18452367254680346,0.8128215109264083,0.048525004037154304,0.13865348503643743
tb,0.0045,0.0025,2,394,1080,1674,0.09774643420936416,1.2832080200501252,0.8767109271077773,0.8360502747304902,0.1639497252695097,L0R1,0.7986303632491463,N,0.7995110429331314,0.0008806796839852144,0.7986303632491463,0.0028697699463119614,0.19761918712055654,0.7995110429331314,0.05252682715687432,0.1479621299099943
tb,0.005,0.0025,1,393,1081,1672,0.1003998091754731,0.8724420190995907,0.8770196110398196,0.8260184833759752,0.17398151662402475,L0R1,0.7855201783122807,N,0.7863896084928959,0.0008694301806151156,0.7855201783122807,0.003085313679546826,0.2105250778275573,0.7863896084928959,0.05655267029052857,0.15705772121657546
tb,0.0,0.003,2,395,1081,1690,0.07561448729677027,1.7186463171864632,0.8740081433320191,0.924445372359039,0.07555462764096084,L0R1,0.9107930244854614,N,0.9117693871101453,0.0009763626246838716,0.9107930244854614,0.001146943147028576,0.08708366974282615,0.9117693871101453,0.021314282689150716,0.0669163302007041
tb,0.00025,0.003,2,395,1081,1689,0.07704614191987431,1.6992777413000657,0.8741898536394986,0.9184611472544272,0.08153885274557283,L0R1,0.9034110281720396,N,0.9043811271510135,0.0009700989789740443,0.9034110281720396,0.0012546276482506991,0.09436424520073579,0.9043811271510135,0.023199564982783215,0.07241930786620339
tb,0.0005,0.003,2,395,1081,1688,0.07847147982918584,1.6781310837118755,0.874369873823183,0.9125417026448748,0.08745829735512532,L0R1,0.8960757435772393,N,0.8970396121588502,0.0009638685816110756,0.8960757435772393,0.0013623582103995666,0.10159802963075006,0.8970396121588502,0.025095381603243348,0.07786500623790643
tb,0.00075,0.003,2,395,1081,1687,0.07989054695641223,1.6564102564102565,0.8745482276157441,0.9066860597518693,0.09331394024813072,L0R1,0.8887873567814437,N,0.8897450284263303,0.0009576716448865189,0.8887873567814437,0.0014701415099552823,0.10878483006371453,0.8897450284263303,0.027001396318826094,0.08325357525484367
tb,0.001,0.003,2,395,1081,1686,0.0813033892796679,1.6341772151898735,0.8747249382713923,0.9008932580718131,0.09910674192818691,L0R1,0.8815460376355182,N,0.8824975460032849,0.0009515083677666603,0.8815460376355182,0.0015779838945220068,0.11592447010219314,0.8824975460032849,0.02891727817683852,0.08858517581987661
tb,0.00125,0.003,2,395,1081,1685,0.082710052807009,1.6104868913857677,0.8749000285789362,0.8951623549675121,0.10483764503248803,L0R1,0.8743519400966371,N,0.8752973190327743,0.0009453789361373175,0.8743519400966371,0.001685891394856394,0.12301678957236935,0.8752973190327743,0.03084270148680573,0.09385997948041995
tb,0.0015,0.003,2,395,1081,1684,0.08411058356057907,1.5854858548585486,0.8750735208744146,0.8894924252707765,0.11050757472922337,L0R1,0.8672052025661902,N,0.868144486089242,0.0009392835230517548,0.8672052025661902,0.0017938697365439582,0.13006164417421406,0.868144486089242,0.03277734580060387,0.09907816811015405
tb,0.00175,0.003,2,394,1080,1683,0.08550465158769797,1.5614778921865535,0.8752454370532985,0.883882560895776,0.1161174391042241,L0R1,0.8601059482292378,N,0.8610391705182189,0.000933222288981206,0.8601059482292378,0.0019019243513303632,0.1370589051304507,0.8610391705182189,0.03472089588967276,0.1042399335921083
tb,0.002,0.003,2,394,1080,1682,0.08689242221919721,1.535160905840286,0.8754157985822754,0.8783318704627647,0.12166812953723513,L0R1,0.8530542853950023,N,0.85398148077707,0.0009271953820675776,0.8530542853950023,0.0020100603881146465,0.14400845883481528,0.85398148077707,0.036673041719457025,0.10934547750347293
tb,0.0025,0.003,2,394,1080,1680,0.0896500661925361,1.4756167527251864,0.875751941481369,0.8674045272465176,0.13259547275348255,L0R1,0.8390940951388363,N,0.8400093402209964,0.0009152450821600269,0.8390940951388363,0.0022265959726888197,0.15776406380631483,0.8400093402209964,0.040601906261381764,0.11938875351762189
tb,0.003,0.003,2,394,1080,1678,0.09238415139079184,1.411764705882353,0.8760821131533301,0.8567035850294883,0.14329641497051154,L0R1,0.8253252137141703,N,0.826228647285747,0.0009034335715766387,0.8253252137141703,0.0024435124216433666,0.17132784029260964,0.826228647285747,0.044561561898012726,0.12920979081624032
tb,0.0035,0.003,2,394,1080,1676,0.09509504202106873,1.3473462953231738,0.8764064710105666,0.8462224780606848,0.15377752193931513,L0R1,0.8117480068262495,N,0.8126397684439342,0.0008917616176848768,0.8117480068262495,0.0026608417901018487,0.18469938976596384,0.8126397684439342,0.048549712154917324,0.13881051940114844
tb,0.004,0.003,2,394,1080,1674,0.09778310089153217,1.2819228843264898,0.8767251666101777,0.8359548750271201,0.16404512497287996,L0R1,0.7983626347887388,N,0.7992428646039447,0.0008802298152059508,0.7983626347887388,0.0028786125533578916,0.19787852284269725,0.7992428646039447,0.052564140388570324,0.14819299500748484
tb,0.0045,0.003,1,393,1080,1672,0.100448529406317,0.872144561882032,0.8770383459478758,0.8258946691785464,0.17410533082145355,L0R1,0.7851690632295046,N,0.786037901823928,0.0008688385944232905,0.7851690632295046,0.0030968498847798146,0.21086524829129213,0.786037901823928,0.056602708446062175,0.15735938973000976
tb,0.005,0.003,1,393,1081,1670,0.10309072865170492,0.8608021570610044,0.8773461497333639,0.8160359689477825,0.1839640310522176,L0R1,0.7721670736436302,N,0.7730246618729597,0.0008575882293294496,0.7721670736436302,0.0033155759160668876,0.2236597622109734,0.7730246618729597,0.060663355222626884,0.1663119829044134
tb,0.0,0.0035,2,395,1081,1688,0.07839415867036799,1.6792207792207792,0.8743384551544456,0.9127731386366507,0.08722686136334953,L0R1,0.8966754439044182,N,0.8976403022104271,0.0009648583060090154,0.8966754439044182,0.0013416680111006274,0.10101802977847214,0.8976403022104271,0.025025785351408345,0.07733391243816455
tb,0.00025,0.0035,2,395,1081,1687,0.07981987555553247,1.6574727389352149,0.8745196367867788,0.9068952531607866,0.09310474683921344,L0R1,0.8893327484865255,N,0.8902913213313004,0.0009585728447748622,0.8893327484865255,0.001451391274926807,0.1082572873937728,0.8902913213313004,0.026937152156203868,0.08277152651249575
tb,0.0005,0.0035,2,395,1081,1686,0.08123933195975386,1.6352121595946802,0.8746991346697478,0.9010807906061432,0.09891920939385672,L0R1,0.8820379234369295,N,0.8829902455969205,0.0009523221599908584,0.8820379234369295,0.0015611316513059737,0.11544862275177355,0.8829902455969205,0.028858485370208842,0.0881512690328707
tb,0.00075,0.0035,2,395,1081,1685,0.08265257326225954,1.6114928169893816,0.874876972385624,0.8953287942975154,0.1046712057024846,L0R1,0.8747911184018066,N,0.8757372248343734,0.0009461064325669591,0.8747911184018066,0.0016708960431103179,0.12259187912251616,0.8757372248343734,0.030789453721525292,0.09347332144410127
tb,0.001,0.0035,2,395,1081,1684,0.08405964489273922,1.5874384236453203,0.8750531730436383,0.8896383253896986,0.1103616746103015,L0R1,0.8675924674215185,N,0.8685323932520072,0.0009399258304885351,0.8675924674215185,0.001780691024708164,0.12968691572328475,0.8685323932520072,0.03272973127456813,0.0987378754734247
tb,0.00125,0.0035,2,394,1081,1683,0.08546039922077078,1.5624242424242425,0.8752277592928226,0.8840084624702299,0.11599153752977012,L0R1,0.8604420892655066,N,0.8613758697745708,0.0009337805090639987,0.8604420892655066,0.0018905228539370428,0.1367336073714923,0.8613758697745708,0.03467899740869738,0.10394513281673187
tb,0.0015,0.0035,2,394,1081,1682,0.08685474759949273,1.535160905840286,0.8754007533344131,0.8784383011728838,0.12156169882711608,L0R1,0.8533400877688161,N,0.8542677583799911,0.0009276706111751225,0.8533400877688161,0.0020003974837236446,0.14373184413628515,0.8542677583799911,0.03663693679391204,0.10909530482609683
tb,0.00175,0.0035,2,394,1080,1681,0.08824295001036526,1.5070257611241218,0.8755721769338377,0.8729269538015526,0.12707304619844736,L0R1,0.8462865521697344,N,0.847208148437264,0.0009215962675295984,0.8462865521697344,0.0021103205733579056,0.15068153098937812,0.847208148437264,0.03860323936375966,0.11418861219897637
tb,0.002,0.0035,2,394,1080,1680,0.0896251350368474,1.4764638346727899,0.8757420514323124,0.8674735489641856,0.13252645103581442,L0R1,0.8392815574480619,N,0.8401971150449772,0.0009155575969153807,0.8392815574480619,0.0022202974994284396,0.15758258745559425,0.8401971150449772,0.04057760028560822,0.11922528466941457
tb,0.0025,0.0035,2,394,1080,1678,0.09237176491010486,1.411764705882353,0.8760772364370295,0.8567371607147346,0.14326283928526534,L0R1,0.8254174212940681,N,0.8263210089859374,0.0009035876918693248,0.8254174212940681,0.00244043301702595,0.17123855799703655,0.8263210089859374,0.04454930382820173,0.12912968718586074
tb,0.003,0.0035,2,394,1080,1676,0.09509504202106857,1.3473462953231738,0.8764064710105668,0.846222478060685,0.15377752193931513,L0R1,0.8117480068262495,N,0.8126397684439343,0.0008917616176848768,0.8117480068262495,0.0026608417901018487,0.18469938976596384,0.8126397684439343,0.04854971215491734,0.13881051940114844
tb,0.0035,0.0035,2,394,1080,1674,0.09779532647316246,1.2819228843264898,0.8767299117072682,0.8359230816483872,0.16407691835161278,L0R1,0.7982734350256508,N,0.7991535149473811,0.0008800799217302687,0.7982734350256508,0.002881557694585046,0.19796492735803398,0.7991535149473811,0.05257657144518025,0.14826991360743874
tb,0.004,0.0035,1,393,1080,1672,0.10047278105698491,0.8718473074301295,0.8770477092827458,0.8258327810055597,0.1741672189944403,L0R1,0.7849936310220756,N,0.7858621740073978,0.0008685429853220253,0.7849936310220756,0.003102611023325557,0.21103521496927674,0.7858621740073978,0.05662770799093646,0.1575101180016658
tb,0.0045,0.0035,1,393,1080,1670,0.10312702931132586,0.860512129380054,0.877360008983215,0.8159456049244399,0.18405439507556004,L0R1,0.7719083346491792,N,0.7727654856810885,0.0008571510319093165,0.7719083346491792,0.003324028762188617,0.2239104855567229,0.7727654856810885,0.06070102675357474,0.16653348756533679
tb,0.005,0.0035,1,393,1081,1668,0.10575912080980684,0.8514190317195326,0.8776669508167055,0.8062557923254401,0.19374420767456002,L0R1,0.7590171108307706,N,0.7598630149659509,0.0008459041351800093,0.7590171108307706,0.00354583484854968,0.23659115018549962,0.7598630149659509,0.06479450982626914,0.17534247520777996
tb,0.0,0.004,2,395,1081,1687,0.08114973393233714,1.6385542168674698,0.874662975758367,0.9013435043042144,0.09865649569578556,L0R1,0.8827515088688354,N,0.8837022412985353,0.0009507324296998282,0.8827515088688354,0.0015306665472532845,0.11476709215421146,0.8837022412985353,0.02876411981275992,0.08753363888870486
tb,0.00025,0.004,2,395,1081,1686,0.08256961628718333,1.6147592245153222,0.8748436405088437,0.8955693473199262,0.10443065268007376,L0R1,0.8754522662172689,N,0.8763967147291969,0.0009444485119280134,0.8754522662172689,0.0016419208445518983,0.12196136442625116,0.8763967147291969,0.030699529122209395,0.09290375614859366
tb,0.0005,0.004,2,395,1081,1684,0.08398329403705218,1.5884165126309304,0.8750226276752244,0.8898572915710355,0.11014270842896452,L0R1,0.8681741191407067,N,0.8691150094954239,0.0009408903547169886,0.8681741191407067,0.001760880991310276,0.129124109513266,0.8691150094954239,0.0326581942496018,0.09822679625497444
tb,0.00075,0.004,2,394,1081,1683,0.08539070663370883,1.5643203883495145,0.8751999606955393,0.8842064018629016,0.11579359813709854,L0R1,0.8609709235456664,N,0.8619055821239894,0.00093465857832299,0.8609709235456664,0.0018725721280196668,0.13622184574799093,0.8619055821239894,0.03461306320298446,0.10348135467302612
tb,0.001,0.004,2,394,1081,1682,0.08679158289509746,1.537910447761194,0.8753756625399725,0.8786157603999105,0.12138423960008947,L0R1,0.8538169123930124,N,0.8547453757441564,0.0009284633511440698,0.8538169123930124,0.001984265523339434,0.1432703587325041,0.8547453757441564,0.03657668723160459,0.10867793702423903
tb,0.00125,0.004,2,394,1081,1681,0.08818637672759608,1.5087924970691677,0.8755497557234752,0.8730844663990512,0.12691553360094868,L0R1,0.8467121697631259,N,0.8476344745610135,0.0009223047978878085,0.8467121697631259,0.0020959676761318413,0.1502695577628545,0.8476344745610135,0.03854875106502286,0.11381677437396368
tb,0.0015,0.004,2,394,1081,1680,0.08957513337211088,1.4781609195402299,0.8757222623179615,0.8676116357139042,0.1323883642860958,L0R1,0.8396567654396404,N,0.8405729484709054,0.0009161830312650295,0.8396567654396404,0.002207684780192756,0.15721936674890183,0.8405729484709054,0.040528944761585695,0.11889810676750895
tb,0.00175,0.004,2,394,1081,1679,0.09095789807256018,1.4462577377602701,0.8758932039640959,0.8621964004686749,0.1378035995313253,L0R1,0.8326507552442102,N,0.8335608533964536,0.0009100981522433884,0.8326507552442102,0.0023194227354750682,0.1641197238680714,0.8335608533964536,0.04251696367721756,0.12392218292632892
tb,0.002,0.004,2,394,1080,1678,0.09233461607180404,1.4140969162995596,0.8760626018826901,0.8568379087019705,0.1431620912980295,L0R1,0.8256941813715281,N,0.8265982316218305,0.0009040502503024072,0.8256941813715281,0.002431187158972892,0.1709705812191966,0.8265982316218305,0.04451250843171052,0.12888925994645895
tb,0.0025,0.004,2,394,1080,1676,0.09507043257071077,1.3480546792849633,0.8763968493870007,0.8462878252587315,0.1537121747412685,L0R1,0.8119294452467314,N,0.8128215109264083,0.0008920656796768938,0.8119294452467314,0.0026548165267880628,0.1845236725468035,0.8128215109264083,0.04852500403715431,0.1386534850364374
tb,0.003,0.004,2,394,1080,1674,0.09778310089153183,1.2819228843264898,0.8767251666101776,0.8359548750271201,0.16404512497287993,L0R1,0.7983626347887388,N,0.7992428646039446,0.0008802298152059513,0.7983626347887388,0.0028786125533578934,0.1978785228426973,0.7992428646039446,0.05256414038857036,0.14819299500748492
tb,0.0035,0.004,1,393,1080,1672,0.10047278105698479,0.8718473074301295,0.8770477092827457,0.8258327810055598,0.17416721899444026,L0R1,0.7849936310220756,N,0.7858621740073977,0.0008685429853220256,0.7849936310220756,0.0031026110233255584,0.2110352149692767,0.7858621740073977,0.05662770799093648,0.15751011800166584
tb,0.004,0.004,1,393,1080,1670,0.10313907556991948,0.860512129380054,0.8773646273905917,0.8159154896842631,0.18408451031573686,L0R1,0.771822128799572,N,0.7726791341588399,0.0008570053592678777,0.771822128799572,0.0033268441292060935,0.22399402171195393,0.7726791341588399,0.06071357760531343,0.16660728823584664
tb,0.0045,0.004,1,393,1081,1668,0.1057832203134303,0.8511348464619493,0.8776760654599403,0.8061971616778838,0.1938028383221161,L0R1,0.7588476471813396,N,0.7596932641365712,0.0008456169552313978,0.7588476471813396,0.0035513407458862447,0.23675539511754273,0.7596932641365712,0.06481969870904573,0.17548703715438313
tb,0.005,0.004,1,393,1081,1666,0.10840533831398765,0.8433256045048029,0.8779821628245758,0.7966721628241972,0.20332783717580286,L0R1,0.7460695396307632,N,0.74690391727915,0.0008343776483868301,0.7460695396307632,0.0037761266875738,0.24931995603327625,0.74690391727915,0.06894409786893349,0.18415198485191656
tb,0.0,0.0045,2,395,1082,1685,0.08388143821745313,1.5916101172115977,0.8749818563664357,0.8901494631699126,0.10985053683008747,L0R1,0.8689771014515908,N,0.8699165852047682,0.0009394837531775157,0.8689771014515908,0.0017267667928213316,0.12835664800241048,0.8699165852047682,0.032549037385712784,0.09753437740951905
tb,0.00025,0.0045,2,395,1081,1684,0.08529574882252376,1.5671732522796353,0.8751620155382104,0.884476504607587,0.11552349539241286,L0R1,0.8617213538607373,N,0.8626545375159479,0.0009331836552106098,0.8617213538607373,0.0018399508356700678,0.1355055116483821,0.8626545375159479,0.03450839816902901,0.10283706431502311
tb,0.0005,0.0045,2,394,1081,1683,0.0867032301074249,1.5409444112372983,0.8753405030929682,0.8788643603001869,0.12113563969981297,L0R1,0.854515563073988,N,0.8554424841890347,0.0009269211150466408,0.854515563073988,0.0019530980425654335,0.14260441776839994,0.8554424841890347,0.03647660056190478,0.10808091524906056
tb,0.00075,0.0045,2,394,1081,1682,0.08810457979297474,1.511737089201878,0.8755173423303195,0.8733121159334465,0.12668788406655349,L0R1,0.8473598097587974,N,0.8482805060111633,0.0009206962523659849,0.8473598097587974,0.002066215741475806,0.14965327824736072,0.8482805060111633,0.038453323871969675,0.11326617011686699
tb,0.001,0.0045,2,394,1081,1681,0.08949985653121119,1.481012658227848,0.8756925560869963,0.8678188741745029,0.1321811258254972,L0R1,0.8402541601821795,N,0.8411686693569301,0.000914509174750774,0.8402541601821795,0.002179310932864841,0.15665201971020493,0.8411686693569301,0.04043825284158872,0.11839307780148119
tb,0.00125,0.0045,2,394,1081,1679,0.09088910499739186,1.4487034949267192,0.8758661667492497,0.862383754295916,0.13761624570408398,L0R1,0.8331629740503292,N,0.8340739270151705,0.0009109529648412389,0.8331629740503292,0.002302245395399927,0.16362382758942964,0.8340739270151705,0.04244968641281966,0.12347638657200995
tb,0.0015,0.0045,2,394,1081,1678,0.0922723698892276,1.4148760330578511,0.8760381962648479,0.8570058918097702,0.14299410819022979,L0R1,0.826155906679198,N,0.8270607285197525,0.0009048218405546246,0.826155906679198,0.0024157518912156194,0.17052351958903186,0.8270607285197525,0.044451111978917435,0.12848815950132997
tb,0.00175,0.0045,2,394,1081,1677,0.09364969591166984,1.3817985998922995,0.8762086661546674,0.8516844381115043,0.14831556188849576,L0R1,0.8191991082182869,N,0.8200978371137155,0.0008987288954286758,0.8191991082182869,0.0025292518605634726,0.17737291102572098,0.8200978371137155,0.04645982991378274,0.13344233297250177
tb,0.002,0.0045,2,394,1081,1676,0.0950211277622797,1.3494736842105264,0.8763775975239074,0.8464185601331607,0.1535814398668393,L0R1,0.8122925886563073,N,0.8131852628460323,0.0008926741897250984,0.8122925886563073,0.002642751172627633,0.1841719859813401,0.8131852628460323,0.048475546521871485,0.13833919063209618
tb,0.0025,0.0045,2,394,1080,1674,0.09774643420936426,1.2832080200501252,0.8767109271077772,0.8360502747304903,0.16394972526950977,L0R1,0.7986303632491462,N,0.7995110429331314,0.0008806796839852145,0.7986303632491462,0.002869769946311962,0.19761918712055665,0.7995110429331314,0.0525268271568743,0.14796212990999427
tb,0.003,0.0045,1,393,1080,1672,0.10044852940631707,0.872144561882032,0.8770383459478758,0.8258946691785464,0.17410533082145355,L0R1,0.7851690632295047,N,0.7860379018239279,0.0008688385944232906,0.7851690632295047,0.003096849884779815,0.21086524829129208,0.7860379018239279,0.05660270844606218,0.1573593897300098
tb,0.0035,0.0045,1,393,1080,1670,0.10312702931132563,0.860512129380054,0.8773600089832151,0.81594560492444,0.18405439507556004,L0R1,0.7719083346491793,N,0.7727654856810884,0.0008571510319093166,0.7719083346491793,0.0033240287621886175,0.22391048555672297,0.7727654856810884,0.06070102675357474,0.16653348756533679
tb,0.004,0.0045,1,393,1081,1668,0.10578322031343017,0.8511348464619493,0.8776760654599403,0.8061971616778838,0.1938028383221161,L0R1,0.7588476471813396,N,0.7596932641365712,0.0008456169552313977,0.7588476471813396,0.0035513407458862434,0.23675539511754265,0.7596932641365712,0.06481969870904573,0.17548703715438316
tb,0.0045,0.0045,1,393,1081,1666,0.10841730723102296,0.8430463576158941,0.8779866592121334,0.796643628284849,0.2033563717151509,L0R1,0.7459863042992492,N,0.7468205404784057,0.0008342361791563273,0.7459863042992492,0.00377881666954089,0.24940064285205354,0.7468205404784057,0.06895671957731482,0.18422273994427948
tb,0.005,0.0045,1,393,1081,1664,0.11102973214995872,0.8359092403814534,0.8782919289252156,0.7872794940533655,0.21272050594663464,L0R1,0.733323453259641,N,0.7341464616420239,0.0008230083823826969,0.733323453259641,0.0040064842887671545,0.2618470540692091,0.7341464616420239,0.07311016154857344,0.19274337680940268
tb,0.0,0.005,2,394,1082,1683,0.08658929780908632,1.5437125748502993,0.8752952425769598,0.8791842580747495,0.12081574192525056,L0R1,0.8553750166533177,N,0.8563033636019098,0.0009283469485921173,0.8553750166533177,0.001923989250748854,0.1417726471473413,0.8563033636019098,0.03636799004727271,0.10732864635081751
tb,0.00025,0.005,2,394,1082,1682,0.08799755646804858,1.51440329218107,0.8754749070150755,0.87361004585882,0.12638995414118012,L0R1,0.8481646533353083,N,0.8490866866122724,0.0009220332769640773,0.8481646533353083,0.0020390497393026983,0.14887426364842504,0.8490866866122724,0.038350276329843266,0.11256303705788438
tb,0.0005,0.005,2,394,1081,1681,0.08939958855119783,1.4835734870317003,0.8756529056152756,0.868095394489368,0.13190460551063202,L0R1,0.841005235510693,N,0.841920994070287,0.0009157585595940924,0.841005235510693,0.0021540450059223076,0.15592496092379068,0.841920994070287,0.04034084872409787,0.11773815720561526
tb,0.00075,0.005,2,394,1081,1680,0.09079538310402124,1.4522868435911913,0.875829261544248,0.8626394099537774,0.13736059004622256,L0R1,0.833896808946005,N,0.8348063318308283,0.0009095228848232132,0.833896808946005,0.0022689826454708765,0.16292468552370082,0.8348063318308283,0.042339392335447756,0.12285427583372395
tb,0.001,0.005,2,394,1081,1679,0.09218515905186175,1.4191054665930425,0.8760039975105575,0.8572412148160056,0.14275878518399437,L0R1,0.8268394056808481,N,0.8277427320102152,0.0009033263293669991,0.8268394056808481,0.0023838699244401315,0.1698733980653447,0.8277427320102152,0.04434559773023114,0.12791167025955372
tb,0.00125,0.005,2,394,1081,1678,0.09356896052261075,1.3858607663248785,0.8761771357768383,0.8518999478506822,0.14810005214931785,L0R1,0.8198330443564218,N,0.8207302133149892,0.0008971689585674919,0.8198330443564218,0.0024987137927710433,0.17677107289223978,0.8207302133149892,0.046359160901341775,0.13291062578366905
tb,0.0015,0.005,2,394,1081,1677,0.09494683167089772,1.3533755274261603,0.8763486981716008,0.8466147636869569,0.15338523631304302,L0R1,0.8128777305444599,N,0.8137687813711066,0.0008910508266467388,0.8128777305444599,0.002613520895318882,0.18361769773357442,0.8137687813711066,0.048379783231338784,0.1378514353975546
tb,0.00175,0.005,2,394,1081,1675,0.09631881666288587,1.3199381761978362,0.8765187061006351,0.8413848324617762,0.15861516753822377,L0R1,0.8059319552233059,N,0.8068194445011738,0.0008874892778678302,0.8059319552233059,0.0027398259223133463,0.19044072957651292,0.8068194445011738,0.05042967541945535,0.1427508800793709
tb,0.002,0.005,2,394,1081,1674,0.09768495966163505,1.2857860371672527,0.8766871805580557,0.8362093394822908,0.1637906605177092,L0R1,0.7990770085829887,N,0.7999584386770562,0.000881430094067413,0.7990770085829887,0.0028550083014695794,0.19718655302147417,0.7999584386770562,0.05246457140738658,0.14757698991555734
tb,0.0025,0.005,1,393,1081,1672,0.10039980917547327,0.8724420190995907,0.87701961103982,0.8260184833759752,0.1739815166240248,L0R1,0.7855201783122808,N,0.7863896084928959,0.0008694301806151152,0.7855201783122808,0.0030853136795468234,0.21052507782755728,0.7863896084928959,0.05655267029052859,0.15705772121657557
tb,0.003,0.005,1,393,1081,1670,0.10309072865170547,0.8608021570610044,0.877346149733364,0.8160359689477825,0.18396403105221767,L0R1,0.7721670736436301,N,0.7730246618729597,0.0008575882293294496,0.7721670736436301,0.003315575916066888,0.22365976221097345,0.7730246618729597,0.06066335522262688,0.16631198290441343
tb,0.0035,0.005,1,393,1081,1668,0.10575912080980676,0.8514190317195326,0.8776669508167055,0.8062557923254401,0.19374420767456002,L0R1,0.7590171108307708,N,0.7598630149659508,0.0008459041351800095,0.7590171108307708,0.0035458348485496788,0.23659115018549973,0.7598630149659508,0.06479450982626915,0.17534247520778004
tb,0.004,0.005,1,393,1081,1666,0.10840533831398673,0.8433256045048029,0.8779821628245756,0.7966721628241972,0.2033278371758029,L0R1,0.746069539630763,N,0.74690391727915,0.0008343776483868299,0.746069539630763,0.0037761266875738,0.24931995603327634,0.74690391727915,0.06894409786893346,0.18415198485191647
tb,0.0045,0.005,1,393,1081,1664,0.11102973214995844,0.8359092403814534,0.8782919289252157,0.7872794940533654,0.2127205059466346,L0R1,0.733323453259641,N,0.7341464616420239,0.0008230083823826969,0.733323453259641,0.0040064842887671545,0.26184705406920916,0.7341464616420239,0.07311016154857346,0.19274337680940276
tb,0.005,0.005,1,393,1081,1662,0.11363265130669765,0.8294117647058824,0.8785963871801324,0.7780723954616743,0.2219276045383257,L0R1,0.720777798142178,N,0.7215895939638337,0.0008117958216556547,0.720777798142178,0.004236937407337307,0.27417346862882913,0.7215895939638337,0.07729081970698375,0.20111958632918253
