scan_name,case_id,corridor_halfwidth,bx,delta_core,delta_open,kappa_c2o,kappa_o2c,window,lo,hi,observable,exit_prob,mean_event_time,mean_hit_time,event_time_ratio,early_mass,late_mass,no_exit_mass
width_bx,width_h0_bx_m0p16,0,-0.16,1.0,0.55,0.002,0.002,early,10,60,tau_out,0.045043934469490565,56.36410158874591,59.54469358523795,0.9465847953027243,1.6683776117192127e-06,0.04504226609187885,0.9549560655305094
width_bx,width_h0_bx_m0p16,0,-0.16,1.0,0.55,0.002,0.002,early,10,60,tau_mem,2.531695077138702e-05,50.38102718170079,59.54469358523795,0.8461043990356686,1.6682496404901278e-06,2.3648701130896893e-05,0.9999746830492287
width_bx,width_h0_bx_m0p16,0,-0.16,1.0,0.55,0.002,0.002,middle,120,200,tau_out,0.6266653408481354,174.77610186519195,185.25576357958178,0.943431386360684,0.005995367372255094,0.6206699734758803,0.3733346591518646
width_bx,width_h0_bx_m0p16,0,-0.16,1.0,0.55,0.002,0.002,middle,120,200,tau_mem,0.0012365662291420995,141.47277968113772,185.25576357958178,0.7636619608888128,0.0002174597282114907,0.0010191065009306087,0.9987634337708579
width_bx,width_h0_bx_m0p16,0,-0.16,1.0,0.55,0.002,0.002,late,260,360,tau_out,0.7292560211984779,296.49366599945006,321.43576319310876,0.9224041004464265,0.027507282551153117,0.7017487386473248,0.2707439788015221
width_bx,width_h0_bx_m0p16,0,-0.16,1.0,0.55,0.002,0.002,late,260,360,tau_mem,0.0027422942433946093,201.07228347838526,321.43576319310876,0.6255442191029229,0.0009551139898434729,0.0017871802535511364,0.9972577057566054
width_bx,width_h0_bx_m0p12,0,-0.12,1.0,0.55,0.002,0.002,peak1,431,483,tau_out,0.8179169487677508,396.80292656629734,457.0013258607529,0.8682752195935689,0.07303369548678994,0.7448832532809608,0.18208305123224922
width_bx,width_h0_bx_m0p12,0,-0.12,1.0,0.55,0.002,0.002,peak1,431,483,tau_mem,0.0075116237547135705,225.09901328536367,457.0013258607529,0.49255658692323084,0.0037726517482027247,0.003738972006510846,0.9924883762452864
width_bx,width_h0_bx_m0p12,0,-0.12,1.0,0.55,0.002,0.002,valley,1319,1371,tau_out,0.9927542078237561,162.70608398862976,1344.9996159979912,0.12097110070020478,0.9446111502236658,0.0481430576000903,0.0072457921762438815
width_bx,width_h0_bx_m0p12,0,-0.12,1.0,0.55,0.002,0.002,valley,1319,1371,tau_mem,0.18708236136722708,271.88192290376014,1344.9996159979912,0.20214275132117673,0.17470702099270125,0.01237534037452584,0.8129176386327729
width_bx,width_h0_bx_m0p12,0,-0.12,1.0,0.55,0.002,0.002,peak2,2034,2086,tau_out,0.9999624911631306,172.04765270465236,2060.0000051357015,0.08351827780375118,0.9972267901890511,0.0027357009740794913,3.750883686937101e-05
width_bx,width_h0_bx_m0p12,0,-0.12,1.0,0.55,0.002,0.002,peak2,2034,2086,tau_mem,0.2200137118058023,432.8961755564746,2060.0000051357015,0.21014377401807713,0.19482708658288386,0.025186625222918424,0.7799862881941977
width_bx,width_h0_bx_m0p08,0,-0.08,1.0,0.55,0.002,0.002,peak1,338,390,tau_out,0.8466128549480809,314.0348569858594,364.0213496006373,0.8626825248859239,0.05944776016140822,0.7871650947866727,0.15338714505191908
width_bx,width_h0_bx_m0p08,0,-0.08,1.0,0.55,0.002,0.002,peak1,338,390,tau_mem,0.008055466106644305,207.98413848800854,364.0213496006373,0.5713514845109635,0.002990842996860302,0.005064623109784004,0.9919445338933557
width_bx,width_h0_bx_m0p08,0,-0.08,1.0,0.55,0.002,0.002,valley,997,1049,tau_out,0.9988360682450363,97.92415626175085,1022.9993831177271,0.09572259561224164,0.9710701834972424,0.027765884747793956,0.001163931754963654
width_bx,width_h0_bx_m0p08,0,-0.08,1.0,0.55,0.002,0.002,valley,997,1049,tau_mem,0.23939949584841214,175.52119579729236,1022.9993831177271,0.17157507491585,0.22842680426463066,0.010972691583781474,0.7606005041515879
width_bx,width_h0_bx_m0p08,0,-0.08,1.0,0.55,0.002,0.002,peak2,1797,1849,tau_out,0.9999999879000719,184.49869103147645,1823.0000652733827,0.1012060803211263,0.999881294664873,0.00011869323519897446,1.2099928059505771e-08
width_bx,width_h0_bx_m0p08,0,-0.08,1.0,0.55,0.002,0.002,peak2,1797,1849,tau_mem,0.25123085885813573,358.0559553068715,1823.0000652733827,0.19641028112260453,0.22381796171197704,0.027412897146158688,0.7487691411418642
width_bx,width_h0_bx_m0p04,0,-0.04,1.0,0.55,0.002,0.002,peak1,276,328,tau_out,0.8668332230395729,259.0608220637433,302.0420115473535,0.8576979763066114,0.04397381948222445,0.8228594035573484,0.1331667769604271
width_bx,width_h0_bx_m0p04,0,-0.04,1.0,0.55,0.002,0.002,peak1,276,328,tau_mem,0.009161961664292435,191.6554951010548,302.0420115473535,0.6345325741912808,0.0023165429706610025,0.0068454186936314325,0.9908380383357076
width_bx,width_h0_bx_m0p04,0,-0.04,1.0,0.55,0.002,0.002,valley,1177,1229,tau_out,0.9999999771428436,110.27748011273825,1203.000076283796,0.09166872246043235,0.9991696368917946,0.0008303402510489999,2.2857156389832767e-08
width_bx,width_h0_bx_m0p04,0,-0.04,1.0,0.55,0.002,0.002,valley,1177,1229,tau_mem,0.30238562329693475,174.94142008300173,1203.000076283796,0.14542095510369016,0.2873991230077416,0.014986500289193128,0.6976143767030653
width_bx,width_h0_bx_m0p04,0,-0.04,1.0,0.55,0.002,0.002,peak2,2123,2175,tau_out,1.0000000000000888,175.1737478122826,2148.999964680874,0.08151407663624409,0.9999999908909684,9.109120457928555e-09,0.0
width_bx,width_h0_bx_m0p04,0,-0.04,1.0,0.55,0.002,0.002,peak2,2123,2175,tau_mem,0.2941649450506995,379.7427642002666,2148.999964680874,0.17670673356975056,0.258572862617052,0.03559208243364753,0.7058350549493004
width_bx,width_h0_bx_p0p00,0,0.0,1.0,0.55,0.002,0.002,early,10,60,tau_out,0.05294479014705268,56.30976347806546,59.53865693799762,0.9457681172873169,2.1238957979891206e-06,0.05294266625125469,0.9470552098529473
width_bx,width_h0_bx_p0p00,0,0.0,1.0,0.55,0.002,0.002,early,10,60,tau_mem,4.99830815334905e-05,51.05955747097955,59.53865693799762,0.8575866520494737,2.1237924518264777e-06,4.7859289081664026e-05,0.9999500169184665
width_bx,width_h0_bx_p0p00,0,0.0,1.0,0.55,0.002,0.002,middle,120,200,tau_out,0.7578860800980618,165.13487298032538,179.71504064296312,0.9188706320268212,0.007347030558101773,0.75053904953996,0.2421139199019382
width_bx,width_h0_bx_p0p00,0,0.0,1.0,0.55,0.002,0.002,middle,120,200,tau_mem,0.004014930546151459,139.7434739705595,179.71504064296312,0.7775836316793626,0.00038265102839303913,0.00363227951775842,0.9959850694538486
width_bx,width_h0_bx_p0p00,0,0.0,1.0,0.55,0.002,0.002,late,260,360,tau_out,0.9234720561951378,239.9132755880497,304.7008234253453,0.7873732433375942,0.06060559658075238,0.8628664596143855,0.07652794380486216
width_bx,width_h0_bx_p0p00,0,0.0,1.0,0.55,0.002,0.002,late,260,360,tau_mem,0.019330661534474814,180.38256472458923,304.7008234253453,0.5919989407865344,0.005417673845808713,0.013912987688666101,0.9806693384655252
width_bx,width_h0_bx_p0p04,0,0.04,1.0,0.55,0.002,0.002,early,10,60,tau_out,0.05480390754744683,56.29879750672982,59.53547564479851,0.9456344624274204,2.2531258355859417e-06,0.054801654421611244,0.9451960924525532
width_bx,width_h0_bx_p0p04,0,0.04,1.0,0.55,0.002,0.002,early,10,60,tau_mem,5.719826814329967e-05,51.08980587124813,59.53547564479851,0.8581405509558861,2.253035071032994e-06,5.4945233072266677e-05,0.9999428017318567
width_bx,width_h0_bx_p0p04,0,0.04,1.0,0.55,0.002,0.002,middle,120,200,tau_out,0.7875566906672964,160.10466585062534,176.04983264849622,0.9094281059061996,0.007126929371561999,0.7804297612957344,0.2124433093327036
width_bx,width_h0_bx_p0p04,0,0.04,1.0,0.55,0.002,0.002,middle,120,200,tau_mem,0.005671817422738997,134.60919293031841,176.04983264849622,0.764608468552658,0.0005024426641328594,0.005169374758606137,0.994328182577261
width_bx,width_h0_bx_p0p04,0,0.04,1.0,0.55,0.002,0.002,late,260,360,tau_out,0.9680308944735019,210.1863548775054,302.98677148423695,0.6937146260474295,0.1037116006552121,0.8643192938182898,0.03196910552649812
width_bx,width_h0_bx_p0p04,0,0.04,1.0,0.55,0.002,0.002,late,260,360,tau_mem,0.042628226453001905,156.0828031688297,302.98677148423695,0.5151472534732429,0.01880742339687996,0.023820803056121945,0.9573717735469981
width_bx,width_h0_bx_p0p08,0,0.08,1.0,0.55,0.002,0.002,early,10,60,tau_out,0.0566831565710221,56.28849338472038,59.53155667750842,0.9455236268999951,2.39057086286043e-06,0.05668076600015924,0.9433168434289779
width_bx,width_h0_bx_p0p08,0,0.08,1.0,0.55,0.002,0.002,early,10,60,tau_mem,6.48912210731038e-05,51.09160160744727,59.53155667750842,0.8582272068613679,2.3904942649181195e-06,6.250072680818569e-05,0.9999351087789269
width_bx,width_h0_bx_p0p08,0,0.08,1.0,0.55,0.002,0.002,middle,120,200,tau_out,0.8139898114889815,153.33286204192783,170.8305014170342,0.8975730959637538,0.006613927977194154,0.8073758835117874,0.18601018851101847
width_bx,width_h0_bx_p0p08,0,0.08,1.0,0.55,0.002,0.002,middle,120,200,tau_mem,0.00828730056821229,126.61961348756775,170.8305014170342,0.7412002683201279,0.0007984846491013708,0.0074888159191109195,0.9917126994317877
width_bx,width_h0_bx_p0p08,0,0.08,1.0,0.55,0.002,0.002,late,260,360,tau_out,0.9924968726036306,177.67289471718416,304.15306468264714,0.5841561876174676,0.25478927725983735,0.7377075953437933,0.00750312739636938
width_bx,width_h0_bx_p0p08,0,0.08,1.0,0.55,0.002,0.002,late,260,360,tau_mem,0.09288995538411304,122.91000719541769,304.15306468264714,0.4041057660348148,0.06668275443648378,0.026207200947629267,0.907110044615887
width_bx,width_h1_bx_m0p16,1,-0.16,1.0,0.55,0.002,0.002,early,10,60,tau_out,0.00440441450832188,55.417346818548786,59.57060584713972,0.9302800606183469,4.0822190511320454e-07,0.004404006286416766,0.9955955854916781
width_bx,width_h1_bx_m0p16,1,-0.16,1.0,0.55,0.002,0.002,early,10,60,tau_mem,3.1092081358965676e-06,46.60158414650216,59.57060584713972,0.7822915930397532,4.0822190511320454e-07,2.700986230783363e-06,0.9999968907918642
width_bx,width_h1_bx_m0p16,1,-0.16,1.0,0.55,0.002,0.002,middle,120,200,tau_out,0.3360005413924415,172.79212426790272,185.79421898204689,0.9300188413537208,0.004549280809247047,0.33145126058319446,0.6639994586075585
width_bx,width_h1_bx_m0p16,1,-0.16,1.0,0.55,0.002,0.002,middle,120,200,tau_mem,0.00035044464311999784,133.72566616342937,185.79421898204689,0.7197514911718063,7.643261861010562e-05,0.00027401202450989224,0.99964955535688
width_bx,width_h1_bx_m0p16,1,-0.16,1.0,0.55,0.002,0.002,late,260,360,tau_out,0.4883744575058156,287.59554359085706,322.8159504398261,0.8908963240478595,0.02911693864417065,0.45925751886164495,0.5116255424941845
width_bx,width_h1_bx_m0p16,1,-0.16,1.0,0.55,0.002,0.002,late,260,360,tau_mem,0.0009793300657105631,172.34628620087108,322.8159504398261,0.5338840474457812,0.0004411674599366747,0.0005381626057738884,0.9990206699342894
width_bx,width_h1_bx_m0p12,1,-0.12,1.0,0.55,0.002,0.002,peak1,474,526,tau_out,0.6550629223508218,392.2696867208142,500.0043457944772,0.7845325546071424,0.11071376435677252,0.5443491579940493,0.34493707764917825
width_bx,width_h1_bx_m0p12,1,-0.12,1.0,0.55,0.002,0.002,peak1,474,526,tau_mem,0.004421441561339576,164.8577013429842,500.0043457944772,0.32971253696012404,0.0031164903627370925,0.0013049511986024838,0.9955785584386604
width_bx,width_h1_bx_m0p12,1,-0.12,1.0,0.55,0.002,0.002,valley,1258,1310,tau_out,0.9760785306142695,195.3035226165896,1283.9999291848828,0.15210555559810152,0.9124329423441504,0.06364558827011912,0.023921469385730476
width_bx,width_h1_bx_m0p12,1,-0.12,1.0,0.55,0.002,0.002,valley,1258,1310,tau_mem,0.1462363168196411,275.35767840495646,1283.9999291848828,0.214453032392113,0.13920735937491927,0.007028957444721845,0.8537636831803589
width_bx,width_h1_bx_m0p12,1,-0.12,1.0,0.55,0.002,0.002,peak2,1882,1934,tau_out,0.99967908676016,292.91269316195195,1908.0000988504585,0.15351817504539306,0.9908206439934069,0.008858442766753183,0.00032091323983995945
width_bx,width_h1_bx_m0p12,1,-0.12,1.0,0.55,0.002,0.002,peak2,1882,1934,tau_mem,0.1580005320343961,492.9949628384177,1908.0000988504585,0.2583830908265884,0.13667415434329266,0.021326377691103432,0.8419994679656039
width_bx,width_h1_bx_m0p08,1,-0.08,1.0,0.55,0.002,0.002,peak1,355,407,tau_out,0.6707739200576337,312.71640162610777,381.005132498316,0.8207669003710598,0.06984991542468702,0.6009240046329467,0.3292260799423663
width_bx,width_h1_bx_m0p08,1,-0.08,1.0,0.55,0.002,0.002,peak1,355,407,tau_mem,0.0034262005862581955,173.13910421466042,381.005132498316,0.4544272227498816,0.0017693788879678644,0.001656821698290331,0.9965737994137418
width_bx,width_h1_bx_m0p08,1,-0.08,1.0,0.55,0.002,0.002,valley,1033,1085,tau_out,0.9972504336164327,121.21467802457533,1059.0005798059397,0.11446138966872686,0.9703804621968957,0.026869971419537064,0.00274956638356727
width_bx,width_h1_bx_m0p08,1,-0.08,1.0,0.55,0.002,0.002,valley,1033,1085,tau_mem,0.2234184326498509,187.3451314480018,1059.0005798059397,0.1769074871350236,0.2175511289454012,0.005867303704449683,0.776581567350149
width_bx,width_h1_bx_m0p08,1,-0.08,1.0,0.55,0.002,0.002,peak2,1685,1737,tau_out,0.999999751447849,286.186873905501,1711.0000798442793,0.16726292258942926,0.9995712022545229,0.00042854919332613317,2.4855215097208117e-07
width_bx,width_h1_bx_m0p08,1,-0.08,1.0,0.55,0.002,0.002,peak2,1685,1737,tau_mem,0.1354766068020371,399.3201974439208,1711.0000798442793,0.23338409047898087,0.11862658517952465,0.01685002162251245,0.8645233931979629
width_bx,width_h1_bx_m0p04,1,-0.04,1.0,0.55,0.002,0.002,early,10,60,tau_out,0.004881729714390785,55.378620088062114,59.564643501348655,0.9297230174274146,4.898657171488574e-07,0.004881239848673636,0.9951182702856092
width_bx,width_h1_bx_m0p04,1,-0.04,1.0,0.55,0.002,0.002,early,10,60,tau_mem,4.929111139679436e-06,47.79325265647964,59.564643501348655,0.8023762058677898,4.898657171488574e-07,4.439245422530579e-06,0.9999950708888603
width_bx,width_h1_bx_m0p04,1,-0.04,1.0,0.55,0.002,0.002,middle,120,200,tau_out,0.4278787452149788,167.6376281854071,182.58274108071186,0.9181460810214358,0.0052878042629084035,0.4225909409520704,0.5721212547850212
width_bx,width_h1_bx_m0p04,1,-0.04,1.0,0.55,0.002,0.002,middle,120,200,tau_mem,0.0007931746987612251,137.64087961241373,182.58274108071186,0.7538548210948849,0.00011109160118420368,0.0006820830975770214,0.9992068253012387
width_bx,width_h1_bx_m0p04,1,-0.04,1.0,0.55,0.002,0.002,late,260,360,tau_out,0.6839864371807389,259.27034167428684,310.04392402944836,0.8362374540507397,0.04479111246906481,0.6391953247116742,0.3160135628192611
width_bx,width_h1_bx_m0p04,1,-0.04,1.0,0.55,0.002,0.002,late,260,360,tau_mem,0.0033565548209513007,175.3635257818353,310.04392402944836,0.5656086515186121,0.0011613334551798917,0.002195221365771409,0.9966434451790487
width_bx,width_h1_bx_p0p00,1,0.0,1.0,0.55,0.002,0.002,early,10,60,tau_out,0.005037476220161968,55.368906543817644,59.561889410476944,0.9296029238131966,5.200453611843261e-07,0.005036956174800784,0.9949625237798381
width_bx,width_h1_bx_p0p00,1,0.0,1.0,0.55,0.002,0.002,early,10,60,tau_mem,5.608169874994469e-06,47.999339070111176,59.561889410476944,0.8058733452748409,5.200453611843261e-07,5.088124513810143e-06,0.999994391830125
width_bx,width_h1_bx_p0p00,1,0.0,1.0,0.55,0.002,0.002,middle,120,200,tau_out,0.4646645412516784,164.40067745711357,180.03900725663536,0.9131392133415275,0.005246394397895082,0.4594181468537833,0.5353354587483217
width_bx,width_h1_bx_p0p00,1,0.0,1.0,0.55,0.002,0.002,middle,120,200,tau_mem,0.0010849127533903086,135.84444410240354,180.03900725663536,0.7545278446729325,0.00012965401976965525,0.0009552587336206534,0.9989150872466097
width_bx,width_h1_bx_p0p00,1,0.0,1.0,0.55,0.002,0.002,late,260,360,tau_out,0.7850624742138095,239.9508151952953,304.23957236831455,0.7886903512499326,0.05091261949085334,0.7341498547229561,0.21493752578619052
width_bx,width_h1_bx_p0p00,1,0.0,1.0,0.55,0.002,0.002,late,260,360,tau_mem,0.0064891638572767375,170.98369150739313,304.23957236831455,0.5620034572636037,0.0020899367051183454,0.004399227152158392,0.9935108361427233
width_bx,width_h1_bx_p0p04,1,0.04,1.0,0.55,0.002,0.002,early,10,60,tau_out,0.005197467228417279,55.36035074374975,59.55864314152121,0.9295099388380017,5.520673323245814e-07,0.005196915161084954,0.9948025327715827
width_bx,width_h1_bx_p0p04,1,0.04,1.0,0.55,0.002,0.002,early,10,60,tau_mem,6.329449204217333e-06,48.15028134548293,59.55864314152121,0.8084516168555063,5.520673323245814e-07,5.7773818718927515e-06,0.9999936705507958
width_bx,width_h1_bx_p0p04,1,0.04,1.0,0.55,0.002,0.002,middle,120,200,tau_out,0.5043519492534828,159.87863521336146,176.2507805279791,0.9071088067492636,0.004947262854596813,0.499404686398886,0.4956480507465172
width_bx,width_h1_bx_p0p04,1,0.04,1.0,0.55,0.002,0.002,middle,120,200,tau_mem,0.0015380727408428815,131.70168318757916,176.2507805279791,0.747240283379466,0.00016311185905608545,0.001374960881786796,0.9984619272591572
width_bx,width_h1_bx_p0p04,1,0.04,1.0,0.55,0.002,0.002,late,260,360,tau_out,0.8963849735928772,213.8848442534062,301.77530902414145,0.7087552820177737,0.0747137250407181,0.8216712485521591,0.10361502640712283
width_bx,width_h1_bx_p0p04,1,0.04,1.0,0.55,0.002,0.002,late,260,360,tau_mem,0.014828659391325825,153.60571981726292,301.77530902414145,0.5090069174777144,0.006559742465883329,0.008268916925442496,0.9851713406086742
width_bx,width_h1_bx_p0p08,1,0.08,1.0,0.55,0.002,0.002,early,10,60,tau_out,0.005364748957593818,55.35278136935983,59.554843657682106,0.9294421405507252,5.862102022177683e-07,0.0053641627473916004,0.9946352510424061
width_bx,width_h1_bx_p0p08,1,0.08,1.0,0.55,0.002,0.002,early,10,60,tau_mem,7.09834238549024e-06,48.259114623707774,59.554843657682106,0.8103306407972196,5.862102022177683e-07,6.512132183272472e-06,0.9999929016576146
width_bx,width_h1_bx_p0p08,1,0.08,1.0,0.55,0.002,0.002,middle,120,200,tau_out,0.5452629243728223,153.63542432628026,170.84326761990474,0.8992770184429578,0.004348757149207729,0.5409141672236146,0.4547370756271777
width_bx,width_h1_bx_p0p08,1,0.08,1.0,0.55,0.002,0.002,middle,120,200,tau_mem,0.0022719686044847076,124.52543814216543,170.84326761990474,0.7288870078229358,0.00024708139251020675,0.002024887211974501,0.9977280313955152
width_bx,width_h1_bx_p0p08,1,0.08,1.0,0.55,0.002,0.002,late,260,360,tau_out,0.9732503404784669,184.39555714252336,303.12955033448134,0.6083061085237527,0.18643508027216452,0.7868152602063024,0.026749659521533076
width_bx,width_h1_bx_p0p08,1,0.08,1.0,0.55,0.002,0.002,late,260,360,tau_mem,0.03356204271882982,123.41986775715682,303.12955033448134,0.4071522146916129,0.023772229307066385,0.009789813411763437,0.9664379572811702
width_bx,width_h2_bx_m0p16,2,-0.16,1.0,0.55,0.002,0.002,early,10,60,tau_out,0.0003635648714377909,54.18758576560521,59.467092048853715,0.911219699814626,1.3299961515971023e-07,0.0003634318718226312,0.9996364351285623
width_bx,width_h2_bx_m0p16,2,-0.16,1.0,0.55,0.002,0.002,early,10,60,tau_mem,4.927495358459189e-07,39.87634989115245,59.467092048853715,0.6705616252160611,1.3299961515971023e-07,3.5974992068620866e-07,0.9999995072504642
width_bx,width_h2_bx_m0p16,2,-0.16,1.0,0.55,0.002,0.002,middle,120,200,tau_out,0.16679138381975173,169.9887167811019,186.0821766300912,0.9135142325802588,0.0027736488693679145,0.1640177349503838,0.8332086161802483
width_bx,width_h2_bx_m0p16,2,-0.16,1.0,0.55,0.002,0.002,middle,120,200,tau_mem,0.0001670066041456834,129.50350197296598,186.0821766300912,0.6959479103170813,4.017049780988892e-05,0.0001268361063357945,0.9998329933958543
width_bx,width_h2_bx_m0p16,2,-0.16,1.0,0.55,0.002,0.002,late,260,360,tau_out,0.3148026748351551,279.45418862690104,323.5380214737989,0.8637445062991834,0.02382648375007467,0.29097619108508044,0.6851973251648449
width_bx,width_h2_bx_m0p16,2,-0.16,1.0,0.55,0.002,0.002,late,260,360,tau_mem,0.0005475820683746698,163.6126271176924,323.5380214737989,0.5056982989893887,0.00026319462963843277,0.000284387438736237,0.9994524179316253
width_bx,width_h2_bx_m0p12,2,-0.12,1.0,0.55,0.002,0.002,peak1,503,555,tau_out,0.5436069511718777,378.0317866464501,529.0043695857657,0.7146099510339886,0.12696948186993262,0.4166374693019451,0.45639304882812226
width_bx,width_h2_bx_m0p12,2,-0.12,1.0,0.55,0.002,0.002,peak1,503,555,tau_mem,0.0036323110788948247,146.11955279080883,529.0043695857657,0.27621615470818706,0.002820670305767721,0.0008116407731271038,0.9963676889211052
width_bx,width_h2_bx_m0p12,2,-0.12,1.0,0.55,0.002,0.002,valley,1291,1343,tau_out,0.9675550594510739,223.81304947516927,1317.000059679027,0.1699415636546865,0.9066043711825965,0.06095068826847738,0.032444940548926104
width_bx,width_h2_bx_m0p12,2,-0.12,1.0,0.55,0.002,0.002,valley,1291,1343,tau_mem,0.12824061501437992,301.54047747628584,1317.000059679027,0.22896010919678764,0.12224597710110399,0.005994637913275924,0.8717593849856201
width_bx,width_h2_bx_m0p12,2,-0.12,1.0,0.55,0.002,0.002,peak2,1855,1907,tau_out,0.9993060929113496,354.59943294004944,1880.9999549940856,0.18851644945476057,0.9863703661096415,0.01293572680170818,0.0006939070886503584
width_bx,width_h2_bx_m0p12,2,-0.12,1.0,0.55,0.002,0.002,peak2,1855,1907,tau_mem,0.12003968163062143,532.2086754256919,1880.9999549940856,0.2829392281550402,0.10214234334908544,0.017897338281535988,0.8799603183693786
width_bx,width_h2_bx_m0p08,2,-0.08,1.0,0.55,0.002,0.002,peak1,369,421,tau_out,0.5399934871373369,310.0938467100686,395.00492247666864,0.7850379300738577,0.0678843152041596,0.47210917193317725,0.46000651286266314
width_bx,width_h2_bx_m0p08,2,-0.08,1.0,0.55,0.002,0.002,peak1,369,421,tau_mem,0.002321839092689482,161.20194827845694,395.00492247666864,0.4081011124310191,0.0013338600791760634,0.0009879790135134186,0.9976781609073105
width_bx,width_h2_bx_m0p08,2,-0.08,1.0,0.55,0.002,0.002,valley,1054,1106,tau_out,0.9950934277289265,158.9335207723763,1079.997523335348,0.14716100485262518,0.9576331400245806,0.03746028770434595,0.004906572271073495
width_bx,width_h2_bx_m0p08,2,-0.08,1.0,0.55,0.002,0.002,valley,1054,1106,tau_mem,0.21334381422902052,201.83078279663812,1079.997523335348,0.18688078299784028,0.20878679394033434,0.004557020288686181,0.7866561857709795
width_bx,width_h2_bx_m0p08,2,-0.08,1.0,0.55,0.002,0.002,peak2,1660,1712,tau_out,0.9999992526648666,327.5871827454397,1685.9997736596652,0.1942984737384468,0.999323338270881,0.0006759143939855106,7.473351334441602e-07
width_bx,width_h2_bx_m0p08,2,-0.08,1.0,0.55,0.002,0.002,peak2,1660,1712,tau_mem,0.08770100726411954,431.218130579691,1685.9997736596652,0.2557640501004814,0.0755086109647014,0.012192396299418137,0.9122989927358804
width_bx,width_h2_bx_m0p04,2,-0.04,1.0,0.55,0.002,0.002,early,10,60,tau_out,0.00040049989360295364,54.161846423050875,59.46265507622905,0.9108548273469672,1.588647153263636e-07,0.0004003410288876273,0.9995995001063971
width_bx,width_h2_bx_m0p04,2,-0.04,1.0,0.55,0.002,0.002,early,10,60,tau_mem,7.058831641971045e-07,41.653181144990555,59.46265507622905,0.7004931261746155,1.588647153263636e-07,5.470184488707409e-07,0.9999992941168359
width_bx,width_h2_bx_m0p04,2,-0.04,1.0,0.55,0.002,0.002,middle,120,200,tau_out,0.23486462355798726,165.35725981133285,182.95044732046847,0.9038363241696906,0.0032078090154012747,0.231656814542586,0.7651353764420128
width_bx,width_h2_bx_m0p04,2,-0.04,1.0,0.55,0.002,0.002,middle,120,200,tau_mem,0.00037491799497775915,134.29647908289758,182.95044732046847,0.7340593097739451,5.791789015913799e-05,0.00031700010481862113,0.9996250820050222
width_bx,width_h2_bx_m0p04,2,-0.04,1.0,0.55,0.002,0.002,late,260,360,tau_out,0.5280967238945192,255.51098426566963,310.87871426590607,0.8218992569787896,0.0352944547571803,0.49280226913733893,0.4719032761054808
width_bx,width_h2_bx_m0p04,2,-0.04,1.0,0.55,0.002,0.002,late,260,360,tau_mem,0.0018915544222967667,170.63535396555517,310.87871426590607,0.5488807889870659,0.0006865810087458286,0.001204973413550938,0.9981084455777033
width_bx,width_h2_bx_p0p00,2,0.0,1.0,0.55,0.002,0.002,early,10,60,tau_out,0.0004130378166378354,54.15545433457189,59.461008694552845,0.9107725469772094,1.6864141083432688e-07,0.0004128691752270011,0.9995869621833622
width_bx,width_h2_bx_p0p00,2,0.0,1.0,0.55,0.002,0.002,early,10,60,tau_mem,7.853060944017983e-07,42.036343602639164,59.461008694552845,0.7069564497060082,1.6864141083432688e-07,6.166646835674715e-07,0.9999992146939056
width_bx,width_h2_bx_p0p00,2,0.0,1.0,0.55,0.002,0.002,middle,120,200,tau_out,0.2664246469102022,162.45917310875907,180.47553921775105,0.9001728090849226,0.003174290812775067,0.2632503560974271,0.7335753530897978
width_bx,width_h2_bx_p0p00,2,0.0,1.0,0.55,0.002,0.002,middle,120,200,tau_mem,0.0005158572827992986,132.88342736432446,180.47553921775105,0.7362960539710327,6.80169754916884e-05,0.0004478403073076102,0.9994841427172007
width_bx,width_h2_bx_p0p00,2,0.0,1.0,0.55,0.002,0.002,late,260,360,tau_out,0.6597367258755189,238.71183781859662,304.85374962942393,0.7830372370645645,0.039119839687659363,0.6206168861878596,0.3402632741244811
width_bx,width_h2_bx_p0p00,2,0.0,1.0,0.55,0.002,0.002,late,260,360,tau_mem,0.0036697856973892896,168.7982312403462,304.85374962942393,0.5537023292169936,0.0012122851601799945,0.002457500537209295,0.9963302143026107
width_bx,width_h2_bx_p0p04,2,0.04,1.0,0.55,0.002,0.002,early,10,60,tau_out,0.00042621458576260043,54.149887299091866,59.459175758902234,0.9107069953115611,1.791245960056551e-07,0.0004260354611665948,0.9995737854142374
width_bx,width_h2_bx_p0p04,2,0.04,1.0,0.55,0.002,0.002,early,10,60,tau_mem,8.699103858307799e-07,42.35240646073066,59.459175758902234,0.7122938708814788,1.791245960056551e-07,6.907857898251248e-07,0.9999991300896142
width_bx,width_h2_bx_p0p04,2,0.04,1.0,0.55,0.002,0.002,middle,120,200,tau_out,0.3039705505760969,158.40601101813743,176.7913292144702,0.8960055434956934,0.0029788120077391222,0.30099173856835776,0.6960294494239031
width_bx,width_h2_bx_p0p04,2,0.04,1.0,0.55,0.002,0.002,middle,120,200,tau_mem,0.0007393772461738207,129.15227510525358,176.7913292144702,0.73053512114599,8.619686880506157e-05,0.0006531803773687591,0.9992606227538262
width_bx,width_h2_bx_p0p04,2,0.04,1.0,0.55,0.002,0.002,late,260,360,tau_out,0.8221244382070961,215.69169626785302,301.944147220447,0.7143430275215046,0.05641126289615124,0.7657131753109448,0.17787556179290387
width_bx,width_h2_bx_p0p04,2,0.04,1.0,0.55,0.002,0.002,late,260,360,tau_mem,0.008387412898556375,153.71132051406872,301.944147220447,0.509072031794825,0.0036822774243744413,0.004705135474181934,0.9916125871014436
width_bx,width_h2_bx_p0p08,2,0.08,1.0,0.55,0.002,0.002,early,10,60,tau_out,0.0004403029613868077,54.14504625697516,59.457105032760936,0.9106572919610056,1.9041751008090827e-07,0.00044011254387672674,0.9995596970386131
width_bx,width_h2_bx_p0p08,2,0.08,1.0,0.55,0.002,0.002,early,10,60,tau_mem,9.60501559317554e-07,42.615092359147226,59.457105032760936,0.7167367522462834,1.9041751008090827e-07,7.700840492366456e-07,0.9999990394984407
width_bx,width_h2_bx_p0p08,2,0.08,1.0,0.55,0.002,0.002,middle,120,200,tau_out,0.3474176644277231,152.79559871460717,171.5346205007448,0.8907566196757565,0.002591168589048368,0.34482649583867475,0.6525823355722769
width_bx,width_h2_bx_p0p08,2,0.08,1.0,0.55,0.002,0.002,middle,120,200,tau_mem,0.0011091563128860014,122.4434028458294,171.5346205007448,0.7138116054263095,0.0001304790539783667,0.0009786772589076348,0.998890843687114
width_bx,width_h2_bx_p0p08,2,0.08,1.0,0.55,0.002,0.002,late,260,360,tau_out,0.9487212937097732,189.04462599746188,303.01820712375036,0.6238721685798156,0.14706051335643108,0.8016607803533421,0.051278706290226794
width_bx,width_h2_bx_p0p08,2,0.08,1.0,0.55,0.002,0.002,late,260,360,tau_mem,0.01881940359526539,125.12789710844253,303.01820712375036,0.41293854351577375,0.013138720114479956,0.005680683480785435,0.9811805964047347
width_bx,width_h3_bx_m0p16,3,-0.16,1.0,0.55,0.002,0.002,early,10,60,tau_out,1.4585182342906643e-05,53.12236315108213,59.26852892699185,0.8962996739217084,1.7834915172808578e-08,1.4567347427733834e-05,0.9999854148176571
width_bx,width_h3_bx_m0p16,3,-0.16,1.0,0.55,0.002,0.002,early,10,60,tau_mem,4.481695153929726e-08,34.17206143449906,59.26852892699185,0.5765633474148292,1.7834915172808575e-08,2.6982036366488685e-08,0.9999999551830484
width_bx,width_h3_bx_m0p16,3,-0.16,1.0,0.55,0.002,0.002,middle,120,200,tau_out,0.084230566605148,167.0142198941592,186.2648015141823,0.8966493859090315,0.0015641828013325575,0.08266638380381544,0.9157694333948521
width_bx,width_h3_bx_m0p16,3,-0.16,1.0,0.55,0.002,0.002,middle,120,200,tau_mem,9.253008278489104e-05,125.81681451155094,186.2648015141823,0.6754728402186668,2.3959160898713853e-05,6.857092188617718e-05,0.9999074699172151
width_bx,width_h3_bx_m0p16,3,-0.16,1.0,0.55,0.002,0.002,late,260,360,tau_out,0.20684882007264468,272.61677004223503,324.04487505831537,0.8412932622161505,0.017836673223399616,0.18901214684924506,0.7931511799273553
width_bx,width_h3_bx_m0p16,3,-0.16,1.0,0.55,0.002,0.002,late,260,360,tau_mem,0.00035282653654035586,160.6506445305753,324.04487505831537,0.49576665732381814,0.00017364081662790866,0.0001791857199124472,0.9996471734634597
width_bx,width_h3_bx_m0p12,3,-0.12,1.0,0.55,0.002,0.002,peak1,529,581,tau_out,0.4761553657410989,369.2314726847645,555.0004476789932,0.6652813961301963,0.13182174355028078,0.3443336221908181,0.5238446342589012
width_bx,width_h3_bx_m0p12,3,-0.12,1.0,0.55,0.002,0.002,peak1,529,581,tau_mem,0.0033213291687087124,141.05747091115077,555.0004476789932,0.25415740023463373,0.0027006478035311266,0.0006206813651775858,0.9966786708312912
width_bx,width_h3_bx_m0p12,3,-0.12,1.0,0.55,0.002,0.002,valley,1316,1368,tau_out,0.9580159570223791,267.84781798550654,1341.999832161663,0.19958856295388896,0.8868901213196378,0.07112583570274122,0.04198404297762093
width_bx,width_h3_bx_m0p12,3,-0.12,1.0,0.55,0.002,0.002,valley,1316,1368,tau_mem,0.11549028318857486,323.57985451262607,1341.999832161663,0.24111765646901082,0.11001061091649954,0.0054796722720753255,0.8845097168114251
width_bx,width_h3_bx_m0p12,3,-0.12,1.0,0.55,0.002,0.002,peak2,1852,1904,tau_out,0.9988862042019466,404.0272548980194,1877.9999749862336,0.2151369863042629,0.9814280234965456,0.01745818070540106,0.0011137957980533741
width_bx,width_h3_bx_m0p12,3,-0.12,1.0,0.55,0.002,0.002,peak2,1852,1904,tau_mem,0.09585660526591902,563.3813390990074,1877.9999749862336,0.29999006741367884,0.08030727084968996,0.015549334416229063,0.904143394734081
width_bx,width_h3_bx_m0p08,3,-0.08,1.0,0.55,0.002,0.002,peak1,382,434,tau_out,0.45473401090669713,309.72199313314553,408.01267577578295,0.7590989484438185,0.06131251308513229,0.3934214978215648,0.5452659890933029
width_bx,width_h3_bx_m0p08,3,-0.08,1.0,0.55,0.002,0.002,peak1,382,434,tau_mem,0.001839184745795469,157.65485930207416,408.01267577578295,0.3863969642666468,0.0011121946154923116,0.0007269901303031574,0.9981608152542045
width_bx,width_h3_bx_m0p08,3,-0.08,1.0,0.55,0.002,0.002,valley,1065,1117,tau_out,0.9918753721366145,208.34921086496993,1090.997784456277,0.19097125020176406,0.9297554451793643,0.062119926957250216,0.008124627863385525
width_bx,width_h3_bx_m0p08,3,-0.08,1.0,0.55,0.002,0.002,valley,1065,1117,tau_mem,0.2024009655981285,212.96734260782276,1090.997784456277,0.1952041934841873,0.19860289584807,0.0037980697500585026,0.7975990344018715
width_bx,width_h3_bx_m0p08,3,-0.08,1.0,0.55,0.002,0.002,peak2,1647,1699,tau_out,0.9999983954131524,354.142935046088,1673.000804092701,0.21168127007455098,0.9990256090837006,0.0009727863294517469,1.604586847614442e-06
width_bx,width_h3_bx_m0p08,3,-0.08,1.0,0.55,0.002,0.002,peak2,1647,1699,tau_mem,0.06400817217061767,454.5755493727666,1673.000804092701,0.2717126903111629,0.05426210292025428,0.009746069250363393,0.9359918278293823
width_bx,width_h3_bx_m0p04,3,-0.04,1.0,0.55,0.002,0.002,early,10,60,tau_out,1.6071809565052585e-05,53.10336162283954,59.26534228291291,0.8960272492706085,2.1190689113348263e-08,1.6050618875939235e-05,0.9999839281904349
width_bx,width_h3_bx_m0p04,3,-0.04,1.0,0.55,0.002,0.002,early,10,60,tau_mem,5.847442240499101e-08,35.55951957531598,59.26534228291291,0.6000053016747416,2.1190689113348263e-08,3.728373329164275e-08,0.9999999415255776
width_bx,width_h3_bx_m0p04,3,-0.04,1.0,0.55,0.002,0.002,middle,120,200,tau_out,0.12963597094302823,162.69901999039553,183.22621153376357,0.8879680403172804,0.0018061574611778636,0.12782981348185035,0.8703640290569717
width_bx,width_h3_bx_m0p04,3,-0.04,1.0,0.55,0.002,0.002,middle,120,200,tau_mem,0.00021020982559409506,131.03251803665862,183.22621153376357,0.7151406828739288,3.510651349024107e-05,0.00017510331210385399,0.999789790174406
width_bx,width_h3_bx_m0p04,3,-0.04,1.0,0.55,0.002,0.002,late,260,360,tau_out,0.41467461883220913,252.53425093399838,311.7190399972754,0.8101341866579779,0.025878574189396895,0.38879604464281226,0.5853253811677909
width_bx,width_h3_bx_m0p04,3,-0.04,1.0,0.55,0.002,0.002,late,260,360,tau_mem,0.0012693742075941487,170.45553037615764,311.7190399972754,0.5468242503815215,0.00045760259258517027,0.0008117716150089784,0.9987306257924059
width_bx,width_h3_bx_p0p00,3,0.0,1.0,0.55,0.002,0.002,early,10,60,tau_out,1.6632444191963552e-05,53.09796103139786,59.26433214060833,0.8959513945997,2.254685456173881e-08,1.6609897337401812e-05,0.9999833675558081
width_bx,width_h3_bx_p0p00,3,0.0,1.0,0.55,0.002,0.002,early,10,60,tau_mem,6.375867667850593e-08,35.89544214066215,59.26433214060833,0.6056837366444621,2.254685456173881e-08,4.121182211676712e-08,0.9999999362413233
width_bx,width_h3_bx_p0p00,3,0.0,1.0,0.55,0.002,0.002,middle,120,200,tau_out,0.15307554229292714,160.02206322524245,180.82934472244997,0.8849341541930373,0.001784914172199356,0.15129062812072777,0.8469244577070729
width_bx,width_h3_bx_p0p00,3,0.0,1.0,0.55,0.002,0.002,middle,120,200,tau_mem,0.0002934999730416787,129.8328530643798,180.82934472244997,0.7179855308531737,4.1928502077689275e-05,0.00025157147096398945,0.9997065000269583
width_bx,width_h3_bx_p0p00,3,0.0,1.0,0.55,0.002,0.002,late,260,360,tau_out,0.5608547655583315,237.54995304675882,305.74257255379115,0.7769606668203369,0.028646924662307685,0.5322078408960238,0.43914523444166853
width_bx,width_h3_bx_p0p00,3,0.0,1.0,0.55,0.002,0.002,late,260,360,tau_mem,0.0024787998232706555,169.14385710573993,305.74257255379115,0.5532231108442754,0.0008128050652560471,0.0016659947580146084,0.9975212001767293
width_bx,width_h3_bx_p0p04,3,0.04,1.0,0.55,0.002,0.002,early,10,60,tau_out,1.7251173178188323e-05,53.09289159076633,59.26326799430858,0.8958819415065867,2.4049127850875026e-08,1.722712405033745e-05,0.9999827488268218
width_bx,width_h3_bx_p0p04,3,0.04,1.0,0.55,0.002,0.002,early,10,60,tau_mem,6.951953134534192e-08,36.18643709342026,59.26326799430858,0.610604820120542,2.4049127850875026e-08,4.5470403494466894e-08,0.9999999304804686
width_bx,width_h3_bx_p0p04,3,0.04,1.0,0.55,0.002,0.002,middle,120,200,tau_out,0.1830828034238359,156.3037863212536,177.27123178772905,0.8817211046878569,0.0016711088744598107,0.18141169454937608,0.8169171965761641
width_bx,width_h3_bx_p0p04,3,0.04,1.0,0.55,0.002,0.002,middle,120,200,tau_mem,0.00042899269400300594,126.37734746464506,177.27123178772905,0.712903871599278,5.428721559770629e-05,0.00037470547840529967,0.999571007305997
width_bx,width_h3_bx_p0p04,3,0.04,1.0,0.55,0.002,0.002,late,260,360,tau_out,0.7536612254218968,216.95308171583278,302.5956337611638,0.7169736027555244,0.044528495508496836,0.7091327299134,0.24633877457810316
width_bx,width_h3_bx_p0p04,3,0.04,1.0,0.55,0.002,0.002,late,260,360,tau_mem,0.00559399164107791,154.43998328057262,302.5956337611638,0.5103840440819803,0.0024725883294933267,0.0031214033115845832,0.9944060083589221
width_bx,width_h3_bx_p0p08,3,0.08,1.0,0.55,0.002,0.002,early,10,60,tau_out,1.794251226425268e-05,53.0880989588453,59.262115555153,0.8958184914853102,2.57202881822527e-08,1.7916791976070427e-05,0.9999820574877357
width_bx,width_h3_bx_p0p08,3,0.08,1.0,0.55,0.002,0.002,early,10,60,tau_mem,7.584358000767952e-08,36.439963411425694,59.262115555153,0.6148947446452937,2.57202881822527e-08,5.012329182542682e-08,0.99999992415642
width_bx,width_h3_bx_p0p08,3,0.08,1.0,0.55,0.002,0.002,middle,120,200,tau_out,0.2209067403949288,151.2058122932105,172.21181675521348,0.8780222817586236,0.0014555675209303133,0.21945117287399848,0.7790932596050713
width_bx,width_h3_bx_p0p08,3,0.08,1.0,0.55,0.002,0.002,middle,120,200,tau_mem,0.0006581022539712849,120.09230500646206,172.21181675521348,0.6973522913190359,8.604370078412531e-05,0.0005720585531871596,0.9993418977460287
width_bx,width_h3_bx_p0p08,3,0.08,1.0,0.55,0.002,0.002,late,260,360,tau_out,0.9173447020159734,193.02942264245593,303.22784469339206,0.6365821148042557,0.1180115851734216,0.7993331168425518,0.0826552979840266
width_bx,width_h3_bx_p0p08,3,0.08,1.0,0.55,0.002,0.002,late,260,360,tau_mem,0.012247527449514576,126.80489425626148,303.22784469339206,0.41818354242658645,0.008442997435520832,0.003804530013993744,0.9877524725504854
width_bx,width_h4_bx_m0p16,4,-0.16,1.0,0.55,0.002,0.002,early,10,60,tau_out,0.0,nan,59.17303309685026,nan,0.0,0.0,1.0
width_bx,width_h4_bx_m0p16,4,-0.16,1.0,0.55,0.002,0.002,early,10,60,tau_mem,0.0,nan,59.17303309685026,nan,0.0,0.0,1.0
width_bx,width_h4_bx_m0p16,4,-0.16,1.0,0.55,0.002,0.002,middle,120,200,tau_out,0.04360236986569235,164.02115966641037,186.38652241399717,0.8800054721880083,0.0008407628613058875,0.042761607004386464,0.9563976301343077
width_bx,width_h4_bx_m0p16,4,-0.16,1.0,0.55,0.002,0.002,middle,120,200,tau_mem,5.6521590362642605e-05,121.86738680686265,186.38652241399717,0.6538422694328392,1.581467767157205e-05,4.0706912691070554e-05,0.9999434784096374
width_bx,width_h4_bx_m0p16,4,-0.16,1.0,0.55,0.002,0.002,late,260,360,tau_out,0.14035306557446278,266.60146087392536,324.43706468359994,0.8217355225239833,0.013018158903429137,0.12733490667103364,0.8596469344255372
width_bx,width_h4_bx_m0p16,4,-0.16,1.0,0.55,0.002,0.002,late,260,360,tau_mem,0.0002552062480294209,159.46592769603157,324.43706468359994,0.491515751603619,0.00012675471938527916,0.00012845152864414175,0.9997447937519706
width_bx,width_h4_bx_m0p12,4,-0.12,1.0,0.55,0.002,0.002,peak1,553,605,tau_out,0.43753377950930117,367.77315587230913,579.0039403673785,0.6351824749913736,0.1306891099072866,0.30684466960201456,0.5624662204906988
width_bx,width_h4_bx_m0p12,4,-0.12,1.0,0.55,0.002,0.002,peak1,553,605,tau_mem,0.003244854906584469,144.82413402918263,579.0039403673785,0.25012633581956556,0.0026911447054742492,0.0005537102011102198,0.9967551450934156
width_bx,width_h4_bx_m0p12,4,-0.12,1.0,0.55,0.002,0.002,valley,1340,1392,tau_out,0.9488169240362988,322.7599730183674,1365.9995487302938,0.2362811710431201,0.8565305763087612,0.09228634772753763,0.0511830759637012
width_bx,width_h4_bx_m0p12,4,-0.12,1.0,0.55,0.002,0.002,valley,1340,1392,tau_mem,0.10389290241116023,344.8253892596737,1365.9995487302938,0.25243448255908385,0.09864710343377597,0.005245798977384253,0.8961070975888398
width_bx,width_h4_bx_m0p12,4,-0.12,1.0,0.55,0.002,0.002,peak2,1852,1904,tau_out,0.9983294629046788,444.9798299404886,1878.000062837768,0.23694345849387144,0.9751392954568521,0.02319016744782676,0.0016705370953211673
width_bx,width_h4_bx_m0p12,4,-0.12,1.0,0.55,0.002,0.002,peak2,1852,1904,tau_mem,0.0803340066332168,587.7744217614407,1878.000062837768,0.31297891485332496,0.0663884132697739,0.013945593363442893,0.9196659933667832
width_bx,width_h4_bx_m0p08,4,-0.08,1.0,0.55,0.002,0.002,peak1,397,449,tau_out,0.4060241326474433,312.3749596028452,423.00506102715786,0.7384662463477949,0.05568810889287284,0.35033602375457046,0.5939758673525567
width_bx,width_h4_bx_m0p08,4,-0.08,1.0,0.55,0.002,0.002,peak1,397,449,tau_mem,0.00166819232022178,158.97675518443924,423.00506102715786,0.3758270759182065,0.0010398165588256076,0.0006283757613961725,0.9983318076797782
width_bx,width_h4_bx_m0p08,4,-0.08,1.0,0.55,0.002,0.002,valley,1079,1131,tau_out,0.9887409550081149,269.99760413166905,1105.0012875854434,0.2443414384807146,0.8864284943738473,0.10231246063426758,0.011259044991885125
width_bx,width_h4_bx_m0p08,4,-0.08,1.0,0.55,0.002,0.002,valley,1079,1131,tau_mem,0.18180532149402512,225.066932045433,1105.0012875854434,0.2036802441535887,0.17840421064980283,0.003401110844222288,0.8181946785059748
width_bx,width_h4_bx_m0p08,4,-0.08,1.0,0.55,0.002,0.002,peak2,1640,1692,tau_out,0.999996834429882,374.8835809685223,1665.9998044909464,0.22502018305042337,0.9985098758141402,0.0014869586157417736,3.1655701180355322e-06
width_bx,width_h4_bx_m0p08,4,-0.08,1.0,0.55,0.002,0.002,peak2,1640,1692,tau_mem,0.05204421900367374,474.45369220656653,1665.9998044909464,0.28478616319618233,0.043409153516838224,0.008635065486835514,0.9479557809963263
width_bx,width_h4_bx_m0p04,4,-0.04,1.0,0.55,0.002,0.002,early,10,60,tau_out,0.0,nan,59.16941218880915,nan,0.0,0.0,1.0
width_bx,width_h4_bx_m0p04,4,-0.04,1.0,0.55,0.002,0.002,early,10,60,tau_mem,0.0,nan,59.16941218880915,nan,0.0,0.0,1.0
width_bx,width_h4_bx_m0p04,4,-0.04,1.0,0.55,0.002,0.002,middle,120,200,tau_out,0.07306114504656484,159.81527343686525,183.4322447503472,0.871249619467805,0.000977174900063285,0.07208397014650156,0.9269388549534352
width_bx,width_h4_bx_m0p04,4,-0.04,1.0,0.55,0.002,0.002,middle,120,200,tau_mem,0.00013282861954161764,127.44490378656914,183.4322447503472,0.6947791756025377,2.4114595949688666e-05,0.00010871402359192898,0.9998671713804583
width_bx,width_h4_bx_m0p04,4,-0.04,1.0,0.55,0.002,0.002,late,260,360,tau_out,0.3337696740392122,249.8095475065019,312.536827932289,0.799296355438224,0.018793193131950797,0.3149764809072614,0.6662303259607878
width_bx,width_h4_bx_m0p04,4,-0.04,1.0,0.55,0.002,0.002,late,260,360,tau_mem,0.0009653090260866533,171.80038258276682,312.536827932289,0.5496964428780449,0.00034254298163976035,0.0006227660444468929,0.9990346909739134
width_bx,width_h4_bx_p0p00,4,0.0,1.0,0.55,0.002,0.002,early,10,60,tau_out,0.0,nan,59.16779471494739,nan,0.0,0.0,1.0
width_bx,width_h4_bx_p0p00,4,0.0,1.0,0.55,0.002,0.002,early,10,60,tau_mem,0.0,nan,59.16779471494739,nan,0.0,0.0,1.0
width_bx,width_h4_bx_p0p00,4,0.0,1.0,0.55,0.002,0.002,middle,120,200,tau_out,0.08962039861717787,157.2569791449623,181.1065232893161,0.8683120645728791,0.0009672527002755614,0.0886531459169023,0.9103796013828221
width_bx,width_h4_bx_p0p00,4,0.0,1.0,0.55,0.002,0.002,middle,120,200,tau_mem,0.00018951132753262345,126.4909079253864,181.1065232893161,0.6984337484261584,2.9534875118831078e-05,0.00015997645241379237,0.9998104886724674
width_bx,width_h4_bx_p0p00,4,0.0,1.0,0.55,0.002,0.002,late,260,360,tau_out,0.48277532950791074,236.34529792428498,306.72005861452215,0.7705570316850965,0.021322259235608047,0.4614530702723027,0.5172246704920893
width_bx,width_h4_bx_p0p00,4,0.0,1.0,0.55,0.002,0.002,late,260,360,tau_mem,0.0018810584329532747,170.11689517775307,306.72005861452215,0.5546324421890894,0.0006184319374922353,0.0012626264954610394,0.9981189415670467
width_bx,width_h4_bx_p0p04,4,0.04,1.0,0.55,0.002,0.002,early,10,60,tau_out,0.0,nan,59.16589961057064,nan,0.0,0.0,1.0
width_bx,width_h4_bx_p0p04,4,0.04,1.0,0.55,0.002,0.002,early,10,60,tau_mem,0.0,nan,59.16589961057064,nan,0.0,0.0,1.0
width_bx,width_h4_bx_p0p04,4,0.04,1.0,0.55,0.002,0.002,middle,120,200,tau_out,0.1120573614912398,153.75294865297386,177.6673614248797,0.8653978278277229,0.000907013508903025,0.11115034798233678,0.8879426385087602
width_bx,width_h4_bx_p0p04,4,0.04,1.0,0.55,0.002,0.002,middle,120,200,tau_mem,0.00028380312718777204,123.3987312899194,177.6673614248797,0.6945492424735207,3.924678675362217e-05,0.0002445563404341499,0.9997161968728122
width_bx,width_h4_bx_p0p04,4,0.04,1.0,0.55,0.002,0.002,late,260,360,tau_out,0.6873631423495572,217.90385726797012,303.42679847897483,0.7181430854502102,0.03468455738237748,0.6526785849671797,0.3126368576504428
width_bx,width_h4_bx_p0p04,4,0.04,1.0,0.55,0.002,0.002,late,260,360,tau_mem,0.004132928718408222,155.1571401127317,303.42679847897483,0.51134949480569,0.001816636000474476,0.0023162927179337456,0.9958670712815918
width_bx,width_h4_bx_p0p08,4,0.08,1.0,0.55,0.002,0.002,early,10,60,tau_out,0.0,nan,59.16368964235053,nan,0.0,0.0,1.0
width_bx,width_h4_bx_p0p08,4,0.08,1.0,0.55,0.002,0.002,early,10,60,tau_mem,0.0,nan,59.16368964235053,nan,0.0,0.0,1.0
width_bx,width_h4_bx_p0p08,4,0.08,1.0,0.55,0.002,0.002,middle,120,200,tau_out,0.1422094930171616,149.0299619437495,172.80196895928438,0.8624320824658194,0.0007949095780252494,0.14141458343913635,0.8577905069828384
width_bx,width_h4_bx_p0p08,4,0.08,1.0,0.55,0.002,0.002,middle,120,200,tau_mem,0.00044567608400365553,117.6841388974157,172.80196895928438,0.681034710461803,6.295088811837131e-05,0.0003827251958852842,0.9995543239159963
width_bx,width_h4_bx_p0p08,4,0.08,1.0,0.55,0.002,0.002,late,260,360,tau_out,0.873311444326793,196.56751214967596,303.57198142271426,0.6475153313835047,0.09602154289515215,0.7772899014316408,0.12668855567320703
width_bx,width_h4_bx_p0p08,4,0.08,1.0,0.55,0.002,0.002,late,260,360,tau_mem,0.00872723500172314,128.3502915800092,303.57198142271426,0.42280019051325274,0.005953044909829034,0.002774190091894106,0.9912727649982769
width_bx,width_h5_bx_m0p16,5,-0.16,1.0,0.55,0.002,0.002,early,10,60,tau_out,0.0,nan,59.16193289436125,nan,0.0,0.0,1.0
width_bx,width_h5_bx_m0p16,5,-0.16,1.0,0.55,0.002,0.002,early,10,60,tau_mem,0.0,nan,59.16193289436125,nan,0.0,0.0,1.0
width_bx,width_h5_bx_m0p16,5,-0.16,1.0,0.55,0.002,0.002,middle,120,200,tau_out,0.023899124544802107,160.93433717365482,186.46749209589512,0.8630691353476814,0.000455264992407721,0.023443859552394385,0.9761008754551979
width_bx,width_h5_bx_m0p16,5,-0.16,1.0,0.55,0.002,0.002,middle,120,200,tau_mem,3.974981377920861e-05,117.82568398337055,186.46749209589512,0.6318832449506857,1.2023086815934566e-05,2.7726726963274048e-05,0.9999602501862208
width_bx,width_h5_bx_m0p16,5,-0.16,1.0,0.55,0.002,0.002,late,260,360,tau_out,0.1027546910040686,261.1593563014447,324.76719885409716,0.8041432670014544,0.00986726233280416,0.09288742867126444,0.8972453089959314
width_bx,width_h5_bx_m0p16,5,-0.16,1.0,0.55,0.002,0.002,late,260,360,tau_mem,0.0002165945678339385,159.74828527679108,324.76719885409716,0.4918855285892298,0.00010749909750984969,0.00010909547032408881,0.999783405432166
width_bx,width_h5_bx_m0p12,5,-0.12,1.0,0.55,0.002,0.002,peak1,581,633,tau_out,0.4325409427380442,376.7245135866298,607.0025118090496,0.620630897331673,0.13047499720104136,0.30206594553700283,0.5674590572619558
width_bx,width_h5_bx_m0p12,5,-0.12,1.0,0.55,0.002,0.002,peak1,581,633,tau_mem,0.003492587284930237,158.13554686567207,607.0025118090496,0.2605187685210407,0.0028954326746734906,0.0005971546102567465,0.9965074127150698
width_bx,width_h5_bx_m0p12,5,-0.12,1.0,0.55,0.002,0.002,valley,1382,1434,tau_out,0.9474995670367249,390.7423385819842,1407.9996725818296,0.2775159300040783,0.8238414882957853,0.12365807874093959,0.05250043296327511
width_bx,width_h5_bx_m0p12,5,-0.12,1.0,0.55,0.002,0.002,valley,1382,1434,tau_mem,0.092762852567569,374.4743118835433,1407.9996725818296,0.26596193108260807,0.08720560624222432,0.0055572463253446835,0.907237147432431
width_bx,width_h5_bx_m0p12,5,-0.12,1.0,0.55,0.002,0.002,peak2,1850,1902,tau_out,0.9974586851686632,479.65443973765883,1875.9997333905599,0.2556793752154552,0.9644387559327902,0.03301992923587305,0.002541314831336794
width_bx,width_h5_bx_m0p12,5,-0.12,1.0,0.55,0.002,0.002,peak2,1850,1902,tau_mem,0.07248473960057411,605.3539724208115,1875.9997333905599,0.3226834000273199,0.059278035468798715,0.013206704131775396,0.9275152603994259
width_bx,width_h5_bx_m0p08,5,-0.08,1.0,0.55,0.002,0.002,peak1,414,466,tau_out,0.3918514460971632,318.2444005489608,440.0028946684715,0.7232779702250551,0.05265899038696855,0.3391924557101947,0.6081485539028368
width_bx,width_h5_bx_m0p08,5,-0.08,1.0,0.55,0.002,0.002,peak1,414,466,tau_mem,0.0017215155950882648,165.93498730286768,440.0028946684715,0.37712249013246724,0.001086271486663516,0.0006352441084247486,0.9982784844049117
width_bx,width_h5_bx_m0p08,5,-0.08,1.0,0.55,0.002,0.002,valley,1107,1159,tau_out,0.9885150788549728,337.53598374518396,1132.9951814592087,0.2979147566280592,0.8404477485560025,0.14806733029897035,0.011484921145027194
width_bx,width_h5_bx_m0p08,5,-0.08,1.0,0.55,0.002,0.002,valley,1107,1159,tau_mem,0.1486686425100543,242.86555178148384,1132.9951814592087,0.21435709150032936,0.1452841089518082,0.0033845335582460834,0.8513313574899457
width_bx,width_h5_bx_m0p08,5,-0.08,1.0,0.55,0.002,0.002,peak2,1635,1687,tau_out,0.9999932221014587,392.5646421308008,1661.0004734991965,0.23634228189218556,0.997436081526118,0.002557140575340733,6.777898541310279e-06
width_bx,width_h5_bx_m0p08,5,-0.08,1.0,0.55,0.002,0.002,peak2,1635,1687,tau_mem,0.04822768619009274,489.009838275191,1661.0004734991965,0.29440680245262285,0.03984606453203958,0.00838162165805316,0.9517723138099072
width_bx,width_h5_bx_m0p04,5,-0.04,1.0,0.55,0.002,0.002,early,10,60,tau_out,0.0,nan,59.15809736152495,nan,0.0,0.0,1.0
width_bx,width_h5_bx_m0p04,5,-0.04,1.0,0.55,0.002,0.002,early,10,60,tau_mem,0.0,nan,59.15809736152495,nan,0.0,0.0,1.0
width_bx,width_h5_bx_m0p04,5,-0.04,1.0,0.55,0.002,0.002,middle,120,200,tau_out,0.04387736719789197,156.7452513170158,183.58571530930485,0.8537987340296695,0.000540217137181072,0.04333715006071089,0.9561226328021081
width_bx,width_h5_bx_m0p04,5,-0.04,1.0,0.55,0.002,0.002,middle,120,200,tau_mem,9.791112650482517e-05,123.66477258342809,183.58571530930485,0.6736078151564131,1.9621512787049985e-05,7.828961371777519e-05,0.9999020888734952
width_bx,width_h5_bx_m0p04,5,-0.04,1.0,0.55,0.002,0.002,late,260,360,tau_out,0.2819247738767594,247.35753005141234,313.33731132900584,0.7894289033190995,0.014076969624126523,0.2678478042526329,0.7180752261232406
width_bx,width_h5_bx_m0p04,5,-0.04,1.0,0.55,0.002,0.002,late,260,360,tau_mem,0.0008360279124156239,173.41188878629106,313.33731132900584,0.5534351719901229,0.0002924483905837383,0.0005435795218318856,0.9991639720875843
width_bx,width_h5_bx_p0p00,5,0.0,1.0,0.55,0.002,0.002,early,10,60,tau_out,0.0,nan,59.15627611259997,nan,0.0,0.0,1.0
width_bx,width_h5_bx_p0p00,5,0.0,1.0,0.55,0.002,0.002,early,10,60,tau_mem,0.0,nan,59.15627611259997,nan,0.0,0.0,1.0
width_bx,width_h5_bx_p0p00,5,0.0,1.0,0.55,0.002,0.002,middle,120,200,tau_out,0.05588847141678845,154.28037875686542,181.32171006000294,0.8508654518304013,0.0005385265252779867,0.05534994489151047,0.9441115285832116
width_bx,width_h5_bx_p0p00,5,0.0,1.0,0.55,0.002,0.002,middle,120,200,tau_mem,0.00014226824934668759,123.02823787907842,181.32171006000294,0.6785080387691355,2.4706409466890245e-05,0.00011756183987979734,0.9998577317506533
width_bx,width_h5_bx_p0p00,5,0.0,1.0,0.55,0.002,0.002,late,260,360,tau_out,0.42553094633420324,235.2799673376051,307.71237612811905,0.7646100241338488,0.016239561126934293,0.40929138520726893,0.5744690536657968
width_bx,width_h5_bx_p0p00,5,0.0,1.0,0.55,0.002,0.002,late,260,360,tau_mem,0.0015906898954199194,170.70515264017175,307.71237612811905,0.5547555635821972,0.0005264740141209775,0.001064215881298942,0.9984093101045801
width_bx,width_h5_bx_p0p04,5,0.04,1.0,0.55,0.002,0.002,early,10,60,tau_out,0.0,nan,59.154107419792965,nan,0.0,0.0,1.0
width_bx,width_h5_bx_p0p04,5,0.04,1.0,0.55,0.002,0.002,early,10,60,tau_mem,0.0,nan,59.154107419792965,nan,0.0,0.0,1.0
width_bx,width_h5_bx_p0p04,5,0.04,1.0,0.55,0.002,0.002,middle,120,200,tau_out,0.07286441356087016,150.9632817232371,177.98816699712498,0.8481647081947621,0.0005091507361080093,0.07235526282476215,0.9271355864391299
width_bx,width_h5_bx_p0p04,5,0.04,1.0,0.55,0.002,0.002,middle,120,200,tau_mem,0.00021646277206255617,120.43859903036378,177.98816699712498,0.6766663259828346,3.3417741591886026e-05,0.00018304503047067016,0.9997835372279374
width_bx,width_h5_bx_p0p04,5,0.04,1.0,0.55,0.002,0.002,late,260,360,tau_out,0.6256293677927922,218.75786076222997,304.2908771614083,0.718910349212316,0.029269726174213098,0.5963596416185791,0.3743706322072078
width_bx,width_h5_bx_p0p04,5,0.04,1.0,0.55,0.002,0.002,late,260,360,tau_mem,0.003330844994455027,155.44431153207972,304.2908771614083,0.5108411825623866,0.001494506063538533,0.001836338930916494,0.996669155005545
width_bx,width_h5_bx_p0p08,5,0.08,1.0,0.55,0.002,0.002,early,10,60,tau_out,0.0,nan,59.15154844511757,nan,0.0,0.0,1.0
width_bx,width_h5_bx_p0p08,5,0.08,1.0,0.55,0.002,0.002,early,10,60,tau_mem,0.0,nan,59.15154844511757,nan,0.0,0.0,1.0
width_bx,width_h5_bx_p0p08,5,0.08,1.0,0.55,0.002,0.002,middle,120,200,tau_out,0.09673731532314528,146.57079971719222,173.30011344726108,0.8457628607484832,0.0004540992339310687,0.09628321608921421,0.9032626846768548
width_bx,width_h5_bx_p0p08,5,0.08,1.0,0.55,0.002,0.002,middle,120,200,tau_mem,0.00034353372905584356,115.46295487441597,173.30011344726108,0.6662601228449502,5.301788466894937e-05,0.0002905158443868942,0.9996564662709442
width_bx,width_h5_bx_p0p08,5,0.08,1.0,0.55,0.002,0.002,late,260,360,tau_out,0.8168265639689509,199.689132448044,303.9492142401285,0.6569819005693626,0.07908841078374923,0.7377381531852016,0.18317343603104908
width_bx,width_h5_bx_p0p08,5,0.08,1.0,0.55,0.002,0.002,late,260,360,tau_mem,0.006675007227785074,129.71032515014312,303.9492142401285,0.42674999333167635,0.004513709240111892,0.0021612979876731823,0.993324992772215
